-- Start machine
-- docker run -d --name icewien_mysql -v /abs/path/to/repo/docker:/docker-entrypoint-initdb.d -e MYSQL_ROOT_PASSWORD=admin -e MYSQL_DATABASE=icewien -e MYSQL_USER=icewien -e MYSQL_PASSWORD=icewien mysql
--
-- notes
-- -----
-- SHA-256 instead of md5 for hashing password
USE icewien;

CREATE TABLE parlor (
  parlor_id INTEGER AUTO_INCREMENT,
  name VARCHAR(255),
  latitude VARCHAR(30),
  longitude VARCHAR(30),
  opening_time TIME,
  closing_time TIME,
  street VARCHAR(255),
  street_numb INTEGER,
  zip INTEGER,
  phone VARCHAR(255),
  menu VARCHAR(255) DEFAULT NULL,
  PRIMARY KEY (parlor_id)
);

INSERT INTO `parlor` (`parlor_id`,`name`,`latitude`,`longitude`,`opening_time`,`closing_time`,`street`,`street_numb`,`zip`,`phone`) VALUES (1,'Ligula Foundation','61.10023','124.48696','10:45','18:00','455-4742 Diam Road',124,'1020','01-515-520-7698'),(2,'Ornare In Faucibus Corp.','53.64478','73.18126','10:45','17:45','P.O. Box 266, 6325 Adipiscing, Rd.',439,'1130','01-582-448-2156'),(3,'Risus LLC','-33.87575','108.69888','12:00','17:15','1594 Arcu Ave',121,'1110','01-705-601-6181'),(4,'Ut Sem Corporation','20.26064','-79.88915','10:45','17:45','Ap #290-3119 Nunc Rd.',288,'1090','01-777-379-4749'),(5,'Id Incorporated','-37.99189','130.9954','09:15','16:30','Ap #326-7621 Mauris. Ave',338,'1140','01-998-751-1879'),(6,'Id Magna Associates','-26.10715','-80.21872','12:00','16:15','Ap #916-6593 Sed St.',21,'1230','01-912-935-1226'),(7,'Eget Massa Suspendisse Consulting','-48.69095','51.709','10:15','18:15','P.O. Box 922, 4421 Magnis St.',114,'1070','01-177-982-3123'),(8,'Facilisis Non PC','-82.75111','151.74396','09:00','17:15','Ap #289-652 Tellus. Street',404,'1060','01-968-324-6218'),(9,'Aenean Egestas Institute','48.69437','63.37478','11:15','16:00','P.O. Box 443, 6826 Ac St.',89,'1070','01-142-420-5062'),(10,'Rhoncus Nullam Velit Associates','4.99216','83.06558','10:30','17:15','P.O. Box 662, 2760 Sed St.',301,'1110','01-901-515-9833');
INSERT INTO `parlor` (`parlor_id`,`name`,`latitude`,`longitude`,`opening_time`,`closing_time`,`street`,`street_numb`,`zip`,`phone`) VALUES (11,'Ut Ipsum Ac Foundation','-68.71208','25.60124','09:30','18:15','Ap #227-5379 Leo. Road',90,'1120','01-989-658-3067'),(12,'Libero At Auctor Company','4.25753','62.69224','11:15','19:00','Ap #128-1684 Tempor Ave',302,'1230','01-162-563-8512'),(13,'Mauris Molestie Limited','36.86855','147.68535','09:15','17:15','624-1566 Non, St.',76,'1140','01-650-524-7369'),(14,'Felis Donec Incorporated','-47.45821','39.69917','11:15','18:45','P.O. Box 155, 8261 Eros. St.',313,'1020','01-280-863-6673'),(15,'Adipiscing Institute','69.92133','44.97582','10:30','16:00','P.O. Box 456, 9321 Vestibulum. Ave',457,'1060','01-385-298-5290'),(16,'Libero Mauris Consulting','78.98043','-139.65131','12:00','17:30','P.O. Box 636, 5712 Elementum Street',390,'1020','01-793-394-3604'),(17,'Sed Nulla Associates','68.00293','52.00817','11:00','18:30','3922 Nunc Rd.',396,'1100','01-322-236-0985'),(18,'Donec Associates','-76.72963','66.03321','12:00','16:00','Ap #769-8746 Varius Av.',356,'1200','01-547-693-7142'),(19,'Ut Odio Vel LLC','5.67633','151.29969','12:00','17:30','658-8481 Nisl Ave',462,'1010','01-107-510-1415'),(20,'Turpis Institute','2.24388','-9.90856','09:15','19:00','P.O. Box 680, 3737 Posuere Av.',276,'1100','01-396-920-9306');
INSERT INTO `parlor` (`parlor_id`,`name`,`latitude`,`longitude`,`opening_time`,`closing_time`,`street`,`street_numb`,`zip`,`phone`) VALUES (21,'Diam Inc.','58.23645','-98.19049','10:45','16:15','P.O. Box 748, 6281 Sit St.',221,'1150','01-460-919-3156'),(22,'Mus Corp.','68.0647','134.97938','11:00','18:15','P.O. Box 918, 3619 Semper Av.',474,'1050','01-557-659-9056'),(23,'A Ultricies LLC','77.72643','-145.13232','10:30','17:15','953-572 Consequat Street',327,'1060','01-354-329-1743'),(24,'Molestie Tortor LLP','65.7011','-5.93847','10:15','16:30','P.O. Box 284, 2393 Eu, Avenue',438,'1130','01-199-326-8378'),(25,'Dui In Sodales Ltd','-7.59441','13.81682','11:30','19:00','680-6319 At, Rd.',445,'1190','01-985-992-5885'),(26,'In Ornare Consulting','-44.22289','-119.13133','09:00','18:30','699 Eu, Rd.',247,'1110','01-798-995-5553'),(27,'Nunc Sed Orci Incorporated','-42.04149','-15.29977','09:00','18:15','239 Sed Road',439,'1010','01-859-217-9093'),(28,'Quis Limited','-28.92677','153.65638','11:45','16:15','P.O. Box 854, 6229 Maecenas Av.',255,'1020','01-681-781-6168'),(29,'Iaculis Corporation','33.68734','153.06007','11:45','17:30','912-5580 Adipiscing Rd.',341,'1110','01-989-558-6041'),(30,'Semper Dui Consulting','58.83674','-87.40391','10:15','18:00','893-1265 Class Ave',462,'1210','01-266-288-7111');
INSERT INTO `parlor` (`parlor_id`,`name`,`latitude`,`longitude`,`opening_time`,`closing_time`,`street`,`street_numb`,`zip`,`phone`) VALUES (31,'Amet Dapibus Id Corp.','-74.15301','124.78469','12:00','17:45','681 Facilisis Rd.',478,'1170','01-536-934-4309'),(32,'Orci Quis LLC','5.29448','-101.86805','11:30','17:45','P.O. Box 993, 6140 Congue Av.',497,'1110','01-954-247-0322'),(33,'Nullam Corporation','15.32486','-92.55295','10:45','16:15','223-8623 Dis Av.',392,'1140','01-993-405-4573'),(34,'Augue Inc.','10.35713','117.08603','09:15','16:00','P.O. Box 120, 3281 Augue Avenue',186,'1230','01-303-384-3651'),(35,'Sed LLC','72.85044','173.82396','09:15','16:30','Ap #606-1879 Mauris. Ave',177,'1120','01-368-836-4323'),(36,'Gravida Industries','36.20121','39.58529','11:30','18:45','9630 Tempus Rd.',329,'1200','01-150-454-6540'),(37,'Feugiat Nec Company','-22.42272','-122.06863','12:00','17:30','Ap #440-6997 Et Avenue',29,'1130','01-630-141-2804'),(38,'At Limited','61.38743','-24.0994','11:00','17:00','3318 Vitae Rd.',446,'1060','01-197-785-4743'),(39,'Natoque Penatibus Ltd','1.91066','24.78886','09:00','19:00','729 Phasellus Street',57,'1210','01-612-470-0962'),(40,'Tellus Eu Consulting','-39.45693','-81.92126','10:45','17:45','1255 Iaculis Av.',467,'1200','01-862-838-4275');
INSERT INTO `parlor` (`parlor_id`,`name`,`latitude`,`longitude`,`opening_time`,`closing_time`,`street`,`street_numb`,`zip`,`phone`) VALUES (41,'Molestie Dapibus Institute','-8.24672','-162.31081','09:00','16:30','4104 Mauris Road',490,'1060','01-934-894-0305'),(42,'Hendrerit A Company','10.96739','175.83593','09:15','18:30','347-2484 Integer St.',490,'1220','01-394-255-2904'),(43,'Nec Diam Duis Inc.','9.99832','-71.64714','12:00','16:00','Ap #724-7408 Lorem, Av.',21,'1010','01-159-864-2372'),(44,'Phasellus Institute','68.48549','-161.79005','09:15','16:00','382-2545 Nam Av.',422,'1190','01-129-955-7611'),(45,'Auctor PC','36.59135','101.66033','10:30','19:00','Ap #989-4059 Sed Rd.',54,'1080','01-585-349-3602'),(46,'Id PC','-53.10018','-4.52117','10:15','16:15','8860 Sit Av.',124,'1120','01-943-537-7957'),(47,'Mollis Corporation','-61.18278','95.37676','10:45','19:00','961-7004 Erat St.',232,'1230','01-649-505-9919'),(48,'Sapien LLC','22.76298','115.65009','11:00','18:45','329-2138 Lacus Street',289,'1160','01-394-143-3137'),(49,'Quam PC','-87.3488','60.54883','09:45','16:15','705-4705 Ornare, Av.',94,'1040','01-494-168-7003'),(50,'Nulla Magna Malesuada Corp.','-25.11606','165.27296','12:00','18:15','P.O. Box 101, 6528 Donec Rd.',457,'1010','01-871-766-2036');
INSERT INTO `parlor` (`parlor_id`,`name`,`latitude`,`longitude`,`opening_time`,`closing_time`,`street`,`street_numb`,`zip`,`phone`) VALUES (51,'Facilisis Industries','7.80138','-79.88614','12:00','17:00','P.O. Box 339, 8345 Semper. St.',207,'1100','01-134-752-7807'),(52,'Nec Leo Morbi PC','31.38901','85.71101','11:00','17:15','Ap #239-8479 Cursus Rd.',410,'1230','01-325-502-1485'),(53,'Pellentesque Sed Corporation','84.89822','175.1457','10:15','18:30','2758 Nunc Rd.',484,'1060','01-995-526-5367'),(54,'Congue Elit Institute','-67.03758','-75.59914','09:15','17:45','3665 Semper St.',35,'1110','01-228-830-7121'),(55,'Duis Dignissim Consulting','26.15848','-14.19193','10:00','16:15','Ap #275-1200 Suscipit Rd.',464,'1110','01-902-391-9212'),(56,'Aliquet Lobortis Foundation','47.58576','-161.92766','09:30','19:00','Ap #670-6325 Sit Road',448,'1080','01-373-743-7763'),(57,'Parturient Montes Nascetur Corp.','48.36362','-15.37033','09:15','19:00','118-6280 Amet Ave',314,'1110','01-771-291-2905'),(58,'Dictum Associates','-32.15591','-51.62974','11:45','18:15','269-4248 Arcu. Road',94,'1140','01-861-248-9521'),(59,'Mollis LLC','-7.27188','-153.56248','09:45','18:00','7207 Rutrum Ave',10,'1190','01-771-325-5453'),(60,'Commodo Tincidunt LLP','-34.82822','75.90204','11:30','17:00','P.O. Box 561, 8431 Ultrices. Rd.',380,'1080','01-423-258-2026');
INSERT INTO `parlor` (`parlor_id`,`name`,`latitude`,`longitude`,`opening_time`,`closing_time`,`street`,`street_numb`,`zip`,`phone`) VALUES (61,'Lobortis Quis Pede Ltd','-52.02989','157.40972','09:45','18:45','316-7781 Praesent Avenue',67,'1210','01-983-665-7917'),(62,'Arcu Corporation','73.02883','139.43448','11:00','18:00','P.O. Box 251, 4773 Convallis Street',462,'1180','01-586-830-0101'),(63,'Blandit Nam Company','-77.61834','-170.45921','11:45','19:00','P.O. Box 924, 697 Dictum Ave',402,'1020','01-486-863-2453'),(64,'Hymenaeos Mauris Foundation','-20.5384','65.10975','11:45','18:30','P.O. Box 442, 1944 Fusce Rd.',184,'1020','01-871-373-4059'),(65,'Non Dui Nec Incorporated','-34.84496','-84.07875','11:45','17:15','P.O. Box 405, 3706 Euismod Avenue',329,'1110','01-522-737-5941'),(66,'Malesuada Integer Company','-78.0698','-53.435','10:30','16:45','8065 Risus Rd.',336,'1180','01-236-232-0043'),(67,'Porttitor Corp.','-39.12587','156.63178','11:45','16:30','936-1285 Vitae St.',172,'1110','01-915-665-5903'),(68,'Vel Vulputate Corporation','31.55544','66.58032','11:30','16:15','Ap #939-2220 Nonummy Road',337,'1060','01-467-145-3061'),(69,'Vel Inc.','-3.16055','37.32809','11:30','17:00','9661 Donec Rd.',389,'1130','01-126-450-9881'),(70,'Placerat Eget Venenatis Corporation','57.2763','-51.41513','11:15','18:45','570-9936 Rutrum Rd.',33,'1210','01-532-693-6978');
INSERT INTO `parlor` (`parlor_id`,`name`,`latitude`,`longitude`,`opening_time`,`closing_time`,`street`,`street_numb`,`zip`,`phone`) VALUES (71,'Tristique Aliquet LLC','86.43888','16.0856','10:30','16:30','469-8943 Magnis Rd.',329,'1040','01-243-796-9936'),(72,'Sed Dolor Ltd','-85.48544','103.99964','11:30','18:30','P.O. Box 366, 7416 Gravida St.',97,'1220','01-322-149-4532'),(73,'Dis Industries','18.71605','-132.72162','11:45','17:45','P.O. Box 411, 2267 Felis Road',218,'1100','01-293-849-1381'),(74,'Eu Eros Inc.','-28.97892','107.83337','09:00','18:30','762-8555 Magna. St.',395,'1180','01-689-193-9481'),(75,'Dui Quis Incorporated','-33.64901','-70.28939','09:45','18:30','843-9637 Aliquam Rd.',26,'1060','01-970-684-3877'),(76,'Nisi Aenean Eget PC','12.42665','174.75584','10:45','18:00','Ap #352-1919 Nullam Av.',40,'1090','01-304-607-0132'),(77,'Suspendisse Consulting','69.81743','-11.51346','09:30','18:30','P.O. Box 782, 1975 Adipiscing Road',108,'1010','01-270-923-2111'),(78,'Tellus Phasellus Elit Limited','-71.56992','-68.99013','11:45','16:00','P.O. Box 907, 3399 Sapien, Ave',32,'1180','01-405-714-4080'),(79,'Mi Pede Foundation','-31.15551','148.77608','09:30','18:30','783-240 At Street',120,'1210','01-595-221-3705'),(80,'Arcu Vestibulum Ante Limited','57.09774','117.13596','11:30','17:45','540-8283 Ut, Street',58,'1130','01-163-276-2996');
INSERT INTO `parlor` (`parlor_id`,`name`,`latitude`,`longitude`,`opening_time`,`closing_time`,`street`,`street_numb`,`zip`,`phone`) VALUES (81,'Ipsum Sodales Associates','-18.09265','66.98496','12:00','17:00','P.O. Box 269, 2037 Nulla. St.',170,'1150','01-177-722-2374'),(82,'Nec Institute','-76.1219','-172.90809','11:30','18:15','4434 Blandit St.',325,'1220','01-604-350-1064'),(83,'Phasellus In Corporation','31.33796','168.70569','10:00','16:15','P.O. Box 899, 2590 Adipiscing, Rd.',326,'1030','01-855-895-6078'),(84,'Ullamcorper Nisl PC','22.9478','-105.95929','12:00','18:00','P.O. Box 429, 7969 Mollis. Ave',316,'1080','01-476-666-8572'),(85,'Fringilla Porttitor Vulputate Consulting','31.11585','46.87926','09:30','18:15','679-7363 Elit, Av.',12,'1030','01-922-109-5747'),(86,'Sem Incorporated','66.83338','159.81464','09:45','17:15','Ap #988-3814 Mus. Ave',207,'1040','01-550-240-8944'),(87,'Sed Corp.','-73.86704','-64.50791','11:00','16:45','Ap #737-1306 Auctor Av.',148,'1060','01-195-326-2831'),(88,'Vitae Corporation','-59.90913','27.03173','12:00','17:45','Ap #993-9128 Malesuada St.',92,'1090','01-132-301-9515'),(89,'A Inc.','68.55478','-86.2533','10:00','17:45','656-8360 Varius Avenue',172,'1160','01-787-153-7714'),(90,'Velit Egestas Lacinia Inc.','-71.17277','161.6897','11:30','16:30','561-1644 Velit Av.',364,'1110','01-269-613-8271');
INSERT INTO `parlor` (`parlor_id`,`name`,`latitude`,`longitude`,`opening_time`,`closing_time`,`street`,`street_numb`,`zip`,`phone`) VALUES (91,'Ac Turpis Limited','22.12316','151.30593','09:15','16:00','7700 Vivamus St.',207,'1040','01-419-323-3144'),(92,'Vitae Company','-16.56767','-120.39485','11:00','17:45','Ap #670-283 Ipsum. Street',81,'1100','01-190-518-0959'),(93,'Auctor Velit Aliquam Limited','9.56322','-50.50262','11:15','18:00','365-1153 Vel Ave',393,'1200','01-739-131-3887'),(94,'Sed Sem Inc.','14.74657','-141.52401','11:30','17:45','Ap #730-2274 Commodo Street',417,'1150','01-654-385-4976'),(95,'Mus Proin Corp.','-56.73172','-123.52765','09:30','18:45','Ap #902-7119 Fermentum St.',219,'1050','01-951-705-3914'),(96,'Fusce Diam Ltd','51.79437','161.27975','09:45','17:30','Ap #885-4970 Integer Av.',161,'1080','01-684-377-9455'),(97,'Ligula Institute','34.80477','-15.96509','10:30','16:00','Ap #161-5356 Nisi Ave',292,'1210','01-833-743-9566'),(98,'Lorem LLP','-6.20023','31.47476','11:30','18:30','P.O. Box 797, 5742 Hendrerit Road',109,'1220','01-630-286-9040'),(99,'Ante Iaculis Corp.','-18.43224','-25.7944','11:00','18:30','764-561 Maecenas Road',14,'1110','01-128-683-1815'),(100,'Augue Ac Ipsum LLP','-89.47067','-57.39975','09:00','16:45','7547 Velit Rd.',500,'1190','01-759-707-0765');
INSERT INTO `parlor` (`parlor_id`,`name`,`latitude`,`longitude`,`opening_time`,`closing_time`,`street`,`street_numb`,`zip`,`phone`) VALUES (101,'Mauris Associates','-71.35126','-123.17715','09:45','19:00','1563 Elementum St.',397,'1190','01-176-714-0459'),(102,'In Faucibus Inc.','-66.00239','134.16639','09:30','18:00','P.O. Box 883, 693 Neque Rd.',26,'1210','01-930-481-7984'),(103,'Sed Institute','-36.69155','21.52921','10:15','18:30','6435 Mauris Ave',267,'1060','01-762-762-7930'),(104,'Diam Proin Dolor Institute','-75.55911','-62.61014','12:00','17:45','P.O. Box 233, 4966 Nec, St.',475,'1030','01-408-639-6864'),(105,'Sed Malesuada Augue Foundation','-68.97109','27.74136','11:45','18:30','Ap #677-5248 Adipiscing Rd.',357,'1130','01-183-911-6940'),(106,'Dui Institute','16.00648','102.62503','09:45','18:45','Ap #396-8078 Sem Rd.',182,'1210','01-514-216-6410'),(107,'Eu Elit Industries','89.78751','54.47985','10:45','18:00','Ap #590-8303 Turpis Ave',475,'1050','01-681-473-0868'),(108,'Egestas Blandit PC','-3.25324','142.41489','12:00','17:30','776-1451 Ultrices. St.',413,'1040','01-260-723-5905'),(109,'Molestie Incorporated','-69.85678','13.63487','11:15','17:30','Ap #957-5514 Lorem Road',419,'1090','01-417-620-6216'),(110,'Vivamus Molestie Company','-66.81832','-66.45557','09:00','17:45','P.O. Box 631, 8450 Pede. Rd.',431,'1020','01-448-634-9328');
INSERT INTO `parlor` (`parlor_id`,`name`,`latitude`,`longitude`,`opening_time`,`closing_time`,`street`,`street_numb`,`zip`,`phone`) VALUES (111,'Convallis Company','70.29707','43.08609','09:30','16:45','Ap #972-3271 Phasellus St.',61,'1150','01-458-761-2769'),(112,'Donec Felis Associates','80.03048','-150.84592','12:00','17:00','P.O. Box 347, 5787 Rhoncus. Rd.',493,'1180','01-717-734-8117'),(113,'Quis Accumsan Associates','23.97966','56.75247','11:30','17:30','1620 Lectus St.',398,'1170','01-190-251-0455'),(114,'Ligula Consectetuer Corporation','-12.38998','142.32327','10:15','17:45','P.O. Box 688, 6946 Ac Ave',4,'1120','01-755-631-8712'),(115,'Sit Amet Ltd','-59.15757','6.73948','12:00','17:00','907 Nibh. Av.',62,'1140','01-878-424-5361'),(116,'Sed Pede Cum PC','79.22255','-122.90504','10:00','19:00','Ap #234-6953 Eu, Avenue',367,'1050','01-574-906-7695'),(117,'Sed Congue Foundation','-79.96158','37.60059','11:45','17:30','Ap #320-6756 Egestas. St.',48,'1160','01-109-935-2891'),(118,'Suscipit Est Foundation','-78.09345','3.87401','11:30','18:30','149-4053 Nec, Street',430,'1160','01-246-970-2335'),(119,'Porttitor Tellus LLP','62.94177','-172.42741','12:00','18:15','Ap #517-3915 Amet Rd.',228,'1150','01-105-245-4065'),(120,'Libero LLP','-5.22045','178.30024','09:30','17:30','P.O. Box 190, 7111 Eget Avenue',116,'1180','01-482-422-9446');
INSERT INTO `parlor` (`parlor_id`,`name`,`latitude`,`longitude`,`opening_time`,`closing_time`,`street`,`street_numb`,`zip`,`phone`) VALUES (121,'Congue Limited','11.01298','4.19183','09:15','16:15','Ap #951-9694 Fermentum St.',461,'1100','01-858-351-9919'),(122,'Mollis Dui In Incorporated','29.20989','54.74997','11:00','17:30','P.O. Box 348, 9605 Mus. St.',260,'1030','01-685-175-2016'),(123,'Mi LLC','-10.44003','-55.50967','10:30','17:45','598-5066 Ultricies Av.',145,'1160','01-896-217-1340'),(124,'Consectetuer Mauris Id Associates','-3.74009','135.32899','10:30','16:45','Ap #284-9390 Massa. Rd.',304,'1110','01-183-365-6979'),(125,'Fusce Dolor LLC','-73.13246','97.2174','11:30','17:00','3812 Mattis Rd.',298,'1040','01-109-118-5492'),(126,'Pede Cum Sociis Limited','25.21342','-163.50777','09:00','16:15','P.O. Box 319, 1374 Nunc St.',31,'1180','01-820-668-0346'),(127,'Vel Institute','19.82286','7.63759','11:45','17:45','Ap #236-1910 Venenatis St.',222,'1050','01-403-965-8167'),(128,'Aliquam Eros Foundation','50.31656','31.85855','10:00','18:45','Ap #343-7987 Ultricies Rd.',298,'1160','01-879-617-0608'),(129,'Auctor Industries','41.38947','120.96402','10:15','17:00','5728 Eu St.',296,'1120','01-184-608-9956'),(130,'At Pretium Industries','12.87942','-50.64818','09:45','16:30','8865 At, Street',13,'1070','01-110-860-7463');
INSERT INTO `parlor` (`parlor_id`,`name`,`latitude`,`longitude`,`opening_time`,`closing_time`,`street`,`street_numb`,`zip`,`phone`) VALUES (131,'Lacus Cras Interdum Corp.','-58.80719','-153.90906','10:45','17:00','2929 Id, St.',30,'1100','01-370-568-1489'),(132,'Orci Phasellus Dapibus Industries','80.04223','118.52251','09:00','18:00','Ap #237-8653 Quis, Street',166,'1010','01-192-310-6441'),(133,'Scelerisque Mollis Inc.','-85.56355','-149.04254','09:30','18:15','Ap #368-7882 Lectus Rd.',418,'1230','01-984-852-2671'),(134,'Ut Tincidunt Vehicula Foundation','-62.59178','91.58899','10:15','18:45','Ap #404-3412 Non Rd.',254,'1210','01-346-698-5793'),(135,'Ac Corp.','52.58354','149.04703','09:15','16:15','9584 Nibh. Ave',355,'1050','01-822-942-3722'),(136,'Mus Aenean Eget Consulting','-28.09703','-146.33966','10:15','16:45','Ap #627-8864 Amet Rd.',196,'1060','01-882-643-0105'),(137,'Est Company','74.26162','-62.29389','10:00','17:00','649-4994 Feugiat. Road',260,'1170','01-302-470-7802'),(138,'Venenatis Vel Corporation','-78.43713','-70.64895','10:45','16:45','Ap #275-9641 Sed St.',117,'1110','01-979-815-5262'),(139,'Dui Semper Corporation','-24.42037','-90.37426','09:45','16:45','7583 Egestas Street',408,'1080','01-153-227-4725'),(140,'Eu Limited','-44.05476','-40.09549','11:30','17:45','P.O. Box 320, 6982 Dui. St.',96,'1120','01-897-404-4937');
INSERT INTO `parlor` (`parlor_id`,`name`,`latitude`,`longitude`,`opening_time`,`closing_time`,`street`,`street_numb`,`zip`,`phone`) VALUES (141,'Fermentum Convallis Ligula Consulting','34.94036','-49.61051','10:00','17:00','P.O. Box 973, 6768 Aliquam Road',23,'1060','01-855-692-5368'),(142,'In Company','-18.16015','-30.15486','10:45','16:15','8929 Nam Avenue',247,'1120','01-134-655-7989'),(143,'Ad Litora Torquent Associates','-4.07357','163.23113','12:00','19:00','192-1372 Eu, Road',292,'1130','01-878-101-2996'),(144,'Et Tristique Inc.','32.96066','45.64741','11:45','16:30','422 Est Rd.',456,'1090','01-197-989-3254'),(145,'Tellus Imperdiet Non Industries','1.73081','-54.54235','10:45','16:15','Ap #853-2139 Mauris St.',68,'1080','01-486-446-4758'),(146,'Donec Tempor Est Limited','10.41412','119.06523','09:00','16:45','P.O. Box 647, 4749 Nulla Avenue',256,'1120','01-923-564-7879'),(147,'At Nisi Cum Corp.','62.59896','-170.31167','09:45','17:45','6258 Eros St.',456,'1080','01-984-726-6482'),(148,'Vitae Mauris Sit LLP','32.50889','-115.48322','12:00','17:45','5869 Eu, St.',243,'1180','01-232-946-8933'),(149,'Quisque Imperdiet LLC','31.63985','-167.59144','11:45','18:30','9142 Orci Avenue',412,'1120','01-507-971-6031'),(150,'Fermentum Ltd','-15.6193','-63.05246','11:00','18:15','Ap #965-7969 Ipsum St.',201,'1130','01-666-864-2835');
INSERT INTO `parlor` (`parlor_id`,`name`,`latitude`,`longitude`,`opening_time`,`closing_time`,`street`,`street_numb`,`zip`,`phone`) VALUES (151,'Aliquet LLC','68.11686','68.79068','10:30','17:45','Ap #143-6446 Faucibus Avenue',254,'1090','01-914-171-1629'),(152,'Ut Odio Corporation','-84.24149','-61.04728','10:15','18:15','P.O. Box 771, 9530 Et St.',491,'1140','01-637-472-2799'),(153,'Risus Donec Consulting','-77.97285','-173.05885','11:30','18:00','959-5340 Laoreet St.',215,'1150','01-122-690-6349'),(154,'Semper Institute','-32.15256','-28.21322','11:30','18:30','P.O. Box 545, 6108 Odio, Rd.',438,'1010','01-686-809-5119'),(155,'Sed Id Corporation','21.33039','14.1336','09:15','16:15','Ap #513-676 In Avenue',195,'1200','01-672-354-1073'),(156,'Enim LLC','-60.79417','96.65412','10:15','16:00','Ap #377-6459 Enim. Road',296,'1090','01-986-390-0030'),(157,'Dui Corp.','-78.20914','92.67968','09:15','16:30','420-1657 Vitae Road',276,'1100','01-534-751-4007'),(158,'Suspendisse Sagittis Incorporated','1.75274','112.03701','11:45','17:45','Ap #531-1917 Nec Rd.',447,'1190','01-438-636-7956'),(159,'Donec Nibh Institute','-57.61249','-136.29677','10:45','16:00','757 Lacus. Av.',364,'1130','01-186-145-0596'),(160,'Dui Cum Sociis Corporation','0.98119','36.72982','10:00','17:30','808-3397 Quisque St.',463,'1220','01-898-798-8996');
INSERT INTO `parlor` (`parlor_id`,`name`,`latitude`,`longitude`,`opening_time`,`closing_time`,`street`,`street_numb`,`zip`,`phone`) VALUES (161,'Neque Foundation','-39.02593','-33.7942','09:30','18:45','1279 Mollis Street',176,'1130','01-476-493-0201'),(162,'Lacinia Vitae Sodales LLC','-16.55988','-119.6133','11:15','17:30','187-715 Eleifend Road',157,'1130','01-490-841-2334'),(163,'Adipiscing Industries','-85.39563','152.9024','09:30','16:00','452-9965 Luctus Ave',392,'1160','01-848-701-2828'),(164,'Per LLC','-26.65413','19.63065','09:45','17:30','P.O. Box 306, 6358 Non, Ave',464,'1110','01-730-116-4076'),(165,'Augue Company','3.13631','90.02718','09:30','17:00','916-2064 Nec Rd.',208,'1150','01-171-237-3675'),(166,'At Pede Industries','12.73927','-151.36252','10:15','17:15','9584 Sed Rd.',341,'1220','01-821-613-9070'),(167,'Amet LLC','-72.17486','-38.96943','12:00','16:30','Ap #261-1312 Tellus Avenue',418,'1140','01-162-227-7514'),(168,'Nibh LLC','34.50888','4.30011','09:45','18:00','6403 Ante. Rd.',436,'1080','01-726-716-5563'),(169,'Magna Lorem Ipsum Consulting','-43.00324','90.36983','09:30','18:15','P.O. Box 801, 4043 Feugiat Rd.',275,'1190','01-597-809-3050'),(170,'Justo Faucibus Lectus Associates','10.74926','10.4614','10:00','16:30','378-3454 Phasellus St.',175,'1200','01-220-945-3390');
INSERT INTO `parlor` (`parlor_id`,`name`,`latitude`,`longitude`,`opening_time`,`closing_time`,`street`,`street_numb`,`zip`,`phone`) VALUES (171,'Gravida Industries','14.54385','-46.93155','10:00','17:15','225-2224 Sit Avenue',443,'1220','01-223-941-6446'),(172,'Nonummy Ipsum Non Incorporated','8.8613','-176.1166','10:15','16:00','556-5556 Tristique Avenue',131,'1060','01-327-130-4746'),(173,'At Inc.','-5.00096','52.76716','11:00','18:45','P.O. Box 699, 6667 Tellus. Rd.',268,'1110','01-961-318-7452'),(174,'Lorem Corp.','42.19723','-88.31458','09:15','19:00','P.O. Box 983, 1728 Eu St.',412,'1220','01-833-524-1995'),(175,'Libero Integer In PC','37.82027','-15.55398','09:00','17:00','Ap #242-8796 Dui. Rd.',248,'1230','01-713-244-0504'),(176,'Cursus Ltd','0.37487','-72.97469','10:45','19:00','670-9498 Aliquet Street',332,'1140','01-222-334-4670'),(177,'Ultrices Institute','18.47049','-125.52132','09:00','17:00','Ap #431-9351 Scelerisque Rd.',191,'1030','01-662-970-5870'),(178,'Quisque Fringilla Euismod LLC','20.35551','-140.1842','10:15','18:45','Ap #125-6902 Sapien St.',366,'1210','01-779-337-0107'),(179,'Nec Malesuada Ut LLP','-33.72904','-95.52427','11:45','18:15','4794 Lectus Rd.',23,'1060','01-574-956-6439'),(180,'Eget Mollis Lectus Ltd','-64.55356','45.6635','09:30','18:45','8871 Nisl Avenue',38,'1180','01-523-992-8758');
INSERT INTO `parlor` (`parlor_id`,`name`,`latitude`,`longitude`,`opening_time`,`closing_time`,`street`,`street_numb`,`zip`,`phone`) VALUES (181,'Felis Donec Tempor Limited','58.10041','163.39111','12:00','16:15','915-5006 Vel Road',313,'1200','01-440-844-2727'),(182,'Orci Quis Lectus Foundation','4.05665','3.08349','12:00','16:00','Ap #350-3859 Sodales St.',454,'1070','01-241-701-7556'),(183,'A Facilisis Corp.','5.73135','-76.94766','11:15','17:00','8530 Eu Street',97,'1050','01-665-498-4720'),(184,'Quam Vel Sapien Corp.','1.35171','152.77792','11:00','17:15','Ap #782-3700 Morbi Av.',232,'1210','01-280-441-1144'),(185,'Morbi Tristique Senectus Limited','-60.22941','-7.64664','09:30','17:30','P.O. Box 828, 860 Nec, Avenue',235,'1230','01-312-973-1258'),(186,'In Felis Nulla Company','53.87771','76.28974','10:15','16:45','Ap #907-8855 Varius Road',337,'1080','01-370-192-3046'),(187,'Tortor Nibh Sit Inc.','-82.0044','-109.44358','09:30','16:00','4881 Velit. St.',297,'1020','01-602-463-2150'),(188,'Donec Limited','85.98992','-148.93135','11:45','17:15','Ap #141-4488 Luctus Ave',417,'1200','01-335-891-0830'),(189,'Consequat Dolor Corporation','17.24026','-108.12713','09:15','18:00','966-6388 Eu, Av.',208,'1010','01-472-533-3448'),(190,'Suspendisse Non Leo Consulting','-17.58256','16.21599','10:00','17:00','4106 Quam St.',255,'1100','01-748-574-8688');
INSERT INTO `parlor` (`parlor_id`,`name`,`latitude`,`longitude`,`opening_time`,`closing_time`,`street`,`street_numb`,`zip`,`phone`) VALUES (191,'Mollis Limited','71.86401','27.84077','09:00','16:30','Ap #668-2205 Sit Av.',185,'1170','01-315-635-4028'),(192,'Sed PC','52.8735','-58.19252','09:30','16:00','Ap #753-7549 Lacinia St.',171,'1110','01-725-357-9902'),(193,'Ante Iaculis Industries','-54.67283','-58.94464','09:00','16:00','369-8506 A, Street',154,'1200','01-723-279-3099'),(194,'Feugiat Nec Consulting','62.93705','-113.18475','09:15','16:30','115-3474 Aliquam Ave',390,'1150','01-189-198-4645'),(195,'Risus Morbi Metus Associates','-63.51283','-83.39613','10:15','17:45','P.O. Box 886, 7592 Bibendum Ave',266,'1220','01-305-372-8074'),(196,'Nam Consequat Dolor LLC','-71.32538','-118.37991','10:30','17:30','Ap #327-8301 Nulla. Ave',390,'1160','01-255-330-7293'),(197,'Vel Convallis Inc.','69.92606','160.85939','11:15','17:45','878-8701 Sit Rd.',398,'1140','01-380-932-9885'),(198,'Quis Accumsan Convallis Limited','-31.62087','165.23315','09:30','18:45','2701 Enim. Rd.',211,'1180','01-874-963-9747'),(199,'Facilisis Magna Associates','-3.56536','62.41383','10:30','17:45','Ap #265-8287 Netus Av.',429,'1010','01-648-586-9173'),(200,'Aliquet Corp.','-46.22324','165.50162','09:15','16:15','9787 Sociis Rd.',207,'1180','01-186-122-3495');
INSERT INTO `parlor` (`parlor_id`,`name`,`latitude`,`longitude`,`opening_time`,`closing_time`,`street`,`street_numb`,`zip`,`phone`) VALUES (201,'Id Consulting','71.40383','-166.82148','11:30','16:00','P.O. Box 551, 8978 Imperdiet, St.',228,'1080','01-523-818-0942'),(202,'Nullam Suscipit Industries','67.86475','-7.7471','11:45','19:00','P.O. Box 426, 603 Vivamus Road',56,'1160','01-152-219-1867'),(203,'Dictum Associates','81.55089','173.96506','09:15','17:45','4614 Orci. Road',312,'1110','01-171-821-5907'),(204,'Lacinia At Iaculis Associates','-40.77081','-172.04796','11:30','18:30','Ap #123-7631 Elit Avenue',146,'1100','01-369-571-7365'),(205,'In Consectetuer Ipsum Inc.','-45.37816','56.28441','11:45','18:15','430-8116 Mi, Ave',417,'1210','01-573-293-8134'),(206,'Eros Non Ltd','-43.24742','-151.96667','09:00','19:00','487-4935 Interdum. St.',364,'1120','01-170-643-4547'),(207,'Adipiscing Elit Limited','48.33767','-33.1016','11:15','16:30','2210 Ipsum. Rd.',396,'1220','01-315-636-9764'),(208,'Vivamus Non Corporation','82.58838','-101.63514','10:15','18:15','P.O. Box 971, 7646 Hendrerit Avenue',38,'1140','01-380-665-4994'),(209,'Sit PC','52.62525','145.58317','11:00','17:00','Ap #724-3216 Egestas St.',27,'1120','01-716-905-1076'),(210,'Rutrum Fusce Corporation','48.68378','102.26251','10:15','17:00','P.O. Box 204, 6649 Rhoncus Ave',93,'1150','01-934-472-1048');
INSERT INTO `parlor` (`parlor_id`,`name`,`latitude`,`longitude`,`opening_time`,`closing_time`,`street`,`street_numb`,`zip`,`phone`) VALUES (211,'Sem Institute','53.38649','-139.87807','09:00','16:00','477 In Street',75,'1010','01-579-814-9986'),(212,'Ipsum Incorporated','-43.54215','6.01814','11:30','18:45','7145 Sagittis Rd.',461,'1190','01-621-473-6938'),(213,'Dictum Institute','-44.13514','9.33763','09:00','18:45','6045 Massa. Street',187,'1100','01-280-559-4656'),(214,'Lobortis LLC','45.19229','-137.58961','09:00','18:45','Ap #255-4261 Sem Rd.',102,'1190','01-337-562-5221'),(215,'Ut Nulla Corp.','6.6288','-60.26963','10:15','16:00','769 Sed Rd.',313,'1030','01-695-869-9301'),(216,'Mauris LLC','42.72862','-31.39922','09:30','18:00','8454 Consectetuer Road',328,'1020','01-595-225-1174'),(217,'Fringilla Corp.','21.4829','32.49485','11:30','16:45','9168 Lorem Rd.',158,'1180','01-428-688-9510'),(218,'In At Pede Industries','54.04323','112.35515','10:45','18:15','Ap #654-9277 Laoreet Rd.',342,'1060','01-236-884-2899'),(219,'Neque Venenatis LLP','49.64642','150.57346','11:00','19:00','Ap #995-6387 Mi. Road',158,'1070','01-796-364-4278'),(220,'Nunc Ac Limited','-57.70186','-154.02493','10:15','17:00','6259 Per Avenue',167,'1090','01-736-467-3685');
INSERT INTO `parlor` (`parlor_id`,`name`,`latitude`,`longitude`,`opening_time`,`closing_time`,`street`,`street_numb`,`zip`,`phone`) VALUES (221,'Aliquam Rutrum Lorem Consulting','85.21589','-159.87137','11:45','16:30','Ap #324-3859 Sem. St.',334,'1100','01-157-287-7862'),(222,'Fermentum Fermentum Arcu Consulting','77.43695','76.05463','11:45','17:00','911-265 Sit St.',215,'1220','01-632-830-6299'),(223,'Ante Dictum Limited','86.23469','-120.54646','10:15','16:30','422-6867 Eget, Rd.',286,'1070','01-612-471-2025'),(224,'Dui LLP','10.79162','3.08976','09:00','17:15','P.O. Box 398, 3126 Metus. Av.',480,'1220','01-996-829-5210'),(225,'Turpis LLP','61.71471','-82.49356','09:15','17:00','502-8867 Libero Rd.',166,'1070','01-161-632-2379'),(226,'Neque Nullam Associates','-50.88581','-120.25548','10:45','17:45','556-4782 Est Avenue',211,'1170','01-449-882-3327'),(227,'Dolor Vitae Ltd','-61.7908','146.68516','11:15','16:15','568-6228 Mauris Rd.',128,'1230','01-177-647-8026'),(228,'Et Magna Praesent Institute','-37.51158','-86.67141','11:30','18:45','656-8087 A, Road',452,'1050','01-950-180-7316'),(229,'Nunc Ullamcorper Eu Company','-10.90478','-111.17063','11:30','19:00','P.O. Box 975, 2210 Adipiscing Rd.',465,'1010','01-938-525-0753'),(230,'Pede Company','39.79328','109.92587','10:30','16:45','Ap #486-4589 Aliquet, Road',9,'1010','01-607-213-7615');
INSERT INTO `parlor` (`parlor_id`,`name`,`latitude`,`longitude`,`opening_time`,`closing_time`,`street`,`street_numb`,`zip`,`phone`) VALUES (231,'Elementum Purus Institute','58.86488','37.0355','10:45','17:00','P.O. Box 294, 359 Elit. Ave',207,'1110','01-351-684-3706'),(232,'Felis Inc.','41.79572','-153.34342','10:30','18:45','783-3017 Enim Rd.',175,'1130','01-116-982-2089'),(233,'Magna Consulting','-74.84606','-7.32937','10:45','17:45','Ap #252-1385 Odio Av.',500,'1100','01-661-191-7201'),(234,'Arcu Incorporated','-22.89053','165.03495','11:45','16:45','Ap #281-2620 Amet St.',95,'1040','01-868-460-7399'),(235,'Congue Industries','13.16734','99.56382','11:30','18:15','Ap #247-6019 Id Ave',327,'1090','01-654-377-4810'),(236,'Ligula Corp.','-76.88119','-44.1999','09:45','18:30','Ap #844-5792 Magna Road',322,'1070','01-919-968-7244'),(237,'Donec Sollicitudin Institute','2.15732','52.77929','12:00','18:45','Ap #257-2662 Mattis Rd.',120,'1150','01-895-819-9546'),(238,'Rhoncus Donec Est Associates','79.89172','-32.23296','09:45','18:45','Ap #735-8255 Sed Ave',439,'1090','01-700-753-0295'),(239,'Integer Urna Vivamus Corporation','-62.01024','-70.82267','11:00','16:00','P.O. Box 912, 2082 Egestas. Rd.',237,'1040','01-496-156-7887'),(240,'Ipsum Limited','35.10608','-166.70034','11:30','18:15','863-6577 Vel Street',366,'1030','01-769-310-4126');
INSERT INTO `parlor` (`parlor_id`,`name`,`latitude`,`longitude`,`opening_time`,`closing_time`,`street`,`street_numb`,`zip`,`phone`) VALUES (241,'Eu Dolor Consulting','-8.69934','115.3283','10:30','16:45','8780 Sed Avenue',242,'1110','01-311-373-7355'),(242,'Conubia Nostra Per Associates','-55.55441','169.74797','10:15','17:00','874-9846 Mollis. Road',398,'1140','01-726-143-1847'),(243,'Nec Inc.','-37.77188','48.33603','10:45','18:30','Ap #912-3650 Vitae Road',328,'1170','01-868-629-4560'),(244,'Morbi Neque Tellus Corp.','-22.32631','99.82046','09:45','17:45','187-3730 Sodales Road',443,'1220','01-430-634-3420'),(245,'Sit Amet Incorporated','0.3984','-58.74393','12:00','16:45','767-7491 Blandit St.',71,'1210','01-863-236-4667'),(246,'Dignissim Tempor Arcu Ltd','75.33448','-20.29376','10:15','17:45','Ap #441-7307 Nec Rd.',306,'1190','01-910-282-1207'),(247,'Nunc Pulvinar PC','-17.0784','115.68453','10:00','19:00','Ap #449-5132 Dolor. Rd.',407,'1130','01-566-399-0156'),(248,'Integer Corporation','19.47885','33.27773','11:00','18:15','606 Posuere St.',211,'1110','01-553-909-6768'),(249,'Nec Cursus PC','37.02069','106.79369','10:45','16:00','Ap #709-7877 Maecenas St.',180,'1020','01-796-463-9077'),(250,'Nunc Est Mollis Company','44.35067','97.32007','09:45','16:30','632-9650 Nam Ave',2,'1030','01-980-219-0049');
INSERT INTO `parlor` (`parlor_id`,`name`,`latitude`,`longitude`,`opening_time`,`closing_time`,`street`,`street_numb`,`zip`,`phone`) VALUES (251,'Ultrices Posuere PC','-43.96942','-92.32298','11:45','17:30','412-5938 Suscipit Ave',309,'1090','01-770-130-0529'),(252,'Dapibus Rutrum Justo Ltd','13.3208','67.00933','10:45','16:45','8357 Ut St.',3,'1160','01-409-276-7520'),(253,'Eros Non Enim Corp.','3.1571','-136.86681','10:00','16:00','P.O. Box 614, 7325 Consectetuer Avenue',389,'1130','01-857-553-7698'),(254,'Leo LLC','-82.13465','78.33186','10:15','16:00','Ap #278-4562 Blandit Street',26,'1020','01-520-372-1275'),(255,'Urna Justo PC','-52.19279','-135.89524','09:00','16:45','6754 Mi Rd.',470,'1050','01-492-728-4963'),(256,'Nec Ante Corp.','0.66806','124.23703','11:30','18:45','1858 Ipsum Ave',363,'1100','01-547-940-7352'),(257,'Pellentesque Habitant Morbi PC','-57.59481','-123.25051','09:15','17:45','374-5006 Lorem Street',121,'1110','01-269-550-8445'),(258,'Natoque PC','35.04309','58.67559','09:00','18:45','673-9842 Euismod Street',376,'1160','01-597-502-6105'),(259,'Amet Ante Consulting','7.74681','69.68278','09:45','18:15','4650 Accumsan Rd.',388,'1110','01-124-105-7792'),(260,'Aliquam Foundation','31.25068','86.15061','12:00','19:00','6892 Elit. Rd.',59,'1070','01-688-271-7556');
INSERT INTO `parlor` (`parlor_id`,`name`,`latitude`,`longitude`,`opening_time`,`closing_time`,`street`,`street_numb`,`zip`,`phone`) VALUES (261,'Ipsum Nunc Ltd','-34.17841','-137.09403','10:30','17:15','Ap #200-3803 Pharetra Rd.',83,'1050','01-933-100-7837'),(262,'Mus Aenean Industries','66.15612','33.96586','10:15','18:00','195 Lacus, Avenue',191,'1220','01-947-310-4454'),(263,'Pede Company','4.18127','83.28558','09:15','18:45','1298 Vulputate Road',116,'1230','01-258-983-2158'),(264,'Mus Proin Vel Limited','58.97733','-102.67402','09:30','19:00','8551 Amet Road',388,'1190','01-390-839-9573'),(265,'Pellentesque Ut Institute','65.09288','91.56465','10:15','16:00','P.O. Box 836, 3763 Senectus Street',184,'1160','01-846-654-9514'),(266,'Orci Quis Lectus Associates','-53.5324','76.29477','09:00','17:15','Ap #358-5699 Torquent Ave',26,'1090','01-325-502-7401'),(267,'Ut LLP','-71.66937','105.46199','09:00','17:30','6334 Tincidunt Rd.',82,'1170','01-707-434-1069'),(268,'Aptent Taciti Sociosqu Associates','72.59036','101.01563','11:00','17:45','850-3336 Amet, St.',411,'1050','01-543-706-4509'),(269,'Eget Massa Suspendisse Institute','31.42753','4.53864','12:00','18:00','796-1558 Eu, Av.',39,'1170','01-763-502-0572'),(270,'Nunc Corp.','-6.78612','-19.43881','11:45','18:45','511-3399 Ac, Av.',31,'1200','01-236-828-5839');
INSERT INTO `parlor` (`parlor_id`,`name`,`latitude`,`longitude`,`opening_time`,`closing_time`,`street`,`street_numb`,`zip`,`phone`) VALUES (271,'Nulla Facilisi Institute','-62.11774','83.45592','11:00','16:30','Ap #304-125 Cursus Ave',193,'1040','01-819-913-8518'),(272,'Metus Urna Corp.','-5.0935','-26.54792','09:30','18:45','225-2601 Fusce Avenue',151,'1070','01-244-333-0033'),(273,'Nulla At Corp.','-19.75501','140.90276','09:30','17:15','6611 Eleifend Avenue',274,'1170','01-547-533-5293'),(274,'Metus Sit Consulting','86.15328','-74.79531','10:30','16:00','Ap #946-6407 Malesuada St.',156,'1140','01-439-567-0351'),(275,'Nam Porttitor Consulting','-33.49565','132.06232','10:00','17:45','Ap #695-9579 Nam Avenue',465,'1170','01-941-782-4215'),(276,'Auctor Consulting','51.22051','108.38856','09:30','18:30','6322 Purus Road',227,'1070','01-274-495-6325'),(277,'Nulla Aliquet Proin Ltd','55.15006','-11.82139','10:30','19:00','312-8164 Erat, St.',275,'1060','01-726-897-5870'),(278,'Id Risus Quis LLP','22.48267','-160.41599','10:15','17:15','Ap #583-9339 Pede. Av.',133,'1120','01-502-242-1110'),(279,'Quisque LLP','4.96446','26.00192','11:15','18:45','247-7476 Cum Avenue',342,'1040','01-549-439-6430'),(280,'Nisi Limited','-21.33419','88.16494','09:45','17:45','224-9807 Aliquam Street',212,'1070','01-400-347-0239');
INSERT INTO `parlor` (`parlor_id`,`name`,`latitude`,`longitude`,`opening_time`,`closing_time`,`street`,`street_numb`,`zip`,`phone`) VALUES (281,'Vestibulum Accumsan Neque Industries','5.74106','-74.16518','09:15','17:00','417-2200 Aliquet Street',297,'1110','01-947-166-9126'),(282,'Primis In Faucibus Company','-2.65768','-134.39192','11:45','16:45','Ap #928-2478 Semper St.',209,'1160','01-289-810-3261'),(283,'Eu Incorporated','-3.4934','164.76205','09:30','17:15','P.O. Box 703, 1758 Id, Street',323,'1050','01-570-397-8545'),(284,'Ipsum Consulting','-2.84623','-139.4042','12:00','16:45','Ap #351-6781 Consectetuer St.',342,'1090','01-569-725-0903'),(285,'A Purus Duis Associates','26.87763','-73.8505','09:15','19:00','P.O. Box 702, 6334 Dolor St.',276,'1070','01-547-474-1962'),(286,'Aliquet Vel Vulputate Limited','22.90939','4.23354','10:00','17:15','356-716 Metus Rd.',434,'1110','01-343-555-3747'),(287,'Ipsum Institute','-18.8632','3.49931','09:45','16:45','541-1390 Enim. Ave',118,'1060','01-891-835-2755'),(288,'Egestas Inc.','-31.40602','-130.97493','10:15','16:15','P.O. Box 724, 363 Faucibus Road',318,'1080','01-764-826-5709'),(289,'Semper Dui Lectus Institute','-27.37451','158.54935','09:00','18:15','113-2452 Duis Rd.',209,'1210','01-916-929-2577'),(290,'Aliquam Erat LLP','14.56723','-38.53529','11:00','16:30','P.O. Box 214, 7241 Metus Avenue',76,'1080','01-939-715-5021');
INSERT INTO `parlor` (`parlor_id`,`name`,`latitude`,`longitude`,`opening_time`,`closing_time`,`street`,`street_numb`,`zip`,`phone`) VALUES (291,'Aliquam Foundation','-33.88511','136.52614','09:45','17:00','985-7951 Dignissim St.',310,'1010','01-473-148-0560'),(292,'Sem Molestie Institute','67.44753','-169.70486','12:00','16:45','439-3978 Nunc Street',392,'1220','01-787-312-9220'),(293,'In At Institute','-13.69111','-49.15101','11:15','16:30','P.O. Box 385, 1130 Sed Avenue',340,'1140','01-545-516-5333'),(294,'Sollicitudin Orci Limited','73.18616','44.92691','09:45','17:45','501-8636 Libero Avenue',98,'1080','01-558-597-1289'),(295,'Torquent Per Conubia Inc.','87.0174','-88.83509','10:15','17:15','P.O. Box 358, 7866 Purus. St.',444,'1060','01-290-526-5825'),(296,'Fringilla Porttitor Ltd','21.44201','114.39711','11:45','18:15','P.O. Box 233, 4308 Mi. Rd.',394,'1080','01-583-612-2892'),(297,'Luctus Vulputate PC','-29.81081','-111.30792','09:30','18:30','Ap #773-1008 Nisi St.',38,'1020','01-667-204-8033'),(298,'Donec Nibh Limited','45.20026','51.99077','09:15','17:00','Ap #146-8675 Et Avenue',346,'1020','01-727-936-3696'),(299,'Amet Diam Eu Industries','80.36727','161.10454','09:00','19:00','P.O. Box 637, 5432 Etiam Rd.',171,'1140','01-156-936-2603'),(300,'Congue LLC','9.44879','166.59453','09:00','16:15','3074 Sed Av.',493,'1020','01-838-511-7580');
INSERT INTO `parlor` (`parlor_id`,`name`,`latitude`,`longitude`,`opening_time`,`closing_time`,`street`,`street_numb`,`zip`,`phone`) VALUES (301,'Aliquam Eu Accumsan Foundation','-25.74131','-30.87333','11:45','18:30','Ap #341-5692 Magna Ave',113,'1040','01-251-653-5276'),(302,'Posuere Enim Nisl Foundation','12.36154','42.8376','12:00','19:00','9465 Malesuada Street',260,'1150','01-769-670-4780'),(303,'Quisque Tincidunt Pede Corporation','-13.14778','133.33337','12:00','17:15','P.O. Box 544, 5576 Eget Avenue',341,'1220','01-655-275-9363'),(304,'Lacus Mauris Non Institute','-15.49947','-168.70857','09:15','19:00','P.O. Box 183, 9472 Sodales St.',41,'1210','01-345-480-1043'),(305,'Magnis Dis Limited','13.4185','-58.17061','09:30','18:00','P.O. Box 510, 2184 Ac St.',46,'1220','01-466-651-4903'),(306,'Dui Quis Accumsan Ltd','-87.18235','73.26586','10:00','16:15','Ap #551-6314 Adipiscing Avenue',455,'1210','01-778-551-8028'),(307,'Orci Ut Sagittis Consulting','5.54643','106.76716','11:45','16:00','598-1390 Donec Ave',201,'1130','01-906-469-1237'),(308,'Mi Enim Condimentum Corp.','-79.98859','135.24082','09:30','16:00','650-4526 Tristique Av.',21,'1170','01-385-313-4525'),(309,'Quisque Inc.','-36.18472','-118.843','11:15','18:45','Ap #839-7640 Elit Street',421,'1230','01-759-896-0455'),(310,'Suspendisse Eleifend Industries','13.76822','-161.08446','09:30','17:45','2192 Phasellus St.',207,'1160','01-891-211-1168');
INSERT INTO `parlor` (`parlor_id`,`name`,`latitude`,`longitude`,`opening_time`,`closing_time`,`street`,`street_numb`,`zip`,`phone`) VALUES (311,'Libero Corporation','79.3455','67.00825','09:30','18:15','Ap #144-4744 Massa Road',136,'1080','01-826-178-8347'),(312,'Vulputate Risus Incorporated','-69.52881','-127.93841','11:15','17:15','529-4663 Risus. Rd.',337,'1230','01-785-915-0215'),(313,'Sem Corporation','40.79834','-148.2857','09:15','16:15','3154 Suspendisse Av.',198,'1050','01-144-933-0961'),(314,'Lorem Ut Inc.','-37.6153','100.28933','09:30','16:30','834-6360 Tincidunt Av.',118,'1130','01-925-873-3466'),(315,'Gravida Sagittis Industries','-18.89314','-101.82544','11:00','16:30','Ap #979-2539 Sollicitudin Avenue',101,'1040','01-295-470-7933'),(316,'Aliquam Corp.','-39.61762','-150.01072','09:45','16:45','P.O. Box 569, 7523 Quam St.',18,'1110','01-986-330-4945'),(317,'Pulvinar Inc.','36.52818','64.44902','11:00','17:45','Ap #874-3854 Sem, Av.',2,'1110','01-865-909-8491'),(318,'Risus Morbi Inc.','51.18701','174.60833','09:30','17:45','1717 Iaculis, Road',494,'1090','01-633-777-6214'),(319,'Mauris Vestibulum Neque Corporation','-33.42907','12.30901','11:00','18:30','Ap #699-1017 Cursus Road',261,'1050','01-660-798-7017'),(320,'Interdum Inc.','-26.03689','-172.39824','12:00','16:45','255-9690 Felis Rd.',326,'1100','01-485-530-7504');
INSERT INTO `parlor` (`parlor_id`,`name`,`latitude`,`longitude`,`opening_time`,`closing_time`,`street`,`street_numb`,`zip`,`phone`) VALUES (321,'Quis Lectus LLP','85.61977','39.44539','09:45','17:30','281-9024 Nam St.',337,'1090','01-956-112-0694'),(322,'Dictum Ultricies Corp.','-66.69891','-136.26222','11:30','16:45','535-4138 Vulputate, Av.',9,'1050','01-854-463-6410'),(323,'Orci Consectetuer Industries','-37.36388','24.38048','11:00','16:15','Ap #873-6003 Natoque Av.',224,'1210','01-536-360-5428'),(324,'Elit Pretium Foundation','50.35407','-151.33474','10:45','17:30','974-3522 Libero St.',213,'1210','01-267-881-9635'),(325,'Eu Euismod Ac Industries','-21.04701','47.84775','11:00','17:00','P.O. Box 215, 672 Dis Rd.',46,'1050','01-888-230-9583'),(326,'Vestibulum Ante Ipsum Inc.','-87.00241','-172.8139','11:45','16:30','P.O. Box 662, 2010 Odio Avenue',204,'1190','01-412-443-7023'),(327,'Posuere LLC','-16.0598','1.91684','10:45','17:30','4796 Facilisis Rd.',240,'1040','01-487-479-3674'),(328,'Tempus Eu Incorporated','11.10309','-146.16244','10:00','16:15','8335 Parturient Av.',84,'1170','01-246-529-0650'),(329,'Sagittis Placerat Cras PC','-74.08724','-68.27035','10:15','18:30','Ap #461-6890 At Ave',423,'1120','01-357-848-3072'),(330,'Aliquam Adipiscing Inc.','48.01121','-68.99004','11:15','17:15','9347 Enim Ave',31,'1100','01-165-895-1191');
INSERT INTO `parlor` (`parlor_id`,`name`,`latitude`,`longitude`,`opening_time`,`closing_time`,`street`,`street_numb`,`zip`,`phone`) VALUES (331,'Velit LLC','47.52924','24.64305','11:30','16:45','849-8178 Neque Road',242,'1010','01-358-892-2982'),(332,'Lacus Varius Et Corporation','3.34972','85.53442','11:00','17:15','P.O. Box 403, 7345 Lectus Rd.',32,'1170','01-164-186-9889'),(333,'At Corporation','-42.25707','-65.66732','09:30','17:30','606 Mollis Rd.',107,'1090','01-151-962-3279'),(334,'Curabitur Consequat Lectus Company','-26.08537','17.96623','10:30','17:15','P.O. Box 862, 6582 Montes, Av.',311,'1170','01-598-509-2187'),(335,'Nam Company','44.92384','78.04841','12:00','18:45','993 Risus. Ave',144,'1190','01-519-138-4141'),(336,'Sed Corporation','53.24524','-138.68223','09:15','18:30','P.O. Box 484, 5101 Arcu. Avenue',106,'1050','01-512-968-6058'),(337,'Fringilla Institute','85.55581','-70.59057','12:00','16:30','Ap #598-8589 Vel Avenue',8,'1160','01-569-874-9223'),(338,'Lorem PC','-53.55746','6.84726','10:30','19:00','Ap #441-6985 Auctor Ave',146,'1010','01-272-305-1182'),(339,'Pede Ltd','75.88385','-19.06629','12:00','17:00','Ap #868-2503 Pede, Road',66,'1110','01-192-382-8405'),(340,'Elementum Limited','-79.23479','173.01657','10:30','18:30','618-8287 Adipiscing Ave',456,'1140','01-891-902-4387');
INSERT INTO `parlor` (`parlor_id`,`name`,`latitude`,`longitude`,`opening_time`,`closing_time`,`street`,`street_numb`,`zip`,`phone`) VALUES (341,'Suspendisse Limited','-4.6958','171.30369','09:15','18:45','273-4083 Mi Rd.',29,'1010','01-324-742-7110'),(342,'Aliquet Vel Vulputate Ltd','37.29834','59.80833','09:45','17:15','322-4098 Etiam St.',85,'1210','01-404-544-7359'),(343,'Lorem Ut Limited','-3.09722','-46.70889','10:15','19:00','763-1147 Facilisis St.',140,'1200','01-892-483-2913'),(344,'Ipsum LLP','5.64099','157.06115','09:30','18:45','P.O. Box 213, 5965 Ut Avenue',233,'1140','01-662-417-5486'),(345,'Mauris A Nunc Ltd','25.23999','101.73783','10:30','18:15','9067 Adipiscing Rd.',486,'1140','01-682-795-7387'),(346,'Nascetur LLP','-69.21154','65.81991','11:00','16:30','382-2591 Est Rd.',422,'1140','01-399-243-6976'),(347,'Id Sapien Company','-28.2777','80.2046','12:00','17:15','Ap #908-4969 Lectus Av.',405,'1030','01-390-822-0447'),(348,'Cras Corp.','-53.37166','135.91971','10:00','17:45','P.O. Box 677, 4004 Ut, Rd.',24,'1030','01-648-338-0133'),(349,'Libero Consulting','-63.45203','42.25942','09:15','18:15','P.O. Box 399, 5540 Vel Street',192,'1150','01-937-107-2228'),(350,'Integer Id Magna Incorporated','-88.65998','-44.14996','11:30','18:45','3744 Neque Avenue',136,'1140','01-919-928-6376');
INSERT INTO `parlor` (`parlor_id`,`name`,`latitude`,`longitude`,`opening_time`,`closing_time`,`street`,`street_numb`,`zip`,`phone`) VALUES (351,'Purus Ac Consulting','-38.01553','-60.34108','09:30','18:15','P.O. Box 736, 4573 Semper Road',162,'1050','01-402-196-6333'),(352,'Turpis In Condimentum Institute','69.48811','130.59707','11:45','18:15','P.O. Box 898, 9109 Habitant Av.',361,'1020','01-823-753-4358'),(353,'Lacus Company','-86.71866','-53.6497','09:30','17:30','P.O. Box 244, 6511 Aenean Avenue',368,'1200','01-380-132-9495'),(354,'Tellus Lorem LLP','1.53255','76.92503','11:15','17:30','961-4752 Porta St.',56,'1030','01-934-264-5348'),(355,'Enim Sed Incorporated','-12.35742','16.55663','10:00','16:45','P.O. Box 210, 9768 Orci. Ave',13,'1170','01-809-924-8412'),(356,'Magna Ut Tincidunt Company','-71.88504','44.67014','11:45','17:15','3675 Dui Street',489,'1200','01-225-597-4864'),(357,'Eu Nulla Company','78.77675','119.96381','12:00','17:00','3882 Tincidunt Rd.',98,'1200','01-863-600-5577'),(358,'Elementum Purus Accumsan Associates','-1.64744','85.78795','11:15','17:30','8910 Adipiscing Av.',241,'1210','01-969-671-3599'),(359,'Ullamcorper Eu Corp.','-20.78349','-39.72264','10:15','17:45','2826 Placerat. Road',164,'1050','01-117-276-1670'),(360,'Amet LLP','40.40682','149.98904','10:45','17:30','9169 Dignissim Rd.',126,'1100','01-292-789-2797');
INSERT INTO `parlor` (`parlor_id`,`name`,`latitude`,`longitude`,`opening_time`,`closing_time`,`street`,`street_numb`,`zip`,`phone`) VALUES (361,'Pharetra Ut Corp.','88.24815','-179.62569','11:30','16:30','P.O. Box 574, 3564 Viverra. Ave',35,'1060','01-343-830-1450'),(362,'Mauris Elit Dictum Inc.','10.86595','-38.77818','09:45','19:00','317-860 Netus Av.',448,'1100','01-439-111-4694'),(363,'Sed Eu Nibh Corp.','-9.41586','147.00618','11:45','16:00','Ap #550-8854 Dui Avenue',149,'1140','01-682-279-2724'),(364,'Nunc Sed Orci Corporation','15.35401','-179.94221','11:15','17:00','8274 Eleifend Rd.',139,'1010','01-406-612-7592'),(365,'Integer Vitae Associates','36.84606','-118.21408','12:00','16:30','619-7466 Vitae Street',194,'1150','01-300-930-9691'),(366,'Venenatis Inc.','-34.75501','153.27625','09:30','18:15','501-3943 Non, Rd.',286,'1150','01-590-475-5991'),(367,'In Inc.','14.29226','-177.97647','12:00','18:00','885-2857 Elit. Ave',218,'1100','01-993-430-9581'),(368,'Nunc Lectus Pede Limited','-82.05744','157.35564','11:30','16:15','P.O. Box 495, 7855 Elit Ave',434,'1010','01-692-612-9540'),(369,'Est Mauris Eu Ltd','-2.10882','-74.07707','10:00','17:30','Ap #609-9322 Ut St.',15,'1200','01-143-764-8431'),(370,'Adipiscing Non PC','27.93195','53.57923','10:30','19:00','P.O. Box 126, 1576 Mus. Street',384,'1010','01-925-280-1882');
INSERT INTO `parlor` (`parlor_id`,`name`,`latitude`,`longitude`,`opening_time`,`closing_time`,`street`,`street_numb`,`zip`,`phone`) VALUES (371,'Quisque Ornare Company','-30.14117','42.10194','09:30','17:15','6258 Morbi Rd.',231,'1020','01-510-414-7049'),(372,'Lobortis Inc.','28.58912','-26.8421','11:00','18:30','P.O. Box 395, 3259 Pede Rd.',272,'1080','01-327-674-7504'),(373,'Dui Fusce Diam Corporation','-23.67628','-96.36899','10:45','17:45','P.O. Box 830, 1091 Massa. St.',309,'1200','01-567-872-5841'),(374,'Libero Integer Industries','-18.28686','-87.05615','09:00','19:00','204-5491 Nisi. Ave',43,'1110','01-543-485-3494'),(375,'Neque In Foundation','-30.96033','85.19282','09:15','17:45','932-3486 Nulla Street',138,'1220','01-636-554-9229'),(376,'Magnis Corp.','-75.59166','-14.43465','10:45','17:45','P.O. Box 472, 1564 Id Road',61,'1020','01-262-943-1804'),(377,'A Tortor Nunc Ltd','21.51865','-167.57187','09:00','17:15','Ap #369-4353 Penatibus Av.',178,'1190','01-442-606-7300'),(378,'Mauris Blandit Mattis LLC','-36.8676','-145.65786','11:15','18:15','6821 Vestibulum Rd.',291,'1120','01-298-192-8471'),(379,'Ipsum Donec Sollicitudin Industries','59.39611','-88.52268','09:00','18:15','Ap #167-7719 Consectetuer Av.',388,'1150','01-467-264-6589'),(380,'Massa LLC','-49.14035','-78.94212','11:00','18:45','P.O. Box 896, 5211 Massa. Avenue',477,'1120','01-901-180-9365');
INSERT INTO `parlor` (`parlor_id`,`name`,`latitude`,`longitude`,`opening_time`,`closing_time`,`street`,`street_numb`,`zip`,`phone`) VALUES (381,'Vel Sapien Imperdiet Associates','71.42978','-146.54688','10:15','18:30','Ap #947-7640 Amet, Ave',105,'1190','01-632-759-8784'),(382,'Diam Lorem LLP','86.73194','-177.4807','09:30','16:45','P.O. Box 465, 1843 Egestas Ave',448,'1140','01-293-502-9534'),(383,'Integer LLC','-81.72676','67.56805','09:45','16:45','981-445 Purus Street',480,'1080','01-890-362-1015'),(384,'Consequat Associates','-25.91951','-41.75832','09:45','16:15','P.O. Box 247, 8692 Rhoncus. Street',394,'1180','01-776-128-8666'),(385,'Arcu Consulting','54.10617','74.89635','10:00','17:45','P.O. Box 322, 4443 Velit Av.',224,'1130','01-820-880-8110'),(386,'Fringilla Euismod Enim Consulting','44.98987','-44.44798','10:15','16:00','366-4008 A, Street',76,'1150','01-611-653-3755'),(387,'Volutpat Ornare Corporation','-52.23893','32.31277','09:15','19:00','P.O. Box 706, 1930 Suscipit Avenue',329,'1140','01-286-347-6753'),(388,'Fermentum Risus Ltd','19.03486','31.89967','09:30','18:15','P.O. Box 796, 2742 Elit, Street',498,'1160','01-256-507-6285'),(389,'Fringilla Est Mauris Ltd','-40.67232','-27.87856','12:00','18:15','622-4884 Nec, Avenue',173,'1060','01-922-712-8646'),(390,'Lectus Ante Industries','-66.0461','-39.81095','09:30','18:00','3527 Purus Avenue',323,'1220','01-716-372-3143');
INSERT INTO `parlor` (`parlor_id`,`name`,`latitude`,`longitude`,`opening_time`,`closing_time`,`street`,`street_numb`,`zip`,`phone`) VALUES (391,'Tristique Senectus Et Consulting','-14.80665','53.37386','10:30','17:45','5607 Nisi Rd.',260,'1220','01-184-138-8107'),(392,'Dolor Nonummy Ac Corp.','74.96375','-30.4804','09:15','16:15','Ap #267-5291 Pharetra. Av.',229,'1030','01-360-325-0938'),(393,'Massa Quisque Incorporated','32.99101','144.91532','12:00','16:30','P.O. Box 905, 813 Arcu Road',92,'1230','01-460-539-6628'),(394,'Dolor PC','-49.86306','129.53288','11:45','18:15','Ap #645-4263 Sodales Rd.',196,'1230','01-489-835-9181'),(395,'Egestas Lacinia Sed Associates','-76.68106','-139.35282','11:45','18:30','332-3881 Ultricies Av.',53,'1170','01-890-592-2903'),(396,'Ornare Ltd','48.3187','148.46555','12:00','17:00','7259 Curabitur Rd.',449,'1220','01-570-612-0537'),(397,'Nam Interdum Enim Inc.','-13.77141','63.18659','11:15','18:45','P.O. Box 410, 5700 Neque Rd.',362,'1040','01-355-205-0186'),(398,'Metus In Lorem Limited','57.20695','43.51448','11:30','17:15','Ap #881-4768 Velit Avenue',435,'1090','01-252-657-1935'),(399,'Magna Suspendisse Incorporated','69.22018','165.01155','09:30','17:15','2523 Blandit. Street',204,'1120','01-203-769-3028'),(400,'Libero LLC','26.08768','-127.36653','11:45','16:45','P.O. Box 556, 3711 Eu Road',141,'1030','01-573-181-3437');
INSERT INTO `parlor` (`parlor_id`,`name`,`latitude`,`longitude`,`opening_time`,`closing_time`,`street`,`street_numb`,`zip`,`phone`) VALUES (401,'Tellus Phasellus Elit Institute','-83.707','165.63647','09:30','16:00','350-3173 Et Rd.',149,'1230','01-239-359-2218'),(402,'Egestas A Dui Inc.','-69.53394','0.61207','11:30','16:15','8791 Sagittis St.',464,'1050','01-986-773-3452'),(403,'Donec Tincidunt Donec Ltd','40.29221','62.05863','09:00','16:00','Ap #505-6938 Sed Avenue',340,'1180','01-296-784-2708'),(404,'Sed Corporation','-68.85303','-109.48423','10:15','16:15','473-9150 Aliquam Street',253,'1200','01-976-349-1920'),(405,'Pede Ultrices Company','33.54976','58.47979','11:45','17:30','237-1982 Primis St.',470,'1220','01-758-173-0144'),(406,'Ipsum Corp.','36.2252','-170.23806','10:15','17:15','P.O. Box 909, 9841 Eu Rd.',415,'1220','01-708-494-6354'),(407,'Elit Etiam Limited','3.62327','-87.52587','11:00','18:30','1058 Eu, St.',73,'1070','01-749-512-2586'),(408,'Rhoncus Corp.','13.30233','-33.07485','10:15','18:00','8260 Eu Avenue',226,'1230','01-291-309-1414'),(409,'Imperdiet Non Vestibulum LLC','65.78071','-149.72068','10:45','17:30','170-3528 Nam St.',28,'1080','01-770-367-8555'),(410,'Cum Sociis Corporation','4.49461','-54.56656','10:30','16:15','Ap #218-4285 Est. Av.',488,'1180','01-814-316-0572');
INSERT INTO `parlor` (`parlor_id`,`name`,`latitude`,`longitude`,`opening_time`,`closing_time`,`street`,`street_numb`,`zip`,`phone`) VALUES (411,'Nisi Industries','-59.95996','-174.75444','10:45','18:15','Ap #409-9842 Vivamus Rd.',268,'1190','01-204-195-0680'),(412,'Molestie Pharetra Nibh LLC','-12.35702','-109.50773','11:15','16:15','P.O. Box 878, 4960 Quis Avenue',83,'1010','01-431-606-7773'),(413,'Vitae Aliquet Incorporated','-43.15061','-28.11893','10:30','18:45','383-1046 A St.',53,'1050','01-132-773-5311'),(414,'Aliquam Erat Volutpat Limited','-25.05146','78.65004','09:30','18:00','743-7328 Aliquam Av.',268,'1100','01-310-768-5885'),(415,'Placerat Cras Limited','-42.1595','95.47864','09:45','18:30','699-2074 Urna Rd.',114,'1070','01-931-488-1755'),(416,'Lacinia PC','32.15798','-35.66524','12:00','17:00','340-2597 Aptent Rd.',465,'1220','01-186-881-9371'),(417,'Enim Corporation','-10.30475','-65.42566','11:30','17:00','P.O. Box 796, 658 Sed Ave',423,'1110','01-502-441-5914'),(418,'Integer Aliquam Adipiscing LLP','-14.32685','-81.4677','09:15','17:45','8706 Sem Rd.',132,'1180','01-858-166-5992'),(419,'Enim Gravida Corp.','-30.49673','14.95386','10:00','16:45','Ap #395-429 Lobortis. Rd.',6,'1030','01-442-554-9251'),(420,'Arcu Imperdiet Ullamcorper Institute','44.19746','-2.87052','11:45','17:45','P.O. Box 417, 4034 Ipsum Av.',424,'1150','01-372-926-6892');
INSERT INTO `parlor` (`parlor_id`,`name`,`latitude`,`longitude`,`opening_time`,`closing_time`,`street`,`street_numb`,`zip`,`phone`) VALUES (421,'Ullamcorper Duis At Institute','74.68968','-80.08801','11:15','18:00','712-3366 Quam. St.',196,'1230','01-772-690-4954'),(422,'Nulla In Tincidunt LLP','68.66316','111.63163','09:00','17:45','116-5110 Duis Avenue',175,'1070','01-991-377-2691'),(423,'Elit Nulla Limited','-19.48768','-23.40842','10:15','16:15','2623 Amet St.',205,'1150','01-239-270-9171'),(424,'Ante Blandit Viverra Company','-18.43394','43.02796','09:00','16:45','541-6247 Metus Road',120,'1010','01-797-672-7279'),(425,'Accumsan Incorporated','20.31599','15.48324','09:00','18:00','489-189 Sed Av.',351,'1210','01-585-619-3031'),(426,'Adipiscing Mauris Foundation','24.30455','-23.33894','11:45','17:45','7572 Molestie. Rd.',189,'1010','01-948-920-0613'),(427,'Arcu Morbi Incorporated','71.98374','-108.10666','10:15','18:15','1075 Vivamus Rd.',493,'1060','01-486-802-1007'),(428,'Tempor Arcu Vestibulum Institute','61.9145','-75.97676','09:30','18:15','Ap #737-6052 Dictum Avenue',384,'1020','01-820-988-1060'),(429,'Eros LLP','-59.86046','24.07486','09:15','18:00','3613 Mattis. St.',219,'1070','01-979-176-2796'),(430,'Diam Duis Mi Ltd','52.10976','94.0123','09:15','17:45','956 Vestibulum Rd.',357,'1070','01-210-949-8988');
INSERT INTO `parlor` (`parlor_id`,`name`,`latitude`,`longitude`,`opening_time`,`closing_time`,`street`,`street_numb`,`zip`,`phone`) VALUES (431,'Eget LLP','-65.41229','-175.85989','09:15','16:00','5473 Ante Street',80,'1120','01-952-792-7808'),(432,'Nunc Sed Orci LLC','22.647','-125.78183','11:00','17:00','3295 Volutpat. Rd.',409,'1200','01-766-136-3452'),(433,'Laoreet Corp.','-46.13351','-63.75655','12:00','18:45','Ap #642-4427 Vulputate Rd.',155,'1030','01-675-602-3601'),(434,'Pellentesque Company','-58.83009','-134.16535','12:00','18:30','P.O. Box 160, 3045 Sem St.',350,'1060','01-787-400-1383'),(435,'Metus Urna Inc.','61.33387','-64.81264','10:15','17:45','5813 Lacinia Street',162,'1200','01-858-191-3043'),(436,'A Foundation','-64.41733','-167.4676','10:00','17:45','548-1814 Ac Avenue',464,'1230','01-761-116-8208'),(437,'Fermentum Metus Consulting','-28.44559','154.53296','10:30','16:00','Ap #301-9361 Est Road',301,'1020','01-551-645-1380'),(438,'Cursus Non Egestas Incorporated','-18.16893','-131.61792','09:15','18:45','7051 Arcu. Avenue',331,'1020','01-154-151-3804'),(439,'Risus Limited','18.18116','36.46654','11:15','17:00','P.O. Box 558, 3860 Donec Street',307,'1190','01-118-903-0813'),(440,'In Ornare Corp.','-52.13236','135.27113','12:00','18:30','8003 Lacus. Road',391,'1160','01-318-443-5712');
INSERT INTO `parlor` (`parlor_id`,`name`,`latitude`,`longitude`,`opening_time`,`closing_time`,`street`,`street_numb`,`zip`,`phone`) VALUES (441,'Tellus Incorporated','-14.91888','-66.17182','11:15','17:30','Ap #163-5683 Amet, Rd.',194,'1060','01-356-607-7022'),(442,'Blandit Mattis Consulting','-51.39859','151.79168','10:30','16:30','P.O. Box 498, 5003 Congue, St.',203,'1130','01-434-703-9684'),(443,'Non LLP','10.36632','-36.66762','09:30','18:45','Ap #684-2203 Lobortis Rd.',353,'1040','01-376-744-2417'),(444,'Purus Accumsan Interdum Inc.','-5.37946','13.01798','11:45','17:00','8244 Purus Av.',37,'1140','01-778-248-9683'),(445,'Ut LLP','7.95788','23.6129','10:45','18:15','P.O. Box 670, 9015 Mauris Road',278,'1170','01-270-365-1840'),(446,'Ut Nisi A Company','-32.2102','-128.30189','11:00','18:45','P.O. Box 458, 4517 Hendrerit. Street',30,'1230','01-460-220-4083'),(447,'Tempor Company','-39.36463','-137.87477','11:15','18:30','7379 Metus. St.',109,'1050','01-195-598-8160'),(448,'Iaculis Quis Consulting','-68.31543','-135.12622','11:45','18:15','102-669 Erat St.',67,'1010','01-884-240-8528'),(449,'Eu Odio Associates','-55.92974','-115.63443','10:30','17:30','Ap #566-2223 Facilisis Road',233,'1150','01-162-644-5756'),(450,'Enim Condimentum Company','-60.47366','86.58593','09:30','17:30','7712 Euismod St.',138,'1170','01-807-753-5087');
INSERT INTO `parlor` (`parlor_id`,`name`,`latitude`,`longitude`,`opening_time`,`closing_time`,`street`,`street_numb`,`zip`,`phone`) VALUES (451,'Hendrerit Corp.','23.37043','164.78821','10:45','18:45','P.O. Box 165, 6673 At Ave',113,'1080','01-150-438-8397'),(452,'Nulla Semper Foundation','-7.29868','-20.54939','11:45','17:45','Ap #438-531 Euismod Rd.',108,'1070','01-784-932-6793'),(453,'Et Euismod Et Incorporated','13.34273','-105.72852','11:15','18:00','661-184 Molestie Rd.',117,'1100','01-277-916-7840'),(454,'Pretium Corp.','-31.97214','-166.39924','09:15','18:15','4814 Massa. Ave',251,'1190','01-956-695-9104'),(455,'Lacinia Company','-70.73124','-92.84796','11:00','19:00','926-9110 Lectus. Road',242,'1210','01-779-300-9948'),(456,'Duis Dignissim Associates','63.53572','-1.14049','10:45','16:30','P.O. Box 679, 9689 Sodales Road',149,'1150','01-136-677-5660'),(457,'Ac Metus LLC','-56.22264','114.14008','09:45','16:30','2127 Diam Avenue',275,'1080','01-520-818-1649'),(458,'Vitae Aliquam Eros Inc.','87.8729','32.73786','12:00','18:15','Ap #521-5445 Etiam St.',79,'1100','01-991-775-8037'),(459,'Augue Corporation','-53.07767','79.27252','09:15','17:45','Ap #646-5983 Dignissim St.',426,'1100','01-493-672-1907'),(460,'Lobortis Ultrices Vivamus Consulting','-83.436','-13.25946','09:45','16:15','540 Pede Av.',386,'1170','01-774-950-1984');
INSERT INTO `parlor` (`parlor_id`,`name`,`latitude`,`longitude`,`opening_time`,`closing_time`,`street`,`street_numb`,`zip`,`phone`) VALUES (461,'Sed Limited','48.0293','10.08017','12:00','16:30','3626 Sit St.',314,'1100','01-878-293-6513'),(462,'Semper Incorporated','80.93725','-139.69959','10:45','16:45','P.O. Box 944, 7436 Egestas Rd.',442,'1040','01-834-347-9287'),(463,'Est Institute','-48.44652','-84.36913','09:15','17:00','P.O. Box 221, 4636 Vitae Road',66,'1210','01-320-839-9335'),(464,'Quisque Purus Sapien Consulting','-34.52034','-102.64224','10:45','16:00','8659 Sed Road',171,'1230','01-966-680-4250'),(465,'Vivamus Rhoncus Donec Institute','-80.30633','113.00477','09:15','16:15','Ap #118-327 Ac Avenue',143,'1160','01-945-629-7275'),(466,'Torquent Per Limited','-24.02351','86.80526','09:30','18:00','P.O. Box 323, 6192 Tincidunt Av.',246,'1220','01-501-593-2227'),(467,'Cras Limited','73.39015','-179.26502','11:00','19:00','6308 Tempor Street',83,'1230','01-374-130-9091'),(468,'Congue LLP','34.53767','-56.53315','10:00','18:30','661-2910 Nam Rd.',47,'1050','01-680-361-0594'),(469,'Blandit Foundation','-76.2477','-104.66796','11:00','17:45','767-7526 Luctus Avenue',346,'1140','01-132-829-3687'),(470,'Vivamus Sit Associates','25.04643','102.2888','10:30','18:45','P.O. Box 646, 676 Odio. St.',173,'1220','01-783-596-1641');
INSERT INTO `parlor` (`parlor_id`,`name`,`latitude`,`longitude`,`opening_time`,`closing_time`,`street`,`street_numb`,`zip`,`phone`) VALUES (471,'Ornare Facilisis Institute','74.37554','-109.38737','09:45','18:00','Ap #134-2892 Penatibus Road',389,'1140','01-203-578-9719'),(472,'Sollicitudin Adipiscing Ligula Consulting','-25.09447','-143.4216','10:00','18:45','994 Faucibus Road',242,'1150','01-560-109-0297'),(473,'Lacus PC','-74.9788','101.03109','10:45','16:15','P.O. Box 432, 5160 Sed Av.',447,'1050','01-143-405-8503'),(474,'Consectetuer LLP','-28.70198','37.87596','10:45','17:00','8648 Dolor Avenue',338,'1020','01-158-112-2045'),(475,'Cubilia Industries','2.24761','89.18354','11:00','17:30','4641 Luctus Road',158,'1190','01-358-403-8391'),(476,'Neque Sed Industries','-83.07074','-28.91786','10:30','19:00','Ap #939-9510 Tristique St.',350,'1060','01-526-775-6349'),(477,'Quis Pede Consulting','25.07236','-50.13741','10:30','18:15','2464 Sagittis St.',255,'1150','01-413-267-6784'),(478,'Nibh Lacinia Orci Limited','-42.45552','1.49653','09:30','18:30','P.O. Box 241, 8205 Maecenas St.',194,'1020','01-232-748-1128'),(479,'Ligula Incorporated','-89.99093','67.88109','11:30','18:45','517-7466 Faucibus Avenue',268,'1060','01-659-767-5193'),(480,'Mauris Sapien Company','42.35118','-55.69207','10:30','17:15','P.O. Box 502, 5154 Duis Av.',498,'1080','01-267-977-3828');
INSERT INTO `parlor` (`parlor_id`,`name`,`latitude`,`longitude`,`opening_time`,`closing_time`,`street`,`street_numb`,`zip`,`phone`) VALUES (481,'Elit Sed Consequat Consulting','-73.18415','-101.56914','11:45','18:00','Ap #125-453 Semper, St.',244,'1010','01-260-980-5996'),(482,'Rhoncus Incorporated','-76.32355','-149.63647','09:00','18:30','4764 Et Street',372,'1060','01-649-876-6485'),(483,'Varius Orci In PC','-3.53321','-137.42087','11:45','17:30','P.O. Box 365, 7804 Elit St.',326,'1020','01-601-257-2729'),(484,'Porttitor Scelerisque Neque Ltd','-72.90101','90.29413','11:00','17:00','8115 Et, Rd.',114,'1080','01-602-122-5642'),(485,'Curae Donec Ltd','-0.27246','68.59708','10:30','17:15','P.O. Box 130, 9042 Amet, Rd.',42,'1110','01-845-894-2471'),(486,'Erat Vivamus Consulting','29.58486','160.85036','10:30','17:45','5340 Mauris Av.',460,'1210','01-882-945-8345'),(487,'Quis LLP','-35.36869','-81.78803','10:45','16:30','7316 Sit St.',242,'1080','01-590-857-7242'),(488,'Semper LLP','57.07977','-10.96601','10:15','19:00','704-4846 Auctor Rd.',335,'1200','01-588-327-2952'),(489,'Nec Eleifend Limited','-56.64052','33.77969','11:30','16:15','Ap #284-9777 Faucibus St.',235,'1030','01-766-267-8160'),(490,'Pharetra Quisque Associates','88.05462','163.91163','11:45','16:00','Ap #736-420 Interdum. Avenue',190,'1150','01-660-327-5839');
INSERT INTO `parlor` (`parlor_id`,`name`,`latitude`,`longitude`,`opening_time`,`closing_time`,`street`,`street_numb`,`zip`,`phone`) VALUES (491,'Erat Volutpat Nulla Inc.','73.24992','-34.85415','11:15','16:45','766-7067 Libero. Road',155,'1230','01-793-733-4871'),(492,'Auctor Non Feugiat LLP','16.47631','120.49702','11:15','17:30','612-5465 Velit. Road',43,'1030','01-462-977-9804'),(493,'Lectus Convallis Corporation','-81.68762','-12.31449','11:30','17:00','P.O. Box 678, 9330 Donec Road',260,'1020','01-876-327-2931'),(494,'Accumsan Convallis LLP','-35.01726','-107.44801','09:15','18:30','492-6764 Semper. Rd.',293,'1010','01-456-692-1490'),(495,'Etiam Laoreet Libero Incorporated','-12.97107','-173.08432','10:15','17:30','460-2647 Commodo Avenue',138,'1170','01-920-922-0061'),(496,'Pede Cras Institute','1.51427','45.17119','11:45','17:45','P.O. Box 575, 7124 Magna. Avenue',105,'1100','01-322-293-1823'),(497,'Diam Luctus Institute','43.01025','-149.87082','10:30','17:30','4483 A Av.',98,'1150','01-173-875-0544'),(498,'Est LLP','24.58957','83.31601','11:45','16:15','840 Molestie. Avenue',145,'1090','01-916-591-7192'),(499,'Ornare LLP','24.26309','-102.65825','09:00','18:45','Ap #683-6115 In St.',122,'1210','01-729-485-0875'),(500,'Ut Lacus Ltd','42.09516','-19.02616','09:15','17:45','7705 Ut Road',188,'1040','01-193-260-5475');
INSERT INTO `parlor` (`parlor_id`,`name`,`latitude`,`longitude`,`opening_time`,`closing_time`,`street`,`street_numb`,`zip`,`phone`) VALUES (501,'Amet Massa Quisque PC','37.0434','107.93204','10:30','18:45','689-6309 Mauris. Street',453,'1130','01-815-264-8287'),(502,'Orci Limited','-12.28582','36.5725','10:15','19:00','Ap #888-1498 Sem Road',20,'1050','01-879-243-8606'),(503,'Ante Nunc Limited','32.4681','172.14078','10:15','17:15','P.O. Box 429, 380 Placerat Road',171,'1100','01-303-901-1134'),(504,'Ipsum Foundation','-18.09377','-145.67422','11:15','18:30','P.O. Box 269, 9518 Eros Rd.',401,'1230','01-687-971-8599'),(505,'Sed Eget Lacus Corp.','5.68737','-22.01201','12:00','17:00','Ap #607-6349 Aliquet Rd.',441,'1020','01-477-772-5314'),(506,'Nec Urna Et Corp.','4.51705','-58.74652','09:45','18:45','824-3592 Non St.',479,'1030','01-948-696-4178'),(507,'Et Ultrices Posuere Industries','-24.14253','143.50214','09:30','16:15','652-5926 Commodo Avenue',313,'1220','01-319-599-0745'),(508,'Commodo At Industries','-16.27251','178.91902','10:15','16:30','2987 Cras Street',25,'1140','01-125-501-6716'),(509,'Elit Fermentum Inc.','83.95926','-148.40531','09:45','18:15','P.O. Box 726, 7926 Ornare. Rd.',496,'1220','01-671-374-6784'),(510,'Ultricies Ornare Elit PC','-25.24973','89.90074','11:45','18:00','649-3569 Arcu. Street',281,'1140','01-577-955-0621');
INSERT INTO `parlor` (`parlor_id`,`name`,`latitude`,`longitude`,`opening_time`,`closing_time`,`street`,`street_numb`,`zip`,`phone`) VALUES (511,'Ultrices Vivamus Rhoncus Industries','20.31585','162.33962','11:15','17:15','5777 Et Street',99,'1110','01-595-319-1880'),(512,'Ante Nunc Industries','27.66685','-137.56569','10:30','19:00','409-5380 Vulputate Rd.',63,'1060','01-441-131-6970'),(513,'Mi Felis Corp.','-50.39719','119.65567','11:30','16:45','3317 Gravida Rd.',75,'1200','01-942-971-4532'),(514,'Nibh LLP','2.00995','98.43484','12:00','17:45','2426 Ipsum Av.',339,'1070','01-206-689-3598'),(515,'Metus In Inc.','48.28994','13.58547','10:00','16:00','Ap #919-3948 Congue Road',358,'1110','01-349-773-9453'),(516,'Tempus Corp.','-3.07653','-2.66421','11:00','17:30','P.O. Box 517, 2987 Fusce Avenue',65,'1050','01-754-444-8043'),(517,'Et Corporation','59.00251','-80.71631','11:30','17:00','2410 Faucibus Street',172,'1110','01-741-538-4996'),(518,'Enim Incorporated','-88.16453','-18.24579','10:30','17:30','Ap #805-6630 Urna. St.',13,'1020','01-506-904-3168'),(519,'Molestie Tortor Nibh Incorporated','75.88913','53.66679','10:00','16:30','3647 Vel Av.',399,'1180','01-792-387-8865'),(520,'Molestie Consulting','-54.05703','-179.52337','11:45','16:15','9363 Sem St.',242,'1170','01-418-614-6972');
INSERT INTO `parlor` (`parlor_id`,`name`,`latitude`,`longitude`,`opening_time`,`closing_time`,`street`,`street_numb`,`zip`,`phone`) VALUES (521,'Sed Id Risus Company','-55.0836','-3.7535','10:30','18:15','P.O. Box 636, 4905 Cursus St.',234,'1200','01-429-865-9765'),(522,'At Industries','-43.04705','-94.43168','10:15','16:00','3297 Enim. Street',477,'1030','01-710-461-6592'),(523,'Tempor Corp.','24.84063','-172.56396','09:45','17:30','Ap #502-6372 Fusce Avenue',497,'1090','01-233-776-8991'),(524,'Ac LLC','86.63365','-130.88515','10:00','18:45','Ap #226-9684 Risus. St.',201,'1170','01-472-300-8031'),(525,'Aliquet Proin Foundation','43.10443','-143.35314','10:15','16:15','896-3225 At Road',303,'1160','01-986-350-5276'),(526,'Elementum Dui Quis Industries','87.06991','165.20686','11:45','18:00','Ap #975-6706 Morbi Av.',262,'1150','01-326-957-9081'),(527,'Erat LLC','-66.85327','131.21969','09:30','16:45','Ap #886-8266 Neque Rd.',330,'1010','01-701-482-3598'),(528,'Et Foundation','-24.16296','44.95741','10:15','16:00','P.O. Box 273, 3149 Tincidunt Avenue',244,'1010','01-625-643-0512'),(529,'Sagittis Associates','-30.93618','-28.574','11:15','18:15','Ap #670-662 Mattis Street',225,'1230','01-151-860-4348'),(530,'Eu Nibh Company','-1.86881','129.63466','09:30','16:30','P.O. Box 958, 766 Lacus. St.',414,'1160','01-667-632-5767');
INSERT INTO `parlor` (`parlor_id`,`name`,`latitude`,`longitude`,`opening_time`,`closing_time`,`street`,`street_numb`,`zip`,`phone`) VALUES (531,'Ligula Aliquam Erat Corporation','9.65236','-80.08817','09:00','16:45','555-8581 Ut St.',451,'1230','01-531-943-2656'),(532,'Nisi PC','30.31066','152.12098','11:45','18:15','6673 Aenean Rd.',116,'1050','01-777-995-8339'),(533,'Sed Congue Industries','-21.60508','159.98664','12:00','16:15','624-1573 Velit St.',418,'1020','01-954-409-9190'),(534,'Convallis Convallis PC','-13.16116','124.53888','09:45','16:45','723-3229 Mauris St.',356,'1060','01-630-377-3846'),(535,'Aliquet Industries','47.7101','-41.74099','11:45','16:30','2462 Ante St.',111,'1020','01-126-540-2434'),(536,'Lorem Tristique Foundation','-84.78243','156.90682','09:30','17:30','4755 Arcu. St.',117,'1140','01-546-360-4434'),(537,'Cras Eu Tellus Ltd','-45.74456','83.92166','12:00','17:15','512-971 In Ave',26,'1120','01-124-593-0241'),(538,'Quam Dignissim Company','47.71252','98.26244','09:30','17:15','1438 Euismod Rd.',420,'1090','01-633-597-0041'),(539,'Proin Inc.','-60.92536','55.77532','11:45','17:00','Ap #782-5883 Sollicitudin Rd.',243,'1070','01-909-973-8639'),(540,'Dignissim LLP','18.06005','90.6482','11:30','17:45','397 Vitae Street',69,'1010','01-794-730-2955');
INSERT INTO `parlor` (`parlor_id`,`name`,`latitude`,`longitude`,`opening_time`,`closing_time`,`street`,`street_numb`,`zip`,`phone`) VALUES (541,'Fermentum Convallis Ligula Consulting','-66.98566','51.4685','10:45','16:45','105-5088 Tellus. Av.',101,'1120','01-217-457-6118'),(542,'Justo Sit Amet Associates','1.85645','25.66595','10:15','19:00','Ap #792-3732 Nostra, Av.',375,'1190','01-833-458-3984'),(543,'Odio Nam PC','-85.45045','44.36181','11:45','18:30','1032 Sed Street',418,'1070','01-491-111-0763'),(544,'Rutrum Magna Cras LLP','-81.26124','142.14376','10:45','17:15','Ap #918-1684 Arcu. Av.',446,'1200','01-248-709-7351'),(545,'Fringilla Donec Feugiat PC','76.17537','-110.25957','11:00','18:30','P.O. Box 177, 9330 Duis Street',118,'1210','01-554-745-7150'),(546,'Mi Ac Incorporated','-71.83453','-16.27216','11:30','16:00','1046 Nunc Ave',1,'1160','01-830-101-3827'),(547,'Mi PC','-57.25845','-159.05485','10:00','17:00','5256 Sed, Avenue',81,'1210','01-294-746-5751'),(548,'Donec Consectetuer Mauris Corp.','27.48209','177.12897','11:30','18:45','162-5611 Urna Rd.',487,'1230','01-766-593-8882'),(549,'Sed Consequat Auctor Corp.','11.78104','-143.66639','11:00','16:45','988-797 Mollis. Rd.',399,'1210','01-213-531-5005'),(550,'Consequat Nec Mollis Inc.','44.78402','130.73612','10:00','16:30','P.O. Box 320, 4374 Pellentesque St.',461,'1180','01-537-937-0576');
INSERT INTO `parlor` (`parlor_id`,`name`,`latitude`,`longitude`,`opening_time`,`closing_time`,`street`,`street_numb`,`zip`,`phone`) VALUES (551,'Convallis Ante LLC','-88.74817','-129.47542','10:00','16:00','P.O. Box 717, 6667 Dis Road',290,'1010','01-752-154-4687'),(552,'Nam Nulla LLP','-71.15107','-6.90586','09:30','16:00','Ap #969-8165 Praesent Avenue',337,'1080','01-449-813-5152'),(553,'Neque In Ornare LLC','54.74361','-44.17886','09:15','17:30','P.O. Box 640, 1017 Diam. Avenue',313,'1120','01-340-246-5884'),(554,'Aliquam Corp.','-5.19699','-132.71099','09:15','17:15','Ap #344-5310 Magna. Street',217,'1110','01-401-285-4924'),(555,'Faucibus Leo In Institute','70.7507','64.1919','09:15','17:15','Ap #366-3461 Vulputate Rd.',258,'1030','01-925-505-8910'),(556,'Elit Dictum Incorporated','-62.19798','126.62968','11:45','17:15','4635 Mus. Av.',242,'1190','01-996-671-8362'),(557,'Cursus Corporation','46.73416','127.25205','12:00','18:30','348-7091 Nulla Rd.',458,'1220','01-307-368-6984'),(558,'Tempor Erat Neque PC','-59.03295','-169.68223','11:00','18:30','943-4363 Et Avenue',380,'1230','01-139-144-5044'),(559,'Ligula Nullam Enim Corporation','6.77305','166.31776','09:15','16:45','991-7999 Risus, Rd.',270,'1220','01-282-397-5480'),(560,'Cum Sociis Natoque LLC','25.04466','-104.02468','10:00','17:00','P.O. Box 701, 5423 Risus. Avenue',173,'1070','01-895-784-6687');
INSERT INTO `parlor` (`parlor_id`,`name`,`latitude`,`longitude`,`opening_time`,`closing_time`,`street`,`street_numb`,`zip`,`phone`) VALUES (561,'Augue Porttitor Interdum Limited','-68.85256','-143.58332','10:00','17:45','979-481 Neque Avenue',189,'1230','01-626-457-0609'),(562,'Tincidunt Pede Company','-14.39662','-83.06268','10:15','16:00','Ap #875-3675 Mi. Ave',434,'1100','01-472-454-1040'),(563,'Nunc Sollicitudin Limited','25.18965','-44.51203','10:45','18:00','Ap #496-8150 Ligula Rd.',68,'1140','01-830-449-6331'),(564,'Blandit Viverra Donec Limited','-29.08449','-74.7312','10:15','19:00','P.O. Box 647, 2169 Erat St.',135,'1100','01-433-331-1694'),(565,'Justo Consulting','43.5497','-17.77051','11:00','17:30','P.O. Box 427, 1639 Consectetuer Rd.',188,'1210','01-604-309-7683'),(566,'Amet Consectetuer PC','83.47771','-118.35797','10:30','17:45','P.O. Box 423, 6688 Mollis St.',140,'1010','01-943-350-9685'),(567,'Libero Morbi Company','63.71936','-18.98246','09:45','17:45','100-1444 Sollicitudin St.',399,'1120','01-412-127-0239'),(568,'Non Arcu Corp.','86.65883','-48.50554','10:30','18:00','546-1092 Sem Street',431,'1060','01-478-262-7537'),(569,'Elit Pellentesque Limited','84.51456','-112.37225','11:45','17:15','349-8211 Dis Rd.',12,'1080','01-988-671-2964'),(570,'A Nunc In LLC','-42.82691','163.26096','12:00','19:00','375-9057 Nulla Street',447,'1130','01-697-910-2228');
INSERT INTO `parlor` (`parlor_id`,`name`,`latitude`,`longitude`,`opening_time`,`closing_time`,`street`,`street_numb`,`zip`,`phone`) VALUES (571,'Dolor Industries','48.07677','-108.59039','12:00','17:15','645-3243 Congue, Avenue',272,'1160','01-629-108-6752'),(572,'Nulla Dignissim Limited','-27.5568','100.34693','12:00','18:30','321-8356 In St.',218,'1010','01-811-946-8281'),(573,'Ut Cursus Industries','33.04616','-161.1412','10:00','17:30','P.O. Box 642, 6157 In St.',227,'1100','01-394-211-5173'),(574,'Suspendisse Aliquet Ltd','-3.58729','98.31812','12:00','18:15','266 Orci Av.',32,'1190','01-222-892-1519'),(575,'Suspendisse Dui Fusce Industries','77.01098','143.18136','09:00','16:15','8300 Pellentesque Avenue',142,'1180','01-391-685-1011'),(576,'Malesuada Institute','12.9469','-165.99903','09:00','17:45','8328 Tristique St.',60,'1080','01-222-811-2373'),(577,'Aliquet Proin Velit Foundation','36.9739','157.84467','09:00','18:30','P.O. Box 575, 7524 Sapien, St.',44,'1030','01-551-122-6270'),(578,'Blandit Nam Limited','51.98161','42.98709','10:15','18:00','Ap #929-8959 Egestas Rd.',343,'1050','01-407-328-6815'),(579,'Adipiscing Elit Consulting','28.45444','65.41419','11:45','18:15','Ap #876-1035 Augue Av.',173,'1200','01-896-849-4432'),(580,'Auctor Quis Tristique Ltd','54.19717','48.05651','09:15','16:45','526-3832 Ante. Road',233,'1160','01-107-448-6252');
INSERT INTO `parlor` (`parlor_id`,`name`,`latitude`,`longitude`,`opening_time`,`closing_time`,`street`,`street_numb`,`zip`,`phone`) VALUES (581,'Fermentum Convallis Ligula Industries','80.31412','-73.39267','09:00','18:30','3389 Augue. Avenue',470,'1220','01-370-250-3143'),(582,'Vitae Associates','22.89592','40.6888','09:00','16:45','350-2265 Purus. St.',124,'1120','01-730-506-2454'),(583,'Phasellus Incorporated','63.77476','169.18052','11:15','18:00','791-8664 Velit Street',283,'1040','01-886-804-9844'),(584,'Ut Inc.','-87.48504','-100.92071','10:00','18:45','P.O. Box 861, 1284 Montes, St.',150,'1150','01-151-594-2073'),(585,'Vel Inc.','-12.49707','154.00146','09:45','18:15','Ap #761-6899 Ligula Ave',426,'1100','01-192-183-3586'),(586,'Et Tristique Pellentesque Foundation','-20.66949','-10.98919','11:15','17:45','P.O. Box 249, 631 Quis Road',101,'1090','01-364-512-7839'),(587,'Sem Limited','-49.29781','-46.2193','09:15','17:00','190-5659 Porttitor St.',162,'1120','01-782-165-2750'),(588,'Sed Pharetra Company','-64.91447','86.40142','11:45','19:00','P.O. Box 667, 9152 Luctus Road',438,'1170','01-186-273-7626'),(589,'Aliquet Sem Limited','33.32058','133.79904','11:00','17:15','2998 Sem St.',10,'1220','01-784-760-3004'),(590,'Pede Sagittis Ltd','18.85637','81.78633','10:00','18:00','P.O. Box 531, 562 Orci St.',454,'1090','01-661-773-0733');
INSERT INTO `parlor` (`parlor_id`,`name`,`latitude`,`longitude`,`opening_time`,`closing_time`,`street`,`street_numb`,`zip`,`phone`) VALUES (591,'Arcu Imperdiet LLC','17.0661','85.95688','11:15','16:30','2321 Mauris. Rd.',141,'1080','01-911-942-3765'),(592,'Dictum Eleifend Limited','-59.94499','-133.17361','11:30','19:00','P.O. Box 227, 8973 Donec Av.',437,'1170','01-172-432-8543'),(593,'Pede Nonummy LLC','22.07368','-68.03289','09:00','16:00','113-4332 Tincidunt St.',436,'1030','01-511-304-1150'),(594,'Lacus Foundation','-43.89793','-41.11577','09:45','17:45','Ap #836-310 Blandit Road',61,'1230','01-439-101-5746'),(595,'In Incorporated','38.3407','-107.93384','11:45','18:00','Ap #290-3411 Fermentum Rd.',191,'1060','01-578-362-1911'),(596,'Euismod Ac Foundation','28.43586','-46.51032','10:15','17:45','3597 Adipiscing Avenue',354,'1010','01-747-938-5015'),(597,'Scelerisque PC','71.74759','-133.38062','09:30','16:45','7863 Augue Av.',330,'1230','01-955-178-0932'),(598,'Nullam Ut Nisi Corp.','-57.2315','-172.55837','11:00','18:30','Ap #803-8139 Parturient Av.',279,'1160','01-495-827-1611'),(599,'Condimentum Corp.','-17.8144','-119.60826','11:00','16:00','1928 A Street',362,'1070','01-612-511-1551'),(600,'Sed Eu LLP','-52.17113','157.01826','09:00','18:30','P.O. Box 766, 9066 Velit Av.',401,'1220','01-236-248-4899');
INSERT INTO `parlor` (`parlor_id`,`name`,`latitude`,`longitude`,`opening_time`,`closing_time`,`street`,`street_numb`,`zip`,`phone`) VALUES (601,'Odio Consulting','-14.98443','-83.22338','11:15','18:15','638-2454 Nunc Rd.',329,'1200','01-783-591-1881'),(602,'Dui Limited','-76.34532','70.37674','09:15','16:45','Ap #679-6558 A Rd.',273,'1220','01-617-233-2454'),(603,'Elit Pretium Incorporated','40.32032','-127.94485','10:30','17:45','Ap #261-2672 Ullamcorper Road',207,'1210','01-966-710-0338'),(604,'Etiam Laoreet Libero Limited','-55.39001','-34.50259','11:15','18:15','P.O. Box 621, 2869 Quis, Ave',290,'1050','01-165-118-0653'),(605,'Non Ltd','48.99207','124.14363','12:00','17:30','2653 Sed Ave',224,'1130','01-603-702-2430'),(606,'Magnis Corporation','-44.94592','6.90013','10:45','16:45','P.O. Box 383, 710 Donec Rd.',22,'1160','01-168-923-7230'),(607,'Etiam Incorporated','43.20632','-73.2699','09:45','16:45','8725 Turpis. Av.',116,'1110','01-259-661-5419'),(608,'Faucibus Leo In Foundation','52.98732','-133.58409','11:00','17:45','Ap #211-9878 Lorem Avenue',294,'1100','01-369-688-5592'),(609,'Neque Consulting','-0.76934','-116.45087','09:00','18:15','Ap #538-5944 Rutrum, Road',305,'1220','01-249-825-3288'),(610,'Mauris Company','-60.8956','158.11786','11:30','17:15','P.O. Box 905, 3226 Imperdiet Av.',387,'1080','01-550-195-5176');
INSERT INTO `parlor` (`parlor_id`,`name`,`latitude`,`longitude`,`opening_time`,`closing_time`,`street`,`street_numb`,`zip`,`phone`) VALUES (611,'Imperdiet Non Vestibulum Industries','51.91688','-44.5852','09:45','18:30','344-5400 Praesent Rd.',113,'1180','01-654-236-3631'),(612,'Bibendum Ullamcorper Company','-79.25317','59.80159','09:15','16:45','466-6395 Morbi Street',256,'1040','01-532-985-6210'),(613,'Praesent Interdum Corporation','13.11328','64.84695','10:45','17:15','267-4208 Elit, Road',173,'1180','01-724-989-9596'),(614,'Quis Diam Industries','67.4336','79.61018','10:15','19:00','P.O. Box 518, 5803 Mollis Road',76,'1100','01-764-156-1483'),(615,'Fringilla Associates','15.16292','59.82635','09:30','17:00','3069 Sed Avenue',97,'1180','01-548-633-4366'),(616,'Erat Nonummy Ultricies LLP','22.09261','-28.18087','09:30','16:30','Ap #158-4682 Luctus. Rd.',293,'1070','01-676-631-8978'),(617,'Libero Integer In Industries','-84.06455','-92.55268','11:45','18:00','3553 Vulputate Ave',180,'1130','01-203-423-3943'),(618,'Orci Foundation','5.49976','-155.48005','09:00','18:00','7425 Sapien, Rd.',358,'1200','01-720-324-1651'),(619,'Arcu Institute','65.72932','20.41193','09:15','19:00','Ap #821-5905 Lacinia St.',255,'1200','01-171-336-2259'),(620,'Magna Cras Limited','1.50822','-1.69976','10:45','17:45','668-5166 Cursus. St.',206,'1170','01-745-707-3861');
INSERT INTO `parlor` (`parlor_id`,`name`,`latitude`,`longitude`,`opening_time`,`closing_time`,`street`,`street_numb`,`zip`,`phone`) VALUES (621,'Vitae Diam Institute','-22.37483','-12.1872','11:15','16:00','310-6977 Aliquet, Rd.',359,'1080','01-350-157-6421'),(622,'Dui Augue Eu Ltd','7.4533','-64.63512','11:15','16:00','242-8390 Eget Rd.',495,'1120','01-335-584-0150'),(623,'Ac Turpis Limited','-64.87033','-47.2987','11:15','16:15','P.O. Box 273, 520 Vel Road',97,'1050','01-880-943-0797'),(624,'Cras Industries','-77.5891','50.97742','11:30','18:15','P.O. Box 779, 3729 Sem Rd.',47,'1010','01-151-344-8535'),(625,'Sit Amet Company','71.38253','85.82921','09:00','17:45','1402 Eu Street',366,'1030','01-928-521-4200'),(626,'Sodales Associates','-15.292','-76.81058','12:00','16:00','796 Ac, St.',404,'1140','01-577-901-1994'),(627,'Mauris LLP','8.25614','-34.03405','11:15','18:00','P.O. Box 567, 3998 Ornare Street',456,'1130','01-278-150-2208'),(628,'In PC','-88.88684','-153.3173','10:00','17:30','9886 Non St.',338,'1200','01-625-508-8610'),(629,'Sed LLC','34.06711','78.3807','09:15','18:30','847-5810 Mauris, Rd.',408,'1160','01-167-157-2779'),(630,'Nunc Limited','-48.00642','58.9426','09:30','17:30','516-1274 Ut Ave',188,'1230','01-784-791-2094');
INSERT INTO `parlor` (`parlor_id`,`name`,`latitude`,`longitude`,`opening_time`,`closing_time`,`street`,`street_numb`,`zip`,`phone`) VALUES (631,'Nisl Maecenas Malesuada PC','-78.06251','29.92156','09:45','16:45','Ap #616-3710 Curabitur Road',483,'1220','01-828-592-9817'),(632,'Lacinia Orci Institute','-29.36589','-121.4711','10:15','17:00','5305 Quisque Av.',105,'1020','01-141-973-4342'),(633,'Purus In Molestie Incorporated','43.44506','15.81449','12:00','18:15','520-9075 Aliquam Rd.',148,'1200','01-647-381-9501'),(634,'Mauris Nulla Associates','32.17826','100.30036','10:30','18:45','P.O. Box 439, 4677 Vel Rd.',80,'1130','01-328-448-1916'),(635,'Imperdiet Corp.','11.20489','9.48217','11:30','18:30','Ap #221-3188 Sollicitudin Ave',202,'1180','01-857-570-2229'),(636,'Aliquam Fringilla Cursus Industries','-51.613','36.1038','11:45','16:00','9510 Nulla St.',96,'1030','01-107-946-2666'),(637,'Scelerisque Sed PC','61.95907','88.18298','11:45','17:45','7436 In Rd.',268,'1220','01-785-218-6753'),(638,'Diam Lorem Corporation','36.94902','28.36958','11:45','16:30','3165 Amet, Avenue',417,'1090','01-642-603-1787'),(639,'Quisque Purus Inc.','-27.29764','0.77293','10:00','18:00','4604 Tempor Road',379,'1100','01-684-296-3985'),(640,'Sem Nulla Interdum Inc.','16.60265','-94.14163','10:15','18:15','Ap #289-6229 Habitant Avenue',72,'1220','01-204-316-4810');
INSERT INTO `parlor` (`parlor_id`,`name`,`latitude`,`longitude`,`opening_time`,`closing_time`,`street`,`street_numb`,`zip`,`phone`) VALUES (641,'Ac Sem Ut Incorporated','-59.67919','-30.3988','10:15','18:30','196-4278 Scelerisque Av.',104,'1040','01-978-963-6972'),(642,'Faucibus Leo Limited','-10.86129','58.73319','11:30','17:00','2599 Viverra. St.',446,'1090','01-563-850-2446'),(643,'Purus LLP','-54.28788','81.92773','11:45','17:45','P.O. Box 717, 1210 Ac Rd.',205,'1030','01-425-594-6176'),(644,'Venenatis Vel Faucibus Associates','-64.89059','178.43905','09:45','17:15','766 Dictum Avenue',477,'1190','01-646-468-0509'),(645,'Mattis Institute','41.47037','109.06825','11:45','18:30','P.O. Box 846, 6018 Mattis. Av.',282,'1120','01-357-400-3533'),(646,'Proin Company','-25.81553','-9.30759','10:00','17:30','Ap #115-3253 Vestibulum Rd.',402,'1010','01-507-278-5343'),(647,'Molestie Foundation','66.00402','5.66674','10:15','16:15','Ap #702-4836 Amet St.',363,'1210','01-840-621-3504'),(648,'Pellentesque A Facilisis Company','41.64242','53.53978','09:45','17:00','Ap #564-6723 Nunc Street',461,'1210','01-207-613-7422'),(649,'Ornare LLP','-57.71345','54.07365','09:00','18:45','P.O. Box 368, 2612 Vitae, St.',43,'1190','01-951-605-3317'),(650,'Vitae Sodales PC','84.75443','160.74752','11:00','18:30','639-3393 Quis, Road',312,'1090','01-589-683-4978');
INSERT INTO `parlor` (`parlor_id`,`name`,`latitude`,`longitude`,`opening_time`,`closing_time`,`street`,`street_numb`,`zip`,`phone`) VALUES (651,'Dapibus Id Blandit Company','53.42649','129.59875','10:30','19:00','P.O. Box 279, 5530 Congue, Av.',131,'1060','01-469-751-2228'),(652,'Lacus Quisque Imperdiet Institute','-48.73649','-65.84922','10:00','17:00','3655 Eros Rd.',230,'1040','01-514-378-8350'),(653,'Vitae Posuere At LLP','4.22407','66.58892','11:45','16:15','281-2087 Ut Road',72,'1020','01-226-694-8184'),(654,'Quis Arcu Vel Industries','-71.35959','-164.60858','11:45','18:15','Ap #320-2477 Ut Ave',161,'1140','01-947-987-6190'),(655,'Nibh Quisque Nonummy Ltd','-23.78439','-170.07089','11:15','16:00','P.O. Box 518, 6100 Aliquam St.',443,'1050','01-854-912-5272'),(656,'Duis Ac Consulting','-17.54084','-159.43237','11:15','17:00','4143 In, Ave',179,'1120','01-871-350-9530'),(657,'Mi Foundation','88.91588','58.37091','11:30','17:00','Ap #555-8728 Neque Avenue',410,'1040','01-461-811-4631'),(658,'Montes Nascetur Ridiculus PC','-30.81126','-26.32662','09:30','17:00','712-7011 Massa Avenue',106,'1190','01-502-229-7336'),(659,'Duis Inc.','0.69279','171.8395','12:00','18:30','725-7407 Tortor. Road',152,'1140','01-166-391-7780'),(660,'Ac Urna Ut LLP','44.44217','118.973','09:30','16:30','5493 Interdum. Ave',436,'1080','01-465-262-9264');
INSERT INTO `parlor` (`parlor_id`,`name`,`latitude`,`longitude`,`opening_time`,`closing_time`,`street`,`street_numb`,`zip`,`phone`) VALUES (661,'Arcu Eu Odio Company','63.32949','7.88509','10:00','18:45','526-3144 Ultricies St.',325,'1180','01-961-168-3842'),(662,'Dolor Sit Industries','73.63514','84.43835','11:45','16:00','786-5679 Nunc Avenue',41,'1130','01-403-623-3464'),(663,'Feugiat Consulting','-65.17982','166.1591','10:45','16:00','P.O. Box 411, 106 Odio. St.',498,'1230','01-933-458-9529'),(664,'Mollis Dui Company','48.84685','-134.6313','11:00','17:30','231-7417 Eu St.',348,'1050','01-661-618-5371'),(665,'Mauris Molestie Pharetra LLC','30.7748','-39.50005','11:00','18:45','7448 Eleifend, Rd.',189,'1180','01-127-506-0632'),(666,'Amet Luctus Vulputate Industries','-50.67317','111.6663','09:00','17:00','Ap #730-7280 Varius Road',467,'1090','01-884-301-4750'),(667,'Nulla Dignissim Foundation','-54.75065','103.01088','10:15','19:00','P.O. Box 438, 9125 A Road',393,'1170','01-333-873-5542'),(668,'Fringilla LLC','-1.90171','4.10997','11:30','18:00','Ap #597-4033 Non Road',212,'1010','01-767-930-6559'),(669,'Ante Nunc Mauris Ltd','5.11536','55.47584','10:30','16:00','Ap #574-5383 Dui, Rd.',436,'1080','01-815-860-5912'),(670,'Magna Sed Eu Consulting','18.68852','-30.23857','11:15','18:00','P.O. Box 421, 5246 Enim. Ave',243,'1180','01-668-188-3264');
INSERT INTO `parlor` (`parlor_id`,`name`,`latitude`,`longitude`,`opening_time`,`closing_time`,`street`,`street_numb`,`zip`,`phone`) VALUES (671,'Pede Cras Vulputate Corp.','16.46733','-57.95159','11:30','16:15','P.O. Box 966, 4440 Nulla St.',35,'1180','01-803-775-3951'),(672,'Aliquam Tincidunt Nunc PC','-76.13526','147.45881','11:30','17:00','Ap #443-6639 Vehicula St.',275,'1080','01-285-737-6315'),(673,'Magna Tellus Faucibus Company','-74.40553','7.96223','09:15','16:30','945-4534 Eu, Av.',75,'1080','01-398-928-3914'),(674,'Lorem Vitae Odio PC','-43.75671','121.56601','09:30','16:30','4111 Elit Avenue',48,'1030','01-815-725-4193'),(675,'Vitae Mauris Sit LLP','-53.81667','-114.59334','09:00','17:45','9722 Cum Rd.',461,'1010','01-455-493-8259'),(676,'Senectus Industries','21.99979','-177.33809','09:00','18:00','Ap #769-2231 Turpis St.',155,'1080','01-497-798-2272'),(677,'Neque Tellus Imperdiet Ltd','-69.7283','5.83164','10:30','17:30','P.O. Box 303, 6965 Sed Ave',124,'1210','01-462-867-6822'),(678,'Id Magna LLP','-58.37143','-77.51153','09:15','17:30','732-5000 Taciti St.',331,'1160','01-941-440-6029'),(679,'Justo Praesent Luctus Incorporated','54.8036','6.35808','12:00','17:30','Ap #512-338 Faucibus. Street',91,'1110','01-196-477-7925'),(680,'Nisi Inc.','50.18489','-27.41149','11:45','16:45','535-4169 Semper, St.',446,'1100','01-201-987-3003');
INSERT INTO `parlor` (`parlor_id`,`name`,`latitude`,`longitude`,`opening_time`,`closing_time`,`street`,`street_numb`,`zip`,`phone`) VALUES (681,'Phasellus Ornare Fusce Institute','42.1341','-175.51344','11:15','16:00','Ap #120-6050 Sit Rd.',300,'1220','01-111-338-3366'),(682,'Vitae Risus Duis Limited','59.91919','60.1991','09:30','16:30','255-2520 Massa. Avenue',458,'1180','01-480-382-8429'),(683,'Semper Egestas Incorporated','33.73699','-64.46833','10:30','17:30','5353 Elit. Avenue',317,'1110','01-658-314-5544'),(684,'Sociis LLP','76.13929','-7.70471','11:15','17:15','P.O. Box 159, 6244 Sapien St.',306,'1060','01-941-179-9990'),(685,'Nibh Lacinia Institute','-67.33839','124.1138','11:00','19:00','377-522 At St.',23,'1110','01-276-794-0116'),(686,'Lacus Ltd','-86.4527','-58.79671','09:30','16:15','P.O. Box 971, 784 Quisque Rd.',479,'1100','01-121-431-2542'),(687,'Ipsum LLC','2.41238','78.02034','11:45','18:30','9924 Dui. Street',351,'1050','01-822-142-0686'),(688,'Dictum Consulting','29.39365','22.7463','11:45','17:00','576-4443 Amet Rd.',115,'1070','01-372-521-8495'),(689,'Elit Dictum Eu Corp.','-23.87123','-3.67813','10:45','17:30','Ap #261-7546 Vitae, Road',193,'1070','01-209-921-0738'),(690,'Commodo Hendrerit LLC','72.05647','-133.21248','10:15','16:45','Ap #791-2311 Nec Rd.',154,'1020','01-504-763-8558');
INSERT INTO `parlor` (`parlor_id`,`name`,`latitude`,`longitude`,`opening_time`,`closing_time`,`street`,`street_numb`,`zip`,`phone`) VALUES (691,'Egestas Corp.','-7.68579','-69.19106','11:00','18:30','P.O. Box 671, 8048 Enim. Road',262,'1070','01-439-752-0638'),(692,'Luctus Ipsum Ltd','61.29444','9.76986','11:00','17:15','Ap #201-5670 Sit Ave',377,'1080','01-527-406-6024'),(693,'Sed Orci Lobortis Associates','-88.22758','-5.57938','09:00','18:45','9922 Vestibulum Road',438,'1210','01-209-865-6469'),(694,'Lorem Auctor Inc.','80.48997','140.48202','09:00','16:15','893-5105 Sit Rd.',335,'1160','01-207-390-2043'),(695,'Ac Arcu Nunc Corporation','9.57538','78.54522','12:00','16:00','Ap #550-2188 Elementum, Avenue',29,'1190','01-434-157-6191'),(696,'Purus Sapien Gravida LLP','-22.49242','58.42475','09:00','17:45','427-4409 Varius St.',352,'1050','01-245-860-2341'),(697,'Orci Company','-1.80036','158.47425','10:00','16:30','223-2498 Egestas Ave',52,'1150','01-409-752-2864'),(698,'Feugiat Lorem Ltd','-45.84386','-165.69881','09:15','16:00','Ap #493-4302 Leo. Rd.',345,'1020','01-824-544-4896'),(699,'Ornare Tortor At Limited','-57.48461','70.80189','12:00','17:15','991-773 Rutrum, Rd.',446,'1170','01-820-741-7918'),(700,'Dolor Egestas PC','-34.99758','10.00985','11:30','16:15','7742 Sociosqu Ave',122,'1060','01-901-654-1824');
INSERT INTO `parlor` (`parlor_id`,`name`,`latitude`,`longitude`,`opening_time`,`closing_time`,`street`,`street_numb`,`zip`,`phone`) VALUES (701,'Cum Sociis Incorporated','-64.55345','-41.19883','10:00','17:45','867 Nulla. St.',179,'1040','01-318-907-7231'),(702,'Interdum Curabitur PC','-89.16649','13.84348','10:30','18:45','8121 Mauris Avenue',277,'1130','01-143-700-9749'),(703,'Dui Cras Limited','-48.90957','-8.76584','10:15','16:45','Ap #755-5101 Nec Ave',171,'1070','01-895-875-2880'),(704,'Massa Quisque Porttitor Limited','-47.63803','-32.95662','09:30','17:30','4588 Sem Road',308,'1020','01-537-125-2983'),(705,'Per Conubia Nostra Corp.','38.35213','88.06384','09:15','18:30','Ap #618-1031 Fermentum Street',267,'1040','01-486-974-7180'),(706,'Dictum Augue Industries','17.20065','-121.83338','09:30','17:45','P.O. Box 843, 1431 In, St.',47,'1040','01-119-307-8832'),(707,'Libero Ltd','25.43513','87.41078','09:00','18:15','Ap #834-4267 Mauris St.',374,'1190','01-735-978-0131'),(708,'Integer Id Magna Industries','-6.98736','-178.95749','10:00','18:00','446-2874 Suspendisse Av.',80,'1180','01-590-824-0045'),(709,'Rutrum Eu Ultrices Ltd','47.8822','1.49898','09:30','16:45','7040 Neque Av.',160,'1060','01-802-208-8997'),(710,'Mauris Erat Industries','-59.2461','-69.57','12:00','18:45','439-276 Purus Av.',77,'1130','01-381-609-4715');
INSERT INTO `parlor` (`parlor_id`,`name`,`latitude`,`longitude`,`opening_time`,`closing_time`,`street`,`street_numb`,`zip`,`phone`) VALUES (711,'Phasellus Dolor Associates','11.28531','-22.256','10:15','18:45','Ap #751-6935 Est Rd.',355,'1040','01-486-434-4969'),(712,'Ut Incorporated','-27.48939','-51.412','10:30','16:00','8630 Suspendisse St.',311,'1080','01-742-755-7349'),(713,'Dictum Ltd','13.94846','47.87886','12:00','17:15','Ap #831-8205 Quis Street',180,'1010','01-727-543-9344'),(714,'Interdum Ltd','-3.75235','91.4609','12:00','18:30','9587 Mi St.',172,'1190','01-720-107-5075'),(715,'Quis Accumsan Associates','75.89976','-101.62185','09:15','16:15','P.O. Box 532, 4369 Varius Road',131,'1170','01-198-566-8001'),(716,'Quam A Felis LLP','25.10667','31.57696','10:45','16:30','P.O. Box 193, 5713 Ac Rd.',295,'1210','01-862-901-6612'),(717,'Vel Turpis Inc.','19.15249','-0.14755','10:00','18:30','718-388 Luctus, St.',251,'1060','01-505-604-1489'),(718,'Eu Incorporated','-7.57589','22.43742','09:15','18:30','5790 Dui. Avenue',163,'1220','01-386-707-1593'),(719,'A Odio Corporation','-80.64908','-61.38954','10:00','16:00','Ap #247-5124 Mus. Av.',109,'1190','01-296-672-0605'),(720,'Mus Donec Consulting','39.0349','53.79133','10:15','16:00','Ap #316-6727 Euismod Road',131,'1150','01-999-451-3274');
INSERT INTO `parlor` (`parlor_id`,`name`,`latitude`,`longitude`,`opening_time`,`closing_time`,`street`,`street_numb`,`zip`,`phone`) VALUES (721,'Neque Tellus Imperdiet Consulting','47.98939','-163.64702','09:45','18:15','Ap #228-448 Dictum Street',332,'1150','01-594-832-0501'),(722,'Etiam Company','0.41297','-101.74456','09:15','16:00','P.O. Box 898, 1990 Nam Ave',384,'1200','01-791-839-4201'),(723,'Mauris Id Incorporated','-31.36658','-113.04774','10:30','16:30','Ap #331-1484 Et Ave',388,'1040','01-103-537-9440'),(724,'Nulla Facilisi Corp.','-14.37871','60.06288','10:45','16:00','906-2299 Laoreet Rd.',59,'1210','01-442-706-0117'),(725,'Ut Corp.','44.48011','-29.23786','11:15','16:45','Ap #487-6743 Duis Street',89,'1210','01-274-492-1627'),(726,'Per Inceptos Corp.','29.61195','99.23397','10:00','17:45','Ap #123-8411 Mollis St.',246,'1020','01-289-853-7921'),(727,'Erat Vel Pede Consulting','67.00972','4.44544','12:00','16:00','419-611 Eros. St.',398,'1180','01-629-449-8281'),(728,'Nunc Mauris Incorporated','-42.91671','110.47126','12:00','18:45','640-2869 Neque Road',259,'1130','01-622-291-1648'),(729,'Sollicitudin A Inc.','-26.08888','-65.48899','09:00','18:30','P.O. Box 304, 5939 Morbi Ave',384,'1100','01-489-665-1521'),(730,'Enim Commodo Hendrerit LLP','-88.56791','80.76114','11:30','17:15','P.O. Box 114, 6820 At Av.',464,'1190','01-954-521-8158');
INSERT INTO `parlor` (`parlor_id`,`name`,`latitude`,`longitude`,`opening_time`,`closing_time`,`street`,`street_numb`,`zip`,`phone`) VALUES (731,'Velit Eu Consulting','9.00807','-143.98463','11:30','16:30','P.O. Box 620, 508 Sodales Avenue',210,'1220','01-298-994-4052'),(732,'Fringilla Associates','67.5086','41.53605','09:30','17:45','Ap #847-2370 Neque Road',402,'1220','01-422-491-1426'),(733,'Adipiscing LLC','79.06149','-160.42945','10:00','18:00','P.O. Box 670, 8934 Ridiculus St.',42,'1210','01-119-239-9598'),(734,'Enim Sit Amet Corporation','-13.81924','57.10335','09:45','18:30','9658 Pellentesque St.',174,'1200','01-332-187-5232'),(735,'Nibh Sit Amet Ltd','-41.32009','119.91142','10:45','17:00','Ap #223-316 Libero Rd.',143,'1120','01-457-433-3856'),(736,'Vitae Dolor Associates','19.4462','-61.00631','11:15','18:30','P.O. Box 286, 1128 Ligula. Ave',21,'1030','01-304-502-0579'),(737,'Ornare Elit Inc.','78.55776','137.38762','11:45','18:30','P.O. Box 962, 7721 Semper Street',331,'1130','01-753-846-6668'),(738,'Tristique Associates','43.49062','-161.77536','09:30','17:15','P.O. Box 431, 9608 Pellentesque Rd.',321,'1220','01-934-593-1240'),(739,'Nisl Maecenas Malesuada Consulting','-58.70508','-13.87096','09:45','18:15','P.O. Box 928, 6001 Enim, Road',259,'1060','01-679-193-6940'),(740,'Mauris Corporation','76.61623','91.63692','09:00','19:00','2561 Convallis St.',182,'1040','01-292-711-2868');
INSERT INTO `parlor` (`parlor_id`,`name`,`latitude`,`longitude`,`opening_time`,`closing_time`,`street`,`street_numb`,`zip`,`phone`) VALUES (741,'Sed Dui Inc.','34.47701','53.47352','09:30','19:00','P.O. Box 348, 4723 Vulputate Avenue',231,'1230','01-396-128-2084'),(742,'Dis LLC','60.41541','85.67836','10:00','17:45','Ap #335-4506 Mauris Road',361,'1090','01-901-163-7111'),(743,'Aptent Taciti Inc.','-71.03423','-73.68047','11:15','17:45','Ap #948-1806 Et Rd.',241,'1090','01-924-700-3581'),(744,'Montes Nascetur Ridiculus PC','-44.17564','133.9994','09:00','18:15','Ap #114-1939 Ac, Street',437,'1170','01-118-260-7926'),(745,'Turpis PC','-17.03614','134.02926','11:15','17:15','Ap #240-6384 Morbi Rd.',259,'1170','01-251-277-7726'),(746,'Erat Institute','-43.3239','-80.0828','11:45','16:15','5026 Vulputate Ave',116,'1150','01-913-546-0084'),(747,'Curabitur Ltd','-68.90237','-24.47912','09:30','16:30','3416 Nisl Rd.',234,'1030','01-510-694-1196'),(748,'Arcu Aliquam PC','-46.23494','-123.12472','12:00','18:00','Ap #632-8447 Pede Rd.',123,'1220','01-445-319-8294'),(749,'Eget Incorporated','86.73834','-160.62308','09:30','17:30','Ap #536-5112 Lectus Ave',241,'1140','01-153-824-9695'),(750,'Lorem Ac Risus PC','66.16723','-149.62847','11:30','17:15','Ap #659-8792 Non, Street',410,'1220','01-477-365-3302');
INSERT INTO `parlor` (`parlor_id`,`name`,`latitude`,`longitude`,`opening_time`,`closing_time`,`street`,`street_numb`,`zip`,`phone`) VALUES (751,'Ante Corp.','22.94794','13.48668','10:45','16:45','Ap #202-1464 Ligula. Street',440,'1050','01-409-400-4830'),(752,'Nisl Arcu PC','-80.4981','117.75737','12:00','16:45','126-3763 Mauris Street',13,'1210','01-543-617-2500'),(753,'Vitae LLP','-49.14024','128.24114','11:00','16:15','Ap #884-8894 Enim. Street',197,'1020','01-892-631-8212'),(754,'Pulvinar Arcu Foundation','-33.69516','133.01835','11:45','17:15','P.O. Box 656, 5259 Lobortis Street',435,'1010','01-301-164-4745'),(755,'Congue A LLC','-70.63401','100.73979','11:45','16:00','644-1507 Sollicitudin Ave',272,'1190','01-707-981-0891'),(756,'Sapien Aenean Massa Corp.','65.25626','99.6722','10:30','16:30','Ap #291-198 Nunc. Rd.',202,'1130','01-147-272-2275'),(757,'Lacinia Foundation','-3.97584','-157.30419','09:45','18:00','Ap #117-6455 Ut St.',194,'1020','01-387-846-8230'),(758,'Tincidunt Adipiscing Mauris Limited','33.31206','-115.96534','10:00','19:00','414-2505 Blandit Street',282,'1220','01-678-916-9260'),(759,'Tempor Consulting','81.13128','56.58976','10:30','16:15','P.O. Box 721, 192 Enim. Av.',309,'1110','01-652-379-5334'),(760,'Eu Neque Corporation','55.38773','-167.78009','09:45','17:15','4456 Nunc St.',474,'1220','01-565-946-2151');
INSERT INTO `parlor` (`parlor_id`,`name`,`latitude`,`longitude`,`opening_time`,`closing_time`,`street`,`street_numb`,`zip`,`phone`) VALUES (761,'Ut Institute','80.18752','73.60126','09:45','17:15','Ap #426-3094 Diam. St.',44,'1060','01-700-984-4988'),(762,'Aenean PC','-84.76736','-174.24406','11:30','18:45','P.O. Box 485, 199 Lobortis. Avenue',305,'1110','01-612-177-7255'),(763,'Justo Proin Non Corporation','68.49836','-163.11932','11:15','17:00','Ap #873-6509 Sem, Av.',402,'1220','01-340-249-3494'),(764,'Risus Nulla Institute','-84.0425','24.67539','09:45','16:00','Ap #998-554 Hendrerit Ave',366,'1140','01-764-205-6086'),(765,'Faucibus Lectus A Foundation','88.76432','118.59093','10:00','18:00','4791 Ipsum St.',275,'1150','01-496-467-8841'),(766,'Ultricies Sem Company','-76.55195','-152.30184','10:15','17:30','547-8037 Mauris Road',27,'1120','01-315-503-2914'),(767,'Eget Tincidunt PC','-85.2435','-73.12184','09:00','18:30','752-9801 Ornare, Street',439,'1190','01-446-470-8653'),(768,'Malesuada Ut Associates','0.40366','175.74968','10:15','19:00','7229 Aliquet Street',490,'1100','01-613-787-7186'),(769,'Non Luctus Incorporated','2.48223','-165.98871','10:00','17:00','P.O. Box 536, 4485 Sociis Rd.',296,'1110','01-896-914-4032'),(770,'Dolor Inc.','11.39424','99.57551','10:30','18:45','1587 Sapien Rd.',42,'1060','01-330-675-4054');
INSERT INTO `parlor` (`parlor_id`,`name`,`latitude`,`longitude`,`opening_time`,`closing_time`,`street`,`street_numb`,`zip`,`phone`) VALUES (771,'Nunc Ltd','-5.47943','28.57761','09:15','18:30','7872 Amet, Road',167,'1120','01-340-402-4448'),(772,'Magna Limited','60.43633','-136.83563','10:00','18:30','P.O. Box 539, 4377 Vivamus Ave',187,'1230','01-434-160-0893'),(773,'Libero Morbi Industries','43.54001','74.18627','10:30','17:30','461-7450 Velit. Ave',490,'1010','01-701-624-5891'),(774,'Nulla Corporation','0.96624','-44.33342','11:00','17:00','4100 Lectus Road',228,'1080','01-282-814-2628'),(775,'Vel Arcu Eu LLC','-80.2213','166.23438','11:15','19:00','818-936 Laoreet, Av.',295,'1210','01-196-504-8017'),(776,'Mauris Blandit Corp.','19.80699','-10.65224','10:45','18:15','291-3951 Egestas St.',245,'1050','01-311-509-1528'),(777,'Morbi Tristique Senectus Corporation','43.54166','54.47581','12:00','19:00','Ap #919-3719 Ultricies Avenue',1,'1120','01-892-101-1153'),(778,'Ut Foundation','69.86159','-114.38984','10:15','17:15','4644 Magna Road',445,'1140','01-872-238-6233'),(779,'Neque Consulting','-40.83613','-115.72989','09:00','18:45','926-7169 Integer Avenue',469,'1080','01-419-850-1586'),(780,'In Foundation','-16.39107','110.7546','11:00','17:15','P.O. Box 424, 4486 Molestie Avenue',442,'1160','01-721-605-3589');
INSERT INTO `parlor` (`parlor_id`,`name`,`latitude`,`longitude`,`opening_time`,`closing_time`,`street`,`street_numb`,`zip`,`phone`) VALUES (781,'Magna Praesent Consulting','25.50457','119.12753','10:45','16:15','9792 Aliquet Road',495,'1130','01-823-659-9704'),(782,'Aliquet Corp.','-82.6828','-55.69159','10:45','18:00','Ap #881-3912 Sociis Rd.',488,'1180','01-193-488-4726'),(783,'Nulla Eu Corp.','42.55114','138.69378','09:30','18:45','1817 Ligula. Road',130,'1110','01-699-889-4928'),(784,'Eget Ltd','39.61544','-57.11507','11:30','19:00','Ap #464-9957 Dui St.',137,'1180','01-702-602-8015'),(785,'Ut Pellentesque LLP','26.9698','-125.35812','09:30','19:00','P.O. Box 370, 2577 Turpis Rd.',443,'1160','01-406-811-4626'),(786,'Conubia Foundation','-40.50817','178.12084','11:45','18:15','992 Pellentesque St.',259,'1230','01-186-189-7220'),(787,'At Limited','-89.38794','-108.80357','11:30','19:00','Ap #484-8658 Arcu St.',285,'1060','01-357-701-6118'),(788,'Scelerisque Dui Associates','-28.44935','-179.89888','11:15','16:30','Ap #842-3087 Leo Rd.',187,'1180','01-490-373-6989'),(789,'Turpis PC','51.48317','-71.71309','11:45','18:30','6693 Tellus Rd.',107,'1080','01-290-547-1280'),(790,'Vitae Dolor Donec Inc.','87.54338','49.87735','11:30','16:45','Ap #454-1684 Dis Rd.',164,'1130','01-534-714-1021');
INSERT INTO `parlor` (`parlor_id`,`name`,`latitude`,`longitude`,`opening_time`,`closing_time`,`street`,`street_numb`,`zip`,`phone`) VALUES (791,'Cursus Inc.','-36.72688','52.22728','10:00','18:15','754-7315 Malesuada Street',122,'1180','01-429-226-9126'),(792,'At Nisi Cum Associates','-47.08048','-169.10966','11:30','18:00','801-2560 Etiam Ave',384,'1020','01-876-578-1814'),(793,'Vitae Corp.','-10.69773','-156.43342','11:30','18:00','P.O. Box 276, 8442 Eget Street',16,'1050','01-912-961-6512'),(794,'Ac Arcu Nunc PC','27.53375','-110.40948','10:15','16:15','557-910 Est, Road',395,'1080','01-904-325-4009'),(795,'In Consectetuer Corporation','43.86912','77.40659','10:30','18:15','P.O. Box 614, 3050 Non, Rd.',210,'1010','01-922-608-1853'),(796,'Facilisis Consulting','63.38642','108.24459','09:30','18:00','P.O. Box 695, 7496 Orci Avenue',381,'1200','01-383-703-8533'),(797,'Ultricies Ltd','17.45849','-1.37471','10:30','16:00','877-8141 Eget Avenue',104,'1200','01-138-116-3535'),(798,'Ullamcorper Magna Corporation','11.85902','-34.56949','12:00','18:15','Ap #298-7642 Parturient Rd.',350,'1130','01-317-873-5248'),(799,'Laoreet Associates','-21.75763','59.82603','10:15','18:00','P.O. Box 314, 7136 Adipiscing Av.',221,'1210','01-274-555-6728'),(800,'Aliquam Erat Volutpat Incorporated','9.19418','-82.73805','10:30','16:15','P.O. Box 596, 1247 Sapien. Street',183,'1210','01-589-929-4039');
INSERT INTO `parlor` (`parlor_id`,`name`,`latitude`,`longitude`,`opening_time`,`closing_time`,`street`,`street_numb`,`zip`,`phone`) VALUES (801,'Duis Consulting','-43.70076','-63.90891','11:00','16:45','744-147 Risus. Avenue',26,'1040','01-128-417-6007'),(802,'Tortor Nibh Sit Corp.','83.82005','-110.83006','12:00','16:45','119-3590 Faucibus Avenue',54,'1100','01-533-945-4514'),(803,'Et Magnis Corporation','-41.72494','-117.71213','10:30','16:15','P.O. Box 822, 9492 Interdum Avenue',34,'1200','01-496-331-8410'),(804,'Nisi Nibh Lacinia LLC','-6.56525','168.63236','10:30','19:00','992-7913 Duis St.',244,'1160','01-733-665-4233'),(805,'Vestibulum Ante Ipsum Industries','-37.1426','-135.16785','11:00','18:30','428-8674 Convallis St.',130,'1170','01-186-192-8052'),(806,'Lobortis Quis Corporation','42.83565','172.45581','10:00','16:45','P.O. Box 832, 9872 Libero. St.',404,'1140','01-278-587-4836'),(807,'Eu Augue Corporation','87.21787','-177.19449','11:45','17:45','Ap #623-3727 Diam. Street',122,'1120','01-113-121-6262'),(808,'Aliquet LLC','78.16062','-44.30542','09:45','18:15','8074 Urna, St.',318,'1130','01-140-876-0649'),(809,'Eros Consulting','86.52632','-86.00276','11:00','16:15','5429 Ut Avenue',53,'1030','01-333-920-8210'),(810,'Tempor Foundation','-26.58113','51.07719','10:15','16:45','P.O. Box 390, 1753 Aliquam Rd.',166,'1200','01-742-765-4416');
INSERT INTO `parlor` (`parlor_id`,`name`,`latitude`,`longitude`,`opening_time`,`closing_time`,`street`,`street_numb`,`zip`,`phone`) VALUES (811,'Nunc Ut Inc.','15.89318','31.65315','09:45','16:45','304-2295 In St.',138,'1070','01-866-548-0873'),(812,'Elit Corporation','36.25398','21.40291','09:45','16:45','255-4123 Consequat Road',92,'1180','01-637-772-9028'),(813,'Lobortis Mauris Corporation','-12.74739','120.97899','09:30','16:00','790-1365 Donec Av.',269,'1140','01-509-368-8087'),(814,'Id Mollis Nec Incorporated','-49.29783','-67.3888','09:30','19:00','6566 Ante Avenue',172,'1010','01-607-765-1390'),(815,'Lobortis LLP','-22.06004','-3.26882','09:30','16:00','P.O. Box 102, 1903 Pharetra Av.',211,'1230','01-846-280-7749'),(816,'Aliquet Institute','-70.59032','-37.51064','09:30','17:45','475-6645 Diam Av.',249,'1210','01-731-360-0329'),(817,'Blandit PC','18.18338','-129.10316','12:00','17:15','3106 Tincidunt Av.',444,'1010','01-365-841-4537'),(818,'Iaculis Odio Consulting','-12.2143','64.76352','09:00','16:45','P.O. Box 945, 3830 Pharetra. Rd.',196,'1230','01-449-287-0810'),(819,'Purus Duis Incorporated','32.54986','52.75755','09:15','17:00','Ap #391-3096 Magna Rd.',120,'1170','01-284-713-7413'),(820,'Fames Limited','-61.55555','-98.87644','10:45','18:30','P.O. Box 996, 8381 Lorem Rd.',359,'1050','01-114-494-4301');
INSERT INTO `parlor` (`parlor_id`,`name`,`latitude`,`longitude`,`opening_time`,`closing_time`,`street`,`street_numb`,`zip`,`phone`) VALUES (821,'Enim Consequat Purus Corporation','45.22144','-66.59754','09:30','17:30','894-3977 Magna. Av.',278,'1170','01-945-984-8586'),(822,'Ultricies Ornare Incorporated','-58.2972','74.82495','10:00','18:00','194-4082 Urna. Avenue',79,'1230','01-169-979-7131'),(823,'Nec Ante Blandit Inc.','-9.7007','118.90228','09:15','17:30','P.O. Box 541, 9702 Non St.',401,'1090','01-893-521-9305'),(824,'Accumsan Laoreet Inc.','21.25475','93.39596','09:15','19:00','8571 Varius. Rd.',304,'1020','01-479-854-4343'),(825,'Arcu Corporation','-56.07253','72.04816','10:00','17:15','Ap #307-5921 Montes, Av.',413,'1080','01-910-796-5413'),(826,'Mi Duis Risus Institute','3.24856','133.09164','11:15','18:30','P.O. Box 263, 2961 Donec Rd.',445,'1150','01-597-563-1249'),(827,'Mauris Non Associates','23.36999','-159.16979','11:45','18:45','P.O. Box 460, 5141 Egestas. Rd.',357,'1060','01-836-938-9394'),(828,'Sed Orci LLP','-68.67255','-87.81518','09:45','17:30','4978 Risus Avenue',414,'1090','01-242-991-3192'),(829,'Et Incorporated','46.95443','-6.87081','12:00','17:15','2178 Cursus. Road',184,'1200','01-544-367-8248'),(830,'Tempus Eu Corp.','-69.26805','102.38479','11:00','18:30','P.O. Box 679, 373 Donec Ave',286,'1090','01-488-464-2114');
INSERT INTO `parlor` (`parlor_id`,`name`,`latitude`,`longitude`,`opening_time`,`closing_time`,`street`,`street_numb`,`zip`,`phone`) VALUES (831,'Egestas Fusce Aliquet Corp.','13.46793','-166.66174','11:30','19:00','208-2251 Tellus Av.',420,'1230','01-348-385-5480'),(832,'Placerat Orci Lacus Company','23.56335','-119.14839','09:00','19:00','385-3873 Ante St.',184,'1110','01-529-999-1016'),(833,'Tempus Eu Ligula Limited','-13.68702','155.19019','10:45','17:30','604-5159 Magna Rd.',167,'1190','01-354-514-8178'),(834,'In Tincidunt Company','-40.29578','-172.44851','09:45','18:30','Ap #429-9079 Iaculis Rd.',261,'1150','01-103-725-9020'),(835,'Volutpat Nulla Industries','-7.64422','63.97901','10:45','19:00','684 Dui St.',35,'1110','01-726-568-8686'),(836,'Libero Est Congue Industries','39.12499','9.52196','10:30','18:15','232-6861 Dui. Av.',481,'1090','01-925-494-3176'),(837,'Lorem Tristique Corporation','14.05023','-73.79782','10:00','17:15','Ap #599-5042 Vehicula Rd.',97,'1090','01-925-736-9078'),(838,'Vel Convallis In PC','21.92171','-129.54554','11:30','17:15','P.O. Box 503, 4376 Molestie Avenue',68,'1170','01-166-705-4146'),(839,'Porttitor Tellus LLC','-23.85408','35.59734','10:15','17:30','195-8508 Lacus Avenue',96,'1180','01-334-977-7478'),(840,'Ante Ipsum LLC','25.84645','87.82251','10:15','19:00','Ap #766-8583 Nunc Street',478,'1110','01-683-718-3413');
INSERT INTO `parlor` (`parlor_id`,`name`,`latitude`,`longitude`,`opening_time`,`closing_time`,`street`,`street_numb`,`zip`,`phone`) VALUES (841,'Nunc Lectus Industries','-53.65935','-43.22054','11:15','18:45','Ap #969-933 Id St.',122,'1160','01-968-531-6144'),(842,'Ante Dictum Company','-40.49224','-21.24204','10:30','18:30','573-9071 A Rd.',149,'1060','01-626-874-1308'),(843,'Pellentesque Tellus Company','-41.18384','177.26612','10:45','17:45','273-9387 Urna Ave',243,'1120','01-102-523-7823'),(844,'Habitant Company','18.88142','32.61233','11:45','17:15','820-352 Phasellus Rd.',201,'1150','01-754-130-9414'),(845,'Neque Sed LLP','83.21392','47.92339','11:30','16:45','Ap #507-6320 Duis St.',478,'1020','01-444-279-5640'),(846,'Elit LLC','-73.99463','94.94774','10:15','18:00','Ap #587-1049 Ante. St.',466,'1090','01-399-376-5902'),(847,'Nunc In Ltd','23.14471','-75.06255','11:00','18:00','5275 Rutrum Rd.',239,'1170','01-463-553-7196'),(848,'Hendrerit A Arcu Inc.','33.60395','-123.48443','11:30','18:00','5403 Et, St.',332,'1100','01-982-488-6763'),(849,'Orci Donec Nibh Foundation','-48.9679','144.71282','11:00','17:15','4360 Erat St.',310,'1220','01-348-168-7781'),(850,'Elit Associates','-59.86272','-5.19944','09:00','17:30','962-2533 Dui Av.',339,'1080','01-607-619-1333');
INSERT INTO `parlor` (`parlor_id`,`name`,`latitude`,`longitude`,`opening_time`,`closing_time`,`street`,`street_numb`,`zip`,`phone`) VALUES (851,'Maecenas Libero Est Ltd','-51.85122','-127.41397','12:00','16:45','8494 Volutpat. Road',304,'1090','01-286-786-7565'),(852,'Sed Corporation','-74.29364','53.51733','09:00','18:15','Ap #522-3082 Mollis. Av.',350,'1120','01-384-135-7131'),(853,'Hendrerit Consectetuer LLP','-27.30859','-58.41041','12:00','18:00','895-6849 Gravida Rd.',392,'1150','01-922-313-1959'),(854,'Vivamus Euismod Limited','-11.58783','14.77331','12:00','16:00','Ap #414-8101 Vestibulum Avenue',456,'1190','01-973-446-9519'),(855,'Proin Sed Turpis Corp.','-56.31709','-106.75157','11:00','17:45','P.O. Box 923, 8562 Non, Street',1,'1150','01-625-763-3491'),(856,'Libero Lacus Varius Ltd','-0.12569','-105.53136','09:15','17:30','499-9743 Integer St.',365,'1220','01-134-113-8985'),(857,'A Associates','-37.31598','64.07674','09:00','18:00','Ap #973-4151 Massa Av.',4,'1070','01-634-815-5777'),(858,'Lacinia Incorporated','74.05781','25.16649','11:45','16:30','4092 Ac St.',123,'1200','01-343-318-7412'),(859,'Id Magna Et Incorporated','-80.49802','145.68221','10:00','18:45','7855 Eu Rd.',30,'1170','01-235-685-8960'),(860,'Sed Corporation','74.86905','85.00672','11:15','18:45','P.O. Box 618, 6251 Amet, St.',310,'1090','01-658-590-6390');
INSERT INTO `parlor` (`parlor_id`,`name`,`latitude`,`longitude`,`opening_time`,`closing_time`,`street`,`street_numb`,`zip`,`phone`) VALUES (861,'Placerat Orci Lacus Incorporated','73.34384','-155.08654','10:30','18:45','804-6976 A Avenue',413,'1030','01-865-324-7892'),(862,'Eleifend Vitae Erat Corp.','-19.16589','-24.49971','10:45','18:30','802-304 Posuere Road',260,'1190','01-567-395-5596'),(863,'Est Tempor Bibendum Industries','42.20858','-54.23145','12:00','16:15','737-4032 Aliquam Ave',421,'1070','01-858-956-8483'),(864,'Quisque Corporation','-29.2193','84.39608','10:30','17:00','949-9607 Arcu. Ave',103,'1120','01-865-377-7573'),(865,'Ornare Libero At Consulting','-17.49218','12.49114','09:30','18:15','9174 Non, Ave',368,'1100','01-469-356-3338'),(866,'Quisque Varius Limited','58.37035','94.3329','10:30','17:30','Ap #650-657 Sit Road',9,'1110','01-328-826-5169'),(867,'Quisque Fringilla Limited','80.70404','118.42098','11:15','16:15','518-9931 Penatibus Avenue',267,'1190','01-128-307-7710'),(868,'At Pede LLC','13.80082','-107.57594','11:15','16:00','P.O. Box 150, 7022 Tortor, Av.',215,'1030','01-279-191-7367'),(869,'Sit Amet Consectetuer Foundation','-82.95978','121.93193','12:00','19:00','110 Eget Av.',14,'1210','01-168-926-6988'),(870,'Pede Praesent Eu Ltd','-45.55326','-24.90424','09:30','17:45','8431 Sed, Av.',354,'1050','01-663-515-9348');
INSERT INTO `parlor` (`parlor_id`,`name`,`latitude`,`longitude`,`opening_time`,`closing_time`,`street`,`street_numb`,`zip`,`phone`) VALUES (871,'Imperdiet Ullamcorper Institute','-58.08056','-139.33765','10:00','16:15','1495 Ipsum. Ave',94,'1190','01-107-752-1397'),(872,'Mi Lacinia Consulting','-1.61602','106.92371','09:15','16:00','376-3311 Tempus Rd.',155,'1030','01-707-393-4477'),(873,'Tellus Eu Institute','36.18411','53.08996','11:45','16:00','Ap #749-3632 Velit. Street',49,'1040','01-633-234-7506'),(874,'Sed Malesuada Augue PC','62.34301','158.15838','11:15','16:30','P.O. Box 557, 6390 Donec Rd.',369,'1160','01-837-599-0277'),(875,'Laoreet Lectus Institute','53.41985','42.23835','11:00','17:30','Ap #696-1485 In Avenue',96,'1040','01-372-964-7121'),(876,'At Risus PC','-31.15931','146.18665','10:30','17:00','2708 Ligula. Road',199,'1100','01-187-566-9975'),(877,'Sit Amet Foundation','-20.89137','-150.57694','09:15','17:45','P.O. Box 100, 5854 Quis St.',362,'1150','01-282-666-6590'),(878,'Vel Company','-23.38214','28.61057','11:30','16:00','217 Elementum, Av.',227,'1080','01-651-948-9659'),(879,'Molestie Tortor Limited','-34.90977','55.22912','11:45','17:45','Ap #595-9907 Scelerisque Rd.',210,'1130','01-575-623-7280'),(880,'Donec PC','-23.67889','-19.99659','10:45','17:15','438-354 Et Ave',477,'1170','01-418-212-4792');
INSERT INTO `parlor` (`parlor_id`,`name`,`latitude`,`longitude`,`opening_time`,`closing_time`,`street`,`street_numb`,`zip`,`phone`) VALUES (881,'Non Lorem Vitae Company','-78.13186','138.76216','09:00','19:00','Ap #599-9956 Fusce St.',163,'1190','01-690-739-1151'),(882,'Pede Incorporated','-16.35082','111.16749','10:15','18:30','Ap #417-9770 Lacus. Av.',346,'1030','01-962-259-4840'),(883,'Tincidunt Tempus Risus Inc.','51.32053','-126.64487','11:15','18:15','7458 Primis Avenue',127,'1190','01-360-364-0008'),(884,'Ante Institute','25.61531','88.60153','11:45','18:30','293-5885 Consectetuer Road',169,'1020','01-942-832-6594'),(885,'Aliquam Adipiscing Limited','15.59825','-8.97315','09:15','16:15','P.O. Box 119, 6813 Vulputate Road',346,'1090','01-812-586-9233'),(886,'Ultricies Limited','30.83914','-135.72134','10:15','17:15','916-1976 Quisque St.',246,'1100','01-385-613-9400'),(887,'Laoreet Ipsum Associates','-13.39266','-158.78943','09:00','16:45','Ap #470-434 Sagittis Avenue',85,'1110','01-965-826-2234'),(888,'Donec PC','44.56409','32.33619','10:30','18:45','Ap #386-4905 Consectetuer Rd.',153,'1050','01-260-458-7493'),(889,'Metus In Nec Institute','22.78869','-43.48294','09:15','17:00','768-7285 Magna. Av.',354,'1030','01-910-686-2199'),(890,'Fermentum Risus At Ltd','-67.35533','-117.77584','11:45','19:00','406-8149 A, Avenue',220,'1030','01-345-446-8415');
INSERT INTO `parlor` (`parlor_id`,`name`,`latitude`,`longitude`,`opening_time`,`closing_time`,`street`,`street_numb`,`zip`,`phone`) VALUES (891,'Mi Foundation','3.39213','77.81274','10:30','17:30','Ap #677-2173 Morbi Street',175,'1010','01-331-926-9880'),(892,'Et Risus Quisque Associates','-87.00615','-49.47305','12:00','16:45','Ap #473-1391 Dui Ave',139,'1050','01-681-524-3103'),(893,'Ut Quam Vel Associates','-84.52676','154.86197','10:30','18:45','Ap #626-3984 Quam. Street',223,'1050','01-478-120-9179'),(894,'Pede Ac Corporation','-34.74116','-78.47662','11:45','16:15','7729 Pellentesque Rd.',333,'1220','01-739-589-4938'),(895,'Felis Ullamcorper Viverra Institute','-87.07308','63.69389','11:30','18:45','665-1212 At St.',342,'1090','01-997-150-5385'),(896,'Scelerisque Dui Incorporated','-61.35337','134.58524','09:30','17:45','P.O. Box 707, 5597 Tristique St.',448,'1140','01-758-184-4930'),(897,'Sollicitudin A Malesuada Incorporated','-46.46602','-115.745','09:00','18:30','1419 Dui St.',127,'1200','01-290-500-2952'),(898,'Tellus Justo Sit Institute','-2.82994','-55.46114','10:15','16:00','512-9985 Iaculis St.',337,'1200','01-622-541-4833'),(899,'A Malesuada Ltd','61.22083','163.39416','10:00','16:15','P.O. Box 681, 7741 Dolor, St.',229,'1100','01-875-159-5553'),(900,'Phasellus Vitae Mauris Industries','66.93322','1.51397','12:00','17:15','P.O. Box 456, 3962 Gravida Avenue',8,'1090','01-245-587-8030');
INSERT INTO `parlor` (`parlor_id`,`name`,`latitude`,`longitude`,`opening_time`,`closing_time`,`street`,`street_numb`,`zip`,`phone`) VALUES (901,'Sit Institute','-1.04891','-142.87848','12:00','17:30','Ap #463-4064 Mauris. St.',144,'1060','01-193-984-2365'),(902,'Vestibulum Lorem Sit Foundation','-58.33357','42.58069','11:15','18:30','P.O. Box 663, 8208 Proin Street',173,'1130','01-573-387-8572'),(903,'Fusce Mi Lorem LLC','33.36988','-22.24727','10:45','18:45','P.O. Box 279, 2763 Non Rd.',368,'1050','01-137-875-2779'),(904,'Malesuada Id Limited','-45.73791','168.8954','11:45','17:45','6322 Ligula. Ave',344,'1160','01-266-605-6826'),(905,'Curae Phasellus Ornare Inc.','-24.26517','-83.12944','09:30','17:30','Ap #436-1755 Nec, Road',273,'1050','01-651-403-8361'),(906,'Auctor Odio Corp.','35.69216','-167.55235','10:45','16:00','Ap #501-2513 Habitant St.',238,'1010','01-392-367-5473'),(907,'Et Corporation','17.58337','99.9849','09:15','17:45','3197 Mauris Rd.',422,'1120','01-609-631-7924'),(908,'Maecenas Ornare Egestas Institute','-60.06962','168.84388','11:30','18:30','8177 Et, Rd.',135,'1070','01-392-922-2657'),(909,'Aliquam Tincidunt Nunc Company','-35.27782','-90.43279','09:15','18:45','Ap #871-6052 Bibendum. Avenue',259,'1220','01-465-523-2252'),(910,'Nec Foundation','6.09092','27.68767','09:45','16:00','787 Bibendum Av.',313,'1100','01-839-787-9137');
INSERT INTO `parlor` (`parlor_id`,`name`,`latitude`,`longitude`,`opening_time`,`closing_time`,`street`,`street_numb`,`zip`,`phone`) VALUES (911,'Aliquam PC','-30.36469','43.98132','09:00','16:30','980-9111 Lacinia St.',227,'1200','01-573-860-4349'),(912,'Pede Malesuada Vel Foundation','40.67013','-142.22249','11:15','16:30','509-2083 Ante. Rd.',135,'1100','01-377-208-1148'),(913,'Accumsan Convallis LLC','19.08857','177.3626','09:15','17:45','P.O. Box 133, 8031 Praesent Street',198,'1170','01-704-277-6590'),(914,'Mauris LLC','-28.94781','-140.79708','09:45','17:45','P.O. Box 677, 5598 Malesuada Rd.',235,'1010','01-216-292-7287'),(915,'Lobortis Associates','84.12246','-26.35199','10:00','18:00','7776 Mauris Av.',3,'1040','01-960-447-4281'),(916,'Nisl Nulla Incorporated','45.9579','107.04447','09:30','18:30','4156 Donec Road',271,'1220','01-905-645-1176'),(917,'Sed Est Consulting','3.40755','-151.32092','10:15','16:30','P.O. Box 991, 1005 Venenatis Avenue',63,'1010','01-776-450-4614'),(918,'Tristique Pellentesque Ltd','82.45924','18.11282','09:15','18:45','230-6672 Dignissim St.',438,'1110','01-501-870-1978'),(919,'Ligula Elit Pretium Corp.','-68.66634','-88.58868','09:00','16:15','P.O. Box 503, 1298 Donec Street',327,'1180','01-412-676-2740'),(920,'Augue Eu Ltd','-84.83625','-29.06506','11:00','16:00','5879 Ad St.',364,'1170','01-920-173-0400');
INSERT INTO `parlor` (`parlor_id`,`name`,`latitude`,`longitude`,`opening_time`,`closing_time`,`street`,`street_numb`,`zip`,`phone`) VALUES (921,'Odio Foundation','-54.63801','145.91454','12:00','17:15','Ap #202-1683 Mus. Road',130,'1180','01-290-140-7284'),(922,'Tincidunt LLC','-6.5213','-43.41553','09:45','19:00','P.O. Box 720, 1521 Et Rd.',305,'1010','01-993-524-2147'),(923,'A Tortor Nunc Foundation','-20.12036','-46.73989','12:00','17:15','803-7134 Phasellus Ave',197,'1110','01-134-469-9852'),(924,'Arcu Ac Orci Inc.','62.79998','-140.57445','09:15','19:00','Ap #399-2875 Non St.',78,'1230','01-104-378-4399'),(925,'Sit Amet PC','87.85069','37.7117','11:45','18:45','Ap #502-1317 Auctor, St.',456,'1200','01-287-622-2985'),(926,'Sed LLC','-18.07248','-71.08264','10:45','16:00','3485 Dui Rd.',370,'1180','01-249-484-3400'),(927,'Augue Inc.','19.30415','-89.71187','09:30','16:45','854-4233 Sem Ave',489,'1060','01-693-654-0233'),(928,'Sapien Imperdiet Ornare Corp.','-60.24667','-119.47046','10:45','19:00','Ap #195-5920 Et Street',380,'1090','01-721-716-9379'),(929,'Non Incorporated','-73.67746','144.85127','09:45','18:00','3740 Urna. Rd.',381,'1070','01-805-215-9745'),(930,'Diam LLC','10.29232','60.54714','09:00','16:45','P.O. Box 626, 9509 Mus. Rd.',464,'1200','01-477-693-5691');
INSERT INTO `parlor` (`parlor_id`,`name`,`latitude`,`longitude`,`opening_time`,`closing_time`,`street`,`street_numb`,`zip`,`phone`) VALUES (931,'Nunc Sollicitudin PC','-64.76447','106.36895','11:45','17:15','Ap #487-4724 Rhoncus. Av.',293,'1040','01-452-706-3259'),(932,'Venenatis A Corp.','3.3982','97.09423','09:30','17:45','P.O. Box 945, 2333 Tincidunt St.',451,'1180','01-564-992-3896'),(933,'Proin Non Massa Incorporated','36.19778','126.60188','11:15','19:00','Ap #874-4730 Nunc. St.',378,'1170','01-737-664-7392'),(934,'At Egestas Foundation','-2.208','97.90866','12:00','18:30','Ap #665-7533 Massa. Road',12,'1040','01-361-703-4185'),(935,'Accumsan Convallis Corp.','-13.36823','62.91558','11:00','16:45','Ap #635-2713 Orci, Rd.',438,'1120','01-479-965-6837'),(936,'Vitae Erat Vel LLP','-61.84253','163.36151','11:00','18:00','160-7190 Ridiculus Avenue',210,'1140','01-150-598-9710'),(937,'Sed Eu Eros Institute','80.15671','39.25475','10:45','18:45','Ap #893-6307 Orci. Rd.',250,'1160','01-226-418-3428'),(938,'Felis Adipiscing LLP','-73.43049','164.74649','09:00','16:45','Ap #114-7598 Id, Ave',414,'1010','01-241-132-9110'),(939,'Taciti Limited','-47.27655','-134.73729','09:45','17:15','Ap #238-2606 Senectus Rd.',203,'1120','01-789-327-2543'),(940,'Neque Vitae Ltd','-2.88358','111.87802','09:00','17:15','Ap #945-9374 Luctus Rd.',465,'1210','01-866-398-6782');
INSERT INTO `parlor` (`parlor_id`,`name`,`latitude`,`longitude`,`opening_time`,`closing_time`,`street`,`street_numb`,`zip`,`phone`) VALUES (941,'Odio Vel PC','71.6629','-67.29612','11:15','16:30','P.O. Box 859, 8546 Ullamcorper Avenue',365,'1180','01-788-720-5567'),(942,'Cursus Inc.','-25.37586','-124.37673','09:30','18:45','P.O. Box 363, 1959 Nec, St.',218,'1160','01-728-311-3979'),(943,'Nulla Interdum Curabitur Corporation','65.66675','-46.87121','11:00','19:00','708-1136 Lorem Av.',422,'1040','01-491-648-4116'),(944,'Imperdiet Erat Nonummy Limited','71.95621','109.61327','10:15','17:15','159-5404 Parturient Street',445,'1110','01-460-355-5690'),(945,'Dapibus Gravida Aliquam Inc.','44.92375','-17.23011','11:15','18:15','984-9276 Nisl. Road',407,'1110','01-622-432-1749'),(946,'Vestibulum Corporation','-2.07262','163.84831','11:15','18:15','P.O. Box 981, 3835 Aliquet Rd.',442,'1230','01-229-843-2421'),(947,'Cras Industries','-83.03104','149.81282','10:45','19:00','308-8386 Eget Road',28,'1130','01-584-945-3990'),(948,'Habitant Morbi Incorporated','-14.23706','-101.73028','11:45','17:00','866-2699 In, Av.',94,'1170','01-658-867-1903'),(949,'Erat Nonummy Ultricies Industries','-67.2033','-69.81148','09:00','18:15','P.O. Box 393, 9701 Hendrerit St.',158,'1030','01-662-780-6176'),(950,'Sit Corp.','34.88779','49.84816','09:15','16:15','Ap #233-4903 Tincidunt, St.',276,'1110','01-588-859-6445');
INSERT INTO `parlor` (`parlor_id`,`name`,`latitude`,`longitude`,`opening_time`,`closing_time`,`street`,`street_numb`,`zip`,`phone`) VALUES (951,'Volutpat LLC','-49.4677','-32.12308','10:30','17:15','160-9530 Malesuada St.',258,'1140','01-178-769-9442'),(952,'Non Nisi Aenean LLC','69.14584','-168.75594','09:30','18:00','Ap #964-8622 Mauris, Av.',116,'1130','01-760-305-9235'),(953,'Ut Sem Nulla Associates','74.94891','-39.09687','09:00','18:45','P.O. Box 887, 505 Orci Rd.',487,'1120','01-441-356-9424'),(954,'Luctus Foundation','59.82571','143.70227','10:00','17:00','4752 Nunc Road',444,'1220','01-988-749-1502'),(955,'Tellus Institute','10.19724','-83.45759','11:30','18:45','664-9341 Etiam Rd.',308,'1080','01-572-246-0178'),(956,'Est Industries','-77.58469','72.29116','10:45','16:45','8572 Aenean Ave',115,'1210','01-562-992-1395'),(957,'Vulputate Industries','-78.47787','-74.41383','09:15','19:00','P.O. Box 770, 8774 Laoreet St.',85,'1180','01-824-233-6567'),(958,'Eu Tellus Phasellus Company','61.71174','30.5528','11:00','16:30','655-1555 Lacinia St.',20,'1060','01-300-151-3294'),(959,'Bibendum Incorporated','-22.09831','-33.43737','09:15','17:00','Ap #699-7964 Cras Street',360,'1100','01-168-239-2787'),(960,'Vehicula Et LLC','62.2542','4.33878','09:45','17:45','669-9322 Pellentesque Rd.',13,'1060','01-952-624-1708');
INSERT INTO `parlor` (`parlor_id`,`name`,`latitude`,`longitude`,`opening_time`,`closing_time`,`street`,`street_numb`,`zip`,`phone`) VALUES (961,'Congue A Ltd','-74.36527','-40.05914','10:15','18:30','P.O. Box 198, 4438 Volutpat. Rd.',39,'1050','01-909-411-3653'),(962,'Vivamus Non LLC','-77.07624','-173.10948','10:00','17:30','P.O. Box 284, 6684 Diam Av.',314,'1180','01-986-282-8531'),(963,'Vulputate Inc.','-23.44251','10.5816','09:15','18:00','5416 Pede. Road',250,'1170','01-796-405-9563'),(964,'Quisque Associates','-26.39416','-174.71295','10:45','18:15','2581 Est. Av.',190,'1120','01-497-518-0537'),(965,'Ipsum Corp.','62.32265','-2.39834','09:15','17:15','902-7773 Interdum. Avenue',369,'1040','01-539-274-7685'),(966,'Enim Condimentum Eget LLP','-77.14795','-130.82613','11:15','19:00','Ap #824-5817 Libero St.',143,'1150','01-828-214-5435'),(967,'Dapibus Gravida LLP','-7.11968','-124.63451','11:00','17:45','598-7067 Habitant St.',79,'1160','01-183-911-9974'),(968,'Commodo Tincidunt Nibh Consulting','88.83513','-11.69918','10:30','18:00','9974 Massa. Rd.',20,'1160','01-628-336-8143'),(969,'Non Corp.','-82.31001','-47.57074','09:00','18:15','P.O. Box 319, 9688 Sociis Ave',242,'1010','01-124-352-3037'),(970,'Pellentesque Corp.','59.31012','-158.30052','11:00','16:00','764-5964 Mi, Rd.',382,'1150','01-200-905-4650');
INSERT INTO `parlor` (`parlor_id`,`name`,`latitude`,`longitude`,`opening_time`,`closing_time`,`street`,`street_numb`,`zip`,`phone`) VALUES (971,'Vestibulum Neque Ltd','-21.56997','-54.90785','10:45','17:15','5671 Non, Road',470,'1180','01-482-409-2739'),(972,'Id Sapien Incorporated','53.43751','114.5374','11:45','18:30','902 Et Ave',145,'1060','01-580-728-3128'),(973,'Semper Erat Foundation','-77.82079','-179.64186','10:15','16:00','762-8659 Arcu. Rd.',396,'1140','01-249-422-2386'),(974,'Gravida Praesent Eu LLP','71.38385','-45.33114','11:15','17:15','P.O. Box 330, 6918 Suscipit St.',464,'1110','01-357-304-5923'),(975,'Vestibulum Ante Ltd','22.95131','121.08704','11:15','16:45','6260 Non, Avenue',480,'1010','01-637-599-5097'),(976,'Sed Congue Elit Company','-34.03247','165.75986','11:30','16:00','Ap #598-8751 Magna Avenue',26,'1220','01-378-226-4666'),(977,'Dignissim Consulting','75.88711','131.55354','12:00','18:15','Ap #173-7607 Nec Road',159,'1180','01-878-637-3618'),(978,'Cras Convallis Institute','81.42382','110.39598','10:30','18:30','768-9825 Nullam Rd.',82,'1050','01-394-550-5715'),(979,'Auctor Corp.','28.05994','64.30356','09:00','18:45','728-8853 Tristique Road',143,'1220','01-891-889-8022'),(980,'Sit Amet Consectetuer Incorporated','77.22005','-80.7112','11:15','18:30','P.O. Box 356, 6765 Congue. Rd.',82,'1230','01-231-202-8404');
INSERT INTO `parlor` (`parlor_id`,`name`,`latitude`,`longitude`,`opening_time`,`closing_time`,`street`,`street_numb`,`zip`,`phone`) VALUES (981,'Orci Associates','-84.22749','140.46682','09:15','17:15','Ap #653-2985 Purus Av.',32,'1030','01-115-395-3481'),(982,'Nam Interdum Enim Corp.','-61.19005','-138.44013','12:00','17:45','952-917 A, Avenue',276,'1110','01-923-695-8300'),(983,'Nisi LLP','64.67874','145.36287','11:30','16:00','4668 Gravida Ave',251,'1140','01-116-454-2740'),(984,'Vel Arcu Corp.','-55.18803','-42.99916','09:30','16:15','7521 Molestie. Road',120,'1150','01-482-897-2270'),(985,'Orci Quis Lectus LLC','-49.60519','-92.89892','12:00','16:00','P.O. Box 761, 2873 Blandit. Rd.',480,'1180','01-866-730-1714'),(986,'Fringilla LLP','-10.03284','42.45438','10:00','16:00','Ap #431-8861 A Road',411,'1190','01-513-232-6118'),(987,'Ultricies Corporation','17.32227','141.79394','11:00','17:45','Ap #575-1887 Iaculis St.',350,'1050','01-342-157-5518'),(988,'Erat LLC','-20.71177','-136.32363','10:30','18:45','Ap #511-8037 Duis Street',347,'1140','01-801-613-9104'),(989,'Mollis Inc.','70.49953','-97.74387','10:15','18:00','601-8955 Convallis Avenue',198,'1130','01-524-152-4618'),(990,'Phasellus Elit Pede Foundation','74.5489','78.15686','10:15','18:15','376-6930 Amet, Rd.',474,'1030','01-468-752-4013');
INSERT INTO `parlor` (`parlor_id`,`name`,`latitude`,`longitude`,`opening_time`,`closing_time`,`street`,`street_numb`,`zip`,`phone`) VALUES (991,'Ornare Placerat Limited','84.50953','49.07245','11:30','17:45','P.O. Box 627, 1840 Posuere Rd.',171,'1220','01-438-759-8431'),(992,'Quisque Tincidunt Company','63.65336','90.31708','11:00','17:45','Ap #273-5984 Urna Rd.',400,'1210','01-514-241-5359'),(993,'Mauris Limited','35.59306','84.58628','09:30','17:00','280-7903 Risus. St.',413,'1070','01-678-508-3776'),(994,'In Institute','-22.40669','82.96816','11:00','18:00','334-1548 Duis Street',188,'1100','01-549-969-4894'),(995,'Proin Nisl Institute','85.7612','40.56069','11:30','16:45','Ap #614-7485 Ultrices Av.',52,'1120','01-516-643-1482'),(996,'Fusce Mi Company','38.77367','-17.10547','11:00','18:15','807-9120 Ligula Rd.',491,'1120','01-929-256-3819'),(997,'Urna Justo Foundation','87.85154','-66.70916','10:00','18:00','Ap #973-3218 Ante Street',419,'1020','01-139-604-2550'),(998,'Duis Company','48.66668','-147.25303','11:30','18:30','P.O. Box 729, 5945 Id, Avenue',213,'1110','01-302-498-4444'),(999,'Magnis Dis Incorporated','38.54548','4.76411','12:00','18:15','899-135 Non St.',186,'1040','01-375-974-9636'),(1000,'Urna Company','36.56943','-152.63328','11:00','17:00','819-7464 Eu Rd.',462,'1110','01-633-230-9055');


CREATE TABLE flavour (
  name VARCHAR(255),
  confirmed BOOLEAN DEFAULT FALSE,
  parlor_id INTEGER,
  PRIMARY KEY (name, parlor_id),
  FOREIGN KEY (parlor_id) REFERENCES parlor (parlor_id)
);

INSERT INTO `flavour` (`name`,`confirmed`,`parlor_id`) VALUES ('Pistazie','1',904),('Cranberry','1',124),('Nocciolone','1',938),('Cacao','1',993),('Banane','1',268),('Fiocco','1',636),('Vanille','1',670),('Malaga','1',532),('Stracciatella','1',767),('Zitrone','1',987);
INSERT INTO `flavour` (`name`,`confirmed`,`parlor_id`) VALUES ('Kaffee','1',346),('Fiocco','1',782),('Malaga','1',168),('Raffaello','1',462),('Zitrone','1',629),('Erdbeer','1',746),('Amarena','1',452),('Stracciatella','1',831),('Pistazie','1',714),('Haselnuss','1',713);
INSERT INTO `flavour` (`name`,`confirmed`,`parlor_id`) VALUES ('Malaga','1',183),('Cacao','1',861),('Cranberry','1',491),('Amarena','1',434),('Fiocco','1',165),('Malaga','1',148),('Haselnuss','1',694),('Fiocco','1',314),('Nocciolone','1',458),('Cookie','1',64);
INSERT INTO `flavour` (`name`,`confirmed`,`parlor_id`) VALUES ('Banane','1',752),('Marille','1',567),('Haselnuss','1',871),('Mango-Creme','1',64),('Kaffee','1',983),('Marille','1',350),('Haselnuss','1',149),('Zitrone','1',664),('Cranberry','1',23),('Kaffee','1',801);
INSERT INTO `flavour` (`name`,`confirmed`,`parlor_id`) VALUES ('Marille','1',330),('Malaga','1',581),('Stracciatella','1',312),('Stracciatella','1',101),('Banane','1',204),('Malaga','1',66),('Mango-Creme','1',87),('Kaffee','1',202),('Banane','1',706),('Haselnuss','1',735);
INSERT INTO `flavour` (`name`,`confirmed`,`parlor_id`) VALUES ('Mango-Creme','1',728),('Mango-Creme','1',849),('Marille','1',286),('Amarena','1',27),('Mango-Creme','1',679),('Amarena','1',818),('Erdbeer','1',483),('Pistazie','1',467),('Raffaello','1',876),('Amarena','1',161);
INSERT INTO `flavour` (`name`,`confirmed`,`parlor_id`) VALUES ('Mango-Creme','1',452),('Zitrone','1',337),('Cacao','1',137),('Haselnuss','1',936),('Stracciatella','1',371),('Cranberry','1',373),('Cranberry','1',719),('Marille','1',13),('Cranberry','1',505),('Amarena','1',439);
INSERT INTO `flavour` (`name`,`confirmed`,`parlor_id`) VALUES ('Pistazie','1',383),('Stracciatella','1',889),('Marille','1',171),('Kaffee','1',832),('Vanille','1',676),('Banane','1',518),('Zitrone','1',862),('Amarena','1',169),('Fiocco','1',489),('Amarena','1',92);
INSERT INTO `flavour` (`name`,`confirmed`,`parlor_id`) VALUES ('Malaga','1',841),('Zitrone','1',845),('Raffaello','1',255),('Marille','1',110),('Cacao','1',115),('Kaffee','1',265),('Cranberry','1',289),('Mango-Creme','1',422),('Amarena','1',496),('Amarena','1',949);
INSERT INTO `flavour` (`name`,`confirmed`,`parlor_id`) VALUES ('Amarena','1',40),('Nocciolone','1',972),('Vanille','1',337),('Banane','1',788),('Kaffee','1',858),('Cacao','1',533),('Fiocco','1',59),('Cookie','1',990),('Banane','1',14),('Raffaello','1',637);
INSERT INTO `flavour` (`name`,`confirmed`,`parlor_id`) VALUES ('Vanille','1',955),('Erdbeer','1',522),('Raffaello','1',635),('Pistazie','1',587),('Nocciolone','1',298),('Nocciolone','1',300),('Cranberry','1',270),('Mango-Creme','1',204),('Pistazie','1',328),('Banane','1',664);
INSERT INTO `flavour` (`name`,`confirmed`,`parlor_id`) VALUES ('Raffaello','1',352),('Raffaello','1',710),('Mango-Creme','1',647),('Vanille','1',753),('Raffaello','1',96),('Marille','1',271),('Cacao','1',409),('Haselnuss','1',42),('Marille','1',143),('Vanille','1',143);
INSERT INTO `flavour` (`name`,`confirmed`,`parlor_id`) VALUES ('Nocciolone','1',275),('Erdbeer','1',950),('Haselnuss','1',632),('Nocciolone','1',166),('Mango-Creme','1',115),('Haselnuss','1',705),('Stracciatella','1',462),('Banane','1',335),('Cranberry','1',818),('Nocciolone','1',535);
INSERT INTO `flavour` (`name`,`confirmed`,`parlor_id`) VALUES ('Nocciolone','1',722),('Kaffee','1',825),('Zitrone','1',998),('Pistazie','1',354),('Amarena','1',601),('Erdbeer','1',394),('Banane','1',920),('Mango-Creme','1',52),('Malaga','1',365),('Amarena','1',107);
INSERT INTO `flavour` (`name`,`confirmed`,`parlor_id`) VALUES ('Mango-Creme','1',925),('Haselnuss','1',361),('Cookie','1',454),('Haselnuss','1',121),('Cacao','1',279),('Cranberry','1',722),('Marille','1',345),('Vanille','1',69),('Marille','1',912),('Erdbeer','1',452);
INSERT INTO `flavour` (`name`,`confirmed`,`parlor_id`) VALUES ('Vanille','1',934),('Kaffee','1',719),('Mango-Creme','1',450),('Erdbeer','1',905),('Marille','1',685),('Vanille','1',591),('Kaffee','1',803),('Marille','1',875),('Nocciolone','1',343),('Vanille','1',308);
INSERT INTO `flavour` (`name`,`confirmed`,`parlor_id`) VALUES ('Vanille','1',710),('Banane','1',697),('Raffaello','1',687),('Marille','1',575),('Vanille','1',809),('Raffaello','1',90),('Raffaello','1',621),('Marille','1',469),('Zitrone','1',130),('Vanille','1',871);
INSERT INTO `flavour` (`name`,`confirmed`,`parlor_id`) VALUES ('Cranberry','1',971),('Stracciatella','1',460),('Malaga','1',925),('Cranberry','1',154),('Pistazie','1',262),('Pistazie','1',920),('Cookie','1',59),('Stracciatella','1',107),('Marille','1',811),('Erdbeer','1',295);
INSERT INTO `flavour` (`name`,`confirmed`,`parlor_id`) VALUES ('Cranberry','1',186),('Amarena','1',960),('Amarena','1',83),('Cranberry','1',834),('Kaffee','1',504),('Zitrone','1',891),('Banane','1',490),('Erdbeer','1',244),('Cookie','1',695),('Kaffee','1',508);
INSERT INTO `flavour` (`name`,`confirmed`,`parlor_id`) VALUES ('Cacao','1',815),('Banane','1',35),('Amarena','1',338),('Banane','1',450),('Fiocco','1',397),('Erdbeer','1',932),('Malaga','1',883),('Nocciolone','1',857),('Fiocco','1',579),('Pistazie','1',435);
INSERT INTO `flavour` (`name`,`confirmed`,`parlor_id`) VALUES ('Mango-Creme','1',493),('Cacao','1',171),('Cookie','1',324),('Cacao','1',805),('Haselnuss','1',315),('Cookie','1',595),('Cookie','1',608),('Cookie','1',24),('Cookie','1',523),('Fiocco','1',619);
INSERT INTO `flavour` (`name`,`confirmed`,`parlor_id`) VALUES ('Haselnuss','1',741),('Cranberry','1',107),('Mango-Creme','1',78),('Pistazie','1',604),('Cacao','1',659),('Marille','1',4),('Stracciatella','1',153),('Stracciatella','1',777),('Raffaello','1',289),('Amarena','1',323);
INSERT INTO `flavour` (`name`,`confirmed`,`parlor_id`) VALUES ('Cookie','1',589),('Banane','1',704),('Marille','1',818),('Zitrone','1',921),('Pistazie','1',420),('Kaffee','1',407),('Raffaello','1',338),('Cacao','1',559),('Cacao','1',854),('Cranberry','1',777);
INSERT INTO `flavour` (`name`,`confirmed`,`parlor_id`) VALUES ('Pistazie','1',581),('Cranberry','1',386),('Marille','1',521),('Cranberry','1',283),('Marille','1',726),('Vanille','1',860),('Stracciatella','1',479),('Cacao','1',9),('Stracciatella','1',808),('Nocciolone','1',822);
INSERT INTO `flavour` (`name`,`confirmed`,`parlor_id`) VALUES ('Amarena','1',88),('Mango-Creme','1',355),('Stracciatella','1',52),('Nocciolone','1',303),('Banane','1',247),('Kaffee','1',102),('Cranberry','1',293),('Cacao','1',126),('Nocciolone','1',586),('Cranberry','1',368);
INSERT INTO `flavour` (`name`,`confirmed`,`parlor_id`) VALUES ('Zitrone','1',952),('Zitrone','1',637),('Cranberry','1',120),('Banane','1',488),('Amarena','1',342),('Fiocco','1',310),('Banane','1',183),('Mango-Creme','1',526),('Cookie','1',9),('Haselnuss','1',832);
INSERT INTO `flavour` (`name`,`confirmed`,`parlor_id`) VALUES ('Stracciatella','1',51),('Haselnuss','1',215),('Cacao','1',967),('Raffaello','1',190),('Vanille','1',582),('Amarena','1',241),('Malaga','1',24),('Haselnuss','1',275),('Cranberry','1',76),('Cacao','1',402);
INSERT INTO `flavour` (`name`,`confirmed`,`parlor_id`) VALUES ('Haselnuss','1',381),('Cookie','1',518),('Stracciatella','1',429),('Pistazie','1',100),('Fiocco','1',645),('Pistazie','1',547),('Zitrone','1',355),('Cranberry','1',853),('Pistazie','1',365),('Fiocco','1',234);
INSERT INTO `flavour` (`name`,`confirmed`,`parlor_id`) VALUES ('Erdbeer','1',341),('Raffaello','1',756),('Kaffee','1',776),('Marille','1',686),('Haselnuss','1',529),('Kaffee','1',772),('Marille','1',628),('Pistazie','1',746),('Kaffee','1',836),('Vanille','1',264);
INSERT INTO `flavour` (`name`,`confirmed`,`parlor_id`) VALUES ('Banane','1',506),('Haselnuss','1',194),('Cookie','1',186),('Erdbeer','1',466),('Stracciatella','1',394),('Malaga','1',71),('Haselnuss','1',360),('Banane','1',287),('Pistazie','1',155),('Stracciatella','1',412);
INSERT INTO `flavour` (`name`,`confirmed`,`parlor_id`) VALUES ('Mango-Creme','1',890),('Cacao','1',353),('Stracciatella','1',308),('Cranberry','1',400),('Malaga','1',236),('Cranberry','1',587),('Zitrone','1',714),('Zitrone','1',151),('Kaffee','1',503),('Mango-Creme','1',425);
INSERT INTO `flavour` (`name`,`confirmed`,`parlor_id`) VALUES ('Kaffee','1',704),('Malaga','1',158),('Mango-Creme','1',230),('Cookie','1',979),('Banane','1',680),('Erdbeer','1',593),('Malaga','1',711),('Marille','1',595),('Amarena','1',336);
INSERT INTO `flavour` (`name`,`confirmed`,`parlor_id`) VALUES ('Mango-Creme','1',562),('Raffaello','1',85),('Amarena','1',747),('Pistazie','1',153),('Raffaello','1',956),('Kaffee','1',226),('Stracciatella','1',205),('Cranberry','1',710),('Raffaello','1',214),('Stracciatella','1',369);
INSERT INTO `flavour` (`name`,`confirmed`,`parlor_id`) VALUES ('Haselnuss','1',654),('Haselnuss','1',646),('Vanille','1',995),('Nocciolone','1',813),('Haselnuss','1',498),('Zitrone','1',516),('Nocciolone','1',279),('Banane','1',881),('Fiocco','1',426),('Cacao','1',848);
INSERT INTO `flavour` (`name`,`confirmed`,`parlor_id`) VALUES ('Raffaello','1',91),('Zitrone','1',276),('Banane','1',454),('Vanille','1',746),('Kaffee','1',795),('Haselnuss','1',54),('Kaffee','1',114),('Zitrone','1',406),('Raffaello','1',815),('Raffaello','1',601);
INSERT INTO `flavour` (`name`,`confirmed`,`parlor_id`) VALUES ('Malaga','1',343),('Amarena','1',168),('Banane','1',449),('Malaga','1',873),('Malaga','1',234),('Cookie','1',603),('Banane','1',782),('Cookie','1',159),('Zitrone','1',218),('Cookie','1',350);
INSERT INTO `flavour` (`name`,`confirmed`,`parlor_id`) VALUES ('Fiocco','1',460),('Pistazie','1',611),('Raffaello','1',787),('Fiocco','1',581),('Mango-Creme','1',431),('Stracciatella','1',155),('Nocciolone','1',489),('Cacao','1',653),('Kaffee','1',556),('Nocciolone','1',964);
INSERT INTO `flavour` (`name`,`confirmed`,`parlor_id`) VALUES ('Cacao','1',448),('Nocciolone','1',215),('Banane','1',843),('Raffaello','1',923),('Banane','1',804),('Marille','1',982),('Mango-Creme','1',268),('Erdbeer','1',290),('Fiocco','1',597),('Cacao','1',778);
INSERT INTO `flavour` (`name`,`confirmed`,`parlor_id`) VALUES ('Nocciolone','1',592),('Marille','1',310),('Erdbeer','1',853),('Haselnuss','1',546),('Stracciatella','1',503),('Kaffee','1',617),('Stracciatella','1',562),('Amarena','1',370),('Erdbeer','1',985),('Vanille','1',942);
INSERT INTO `flavour` (`name`,`confirmed`,`parlor_id`) VALUES ('Raffaello','1',432),('Mango-Creme','1',651),('Stracciatella','1',166),('Fiocco','1',27),('Vanille','1',577),('Kaffee','1',95),('Kaffee','1',984),('Amarena','1',994),('Marille','1',55),('Haselnuss','1',980);
INSERT INTO `flavour` (`name`,`confirmed`,`parlor_id`) VALUES ('Amarena','1',707),('Pistazie','1',500),('Kaffee','1',63),('Pistazie','1',462),('Marille','1',298),('Zitrone','1',55),('Vanille','1',256),('Malaga','1',137),('Pistazie','1',779);
INSERT INTO `flavour` (`name`,`confirmed`,`parlor_id`) VALUES ('Kaffee','1',542),('Marille','1',140),('Fiocco','1',750),('Cranberry','1',291),('Fiocco','1',812),('Cranberry','1',569),('Malaga','1',267),('Nocciolone','1',582),('Raffaello','1',591),('Stracciatella','1',992);
INSERT INTO `flavour` (`name`,`confirmed`,`parlor_id`) VALUES ('Zitrone','1',905),('Kaffee','1',938),('Pistazie','1',642),('Cranberry','1',483),('Cookie','1',685),('Malaga','1',645),('Raffaello','1',274),('Cacao','1',570),('Raffaello','1',887),('Raffaello','1',630);
INSERT INTO `flavour` (`name`,`confirmed`,`parlor_id`) VALUES ('Erdbeer','1',877),('Malaga','1',727),('Stracciatella','1',654),('Marille','1',314),('Malaga','1',751),('Cranberry','1',934),('Stracciatella','1',916),('Zitrone','1',82),('Erdbeer','1',955),('Haselnuss','1',144);
INSERT INTO `flavour` (`name`,`confirmed`,`parlor_id`) VALUES ('Nocciolone','1',483),('Cookie','1',138),('Amarena','1',937),('Kaffee','1',623),('Kaffee','1',457),('Nocciolone','1',682),('Fiocco','1',402),('Cookie','1',591),('Raffaello','1',219),('Zitrone','1',715);
INSERT INTO `flavour` (`name`,`confirmed`,`parlor_id`) VALUES ('Stracciatella','1',944),('Raffaello','1',623),('Banane','1',94),('Kaffee','1',889),('Nocciolone','1',291),('Kaffee','1',423),('Banane','1',915),('Erdbeer','1',91),('Marille','1',177);
INSERT INTO `flavour` (`name`,`confirmed`,`parlor_id`) VALUES ('Fiocco','1',588),('Mango-Creme','1',964),('Cacao','1',740),('Kaffee','1',349),('Fiocco','1',138),('Mango-Creme','1',439),('Mango-Creme','1',464),('Vanille','1',668),('Zitrone','1',74),('Zitrone','1',69);
INSERT INTO `flavour` (`name`,`confirmed`,`parlor_id`) VALUES ('Raffaello','1',689),('Fiocco','1',143),('Cranberry','1',752),('Pistazie','1',574),('Raffaello','1',51),('Mango-Creme','1',327),('Amarena','1',964),('Kaffee','1',163),('Zitrone','1',24);
INSERT INTO `flavour` (`name`,`confirmed`,`parlor_id`) VALUES ('Mango-Creme','1',211),('Amarena','1',151),('Erdbeer','1',393),('Marille','1',60),('Haselnuss','1',736),('Nocciolone','1',730),('Haselnuss','1',878),('Fiocco','1',644),('Marille','1',398),('Cookie','1',342);
INSERT INTO `flavour` (`name`,`confirmed`,`parlor_id`) VALUES ('Nocciolone','1',651),('Fiocco','1',798),('Marille','1',991),('Raffaello','1',125),('Cookie','1',770),('Malaga','1',496),('Cranberry','1',882),('Pistazie','1',775),('Amarena','1',244),('Vanille','1',447);
INSERT INTO `flavour` (`name`,`confirmed`,`parlor_id`) VALUES ('Banane','1',966),('Cranberry','1',227),('Vanille','1',4),('Banane','1',817),('Haselnuss','1',859),('Raffaello','1',770),('Banane','1',617),('Cranberry','1',250),('Haselnuss','1',695),('Cacao','1',537);
INSERT INTO `flavour` (`name`,`confirmed`,`parlor_id`) VALUES ('Fiocco','1',999),('Mango-Creme','1',55),('Amarena','1',891),('Nocciolone','1',636),('Nocciolone','1',379),('Marille','1',658),('Marille','1',876),('Malaga','1',682),('Stracciatella','1',825),('Cacao','1',52);
INSERT INTO `flavour` (`name`,`confirmed`,`parlor_id`) VALUES ('Raffaello','1',490),('Raffaello','1',287),('Pistazie','1',866),('Fiocco','1',895),('Cranberry','1',779),('Cranberry','1',894),('Malaga','1',985),('Stracciatella','1',893),('Cranberry','1',775),('Cacao','1',141);
INSERT INTO `flavour` (`name`,`confirmed`,`parlor_id`) VALUES ('Amarena','1',803),('Cranberry','1',823),('Vanille','1',49),('Stracciatella','1',372),('Pistazie','1',864),('Malaga','1',367),('Stracciatella','1',774),('Cacao','1',369),('Amarena','1',664),('Marille','1',312);
INSERT INTO `flavour` (`name`,`confirmed`,`parlor_id`) VALUES ('Cookie','1',329),('Pistazie','1',212),('Cacao','1',81),('Nocciolone','1',913),('Mango-Creme','1',706),('Mango-Creme','1',342),('Stracciatella','1',23),('Zitrone','1',280),('Mango-Creme','1',120),('Cookie','1',204);
INSERT INTO `flavour` (`name`,`confirmed`,`parlor_id`) VALUES ('Cacao','1',735),('Raffaello','1',283),('Malaga','1',358),('Banane','1',398),('Haselnuss','1',114),('Zitrone','1',244),('Pistazie','1',83),('Zitrone','1',397),('Banane','1',139);
INSERT INTO `flavour` (`name`,`confirmed`,`parlor_id`) VALUES ('Nocciolone','1',109),('Banane','1',835),('Erdbeer','1',750),('Pistazie','1',1),('Cranberry','1',332),('Marille','1',933),('Malaga','1',597),('Fiocco','1',80),('Kaffee','1',36),('Stracciatella','1',232);
INSERT INTO `flavour` (`name`,`confirmed`,`parlor_id`) VALUES ('Cookie','1',748),('Malaga','1',636),('Cacao','1',376),('Vanille','1',145),('Cranberry','1',693),('Fiocco','1',903),('Erdbeer','1',334),('Fiocco','1',858),('Amarena','1',124);
INSERT INTO `flavour` (`name`,`confirmed`,`parlor_id`) VALUES ('Malaga','1',502),('Fiocco','1',269),('Zitrone','1',213),('Pistazie','1',975),('Vanille','1',510),('Cacao','1',265),('Fiocco','1',394),('Amarena','1',356),('Haselnuss','1',613),('Pistazie','1',594);
INSERT INTO `flavour` (`name`,`confirmed`,`parlor_id`) VALUES ('Haselnuss','1',726),('Mango-Creme','1',397),('Cookie','1',337),('Cookie','1',303),('Mango-Creme','1',938),('Marille','1',107),('Malaga','1',44),('Erdbeer','1',50),('Malaga','1',928);
INSERT INTO `flavour` (`name`,`confirmed`,`parlor_id`) VALUES ('Erdbeer','1',903),('Pistazie','1',369),('Cookie','1',487),('Stracciatella','1',507),('Amarena','1',311),('Cacao','1',586),('Mango-Creme','1',529),('Stracciatella','1',511),('Kaffee','1',886),('Malaga','1',125);
INSERT INTO `flavour` (`name`,`confirmed`,`parlor_id`) VALUES ('Cookie','1',973),('Raffaello','1',256),('Vanille','1',956),('Mango-Creme','1',423),('Zitrone','1',827),('Zitrone','1',879),('Malaga','1',694),('Haselnuss','1',502),('Haselnuss','1',63),('Pistazie','1',82);
INSERT INTO `flavour` (`name`,`confirmed`,`parlor_id`) VALUES ('Marille','1',893),('Malaga','1',60),('Malaga','1',352),('Banane','1',774),('Cookie','1',100),('Fiocco','1',995),('Cookie','1',404),('Cookie','1',89),('Amarena','1',807);
INSERT INTO `flavour` (`name`,`confirmed`,`parlor_id`) VALUES ('Malaga','1',149),('Raffaello','1',913),('Malaga','1',857),('Pistazie','1',599),('Zitrone','1',803),('Nocciolone','1',702),('Marille','1',558),('Haselnuss','1',997),('Erdbeer','1',301);
INSERT INTO `flavour` (`name`,`confirmed`,`parlor_id`) VALUES ('Erdbeer','1',198),('Amarena','1',656),('Vanille','1',920),('Cacao','1',786),('Zitrone','1',573),('Stracciatella','1',834),('Stracciatella','1',231),('Zitrone','1',177),('Banane','1',733),('Pistazie','1',181);
INSERT INTO `flavour` (`name`,`confirmed`,`parlor_id`) VALUES ('Raffaello','1',10),('Cacao','1',391),('Banane','1',734),('Haselnuss','1',136),('Mango-Creme','1',492),('Malaga','1',104),('Mango-Creme','1',17),('Haselnuss','1',39),('Malaga','1',805),('Banane','1',121);
INSERT INTO `flavour` (`name`,`confirmed`,`parlor_id`) VALUES ('Mango-Creme','1',70),('Haselnuss','1',226),('Mango-Creme','1',908),('Malaga','1',471),('Kaffee','1',190),('Pistazie','1',120),('Pistazie','1',18),('Marille','1',894),('Haselnuss','1',159),('Amarena','1',171);
INSERT INTO `flavour` (`name`,`confirmed`,`parlor_id`) VALUES ('Vanille','1',714),('Amarena','1',201),('Nocciolone','1',311),('Erdbeer','1',873),('Pistazie','1',371),('Cookie','1',493),('Kaffee','1',532),('Banane','1',699),('Fiocco','1',917);
INSERT INTO `flavour` (`name`,`confirmed`,`parlor_id`) VALUES ('Nocciolone','1',577),('Marille','1',616),('Raffaello','1',12),('Cookie','1',420),('Cookie','1',448),('Amarena','1',111),('Pistazie','1',278),('Malaga','1',80),('Stracciatella','1',614);
INSERT INTO `flavour` (`name`,`confirmed`,`parlor_id`) VALUES ('Mango-Creme','1',101),('Banane','1',841),('Pistazie','1',191),('Cacao','1',450),('Malaga','1',543),('Vanille','1',728),('Amarena','1',296),('Pistazie','1',695),('Haselnuss','1',712),('Raffaello','1',844);
INSERT INTO `flavour` (`name`,`confirmed`,`parlor_id`) VALUES ('Nocciolone','1',529),('Amarena','1',291),('Nocciolone','1',528),('Amarena','1',60),('Nocciolone','1',589),('Malaga','1',370),('Stracciatella','1',373),('Fiocco','1',593),('Kaffee','1',709);
INSERT INTO `flavour` (`name`,`confirmed`,`parlor_id`) VALUES ('Banane','1',751),('Marille','1',590),('Cranberry','1',688),('Zitrone','1',64),('Stracciatella','1',828),('Raffaello','1',901),('Zitrone','1',762),('Marille','1',43),('Zitrone','1',207),('Haselnuss','1',517);
INSERT INTO `flavour` (`name`,`confirmed`,`parlor_id`) VALUES ('Fiocco','1',404),('Nocciolone','1',572),('Malaga','1',387),('Amarena','1',982),('Banane','1',998),('Cranberry','1',498),('Fiocco','1',35),('Haselnuss','1',224),('Kaffee','1',228),('Fiocco','1',124);
INSERT INTO `flavour` (`name`,`confirmed`,`parlor_id`) VALUES ('Stracciatella','1',699),('Cacao','1',775),('Cranberry','1',778),('Marille','1',335),('Malaga','1',106),('Erdbeer','1',463),('Erdbeer','1',296),('Kaffee','1',243),('Malaga','1',956);
INSERT INTO `flavour` (`name`,`confirmed`,`parlor_id`) VALUES ('Banane','1',514),('Malaga','1',10),('Vanille','1',79),('Erdbeer','1',908),('Cranberry','1',865),('Erdbeer','1',952),('Pistazie','1',147),('Malaga','1',507),('Cacao','1',623);
INSERT INTO `flavour` (`name`,`confirmed`,`parlor_id`) VALUES ('Vanille','1',839),('Nocciolone','1',847),('Zitrone','1',705),('Zitrone','1',160),('Haselnuss','1',176),('Mango-Creme','1',740),('Cacao','1',747),('Zitrone','1',302),('Fiocco','1',64);
INSERT INTO `flavour` (`name`,`confirmed`,`parlor_id`) VALUES ('Vanille','1',593),('Banane','1',926),('Mango-Creme','1',409),('Raffaello','1',693),('Cookie','1',783),('Nocciolone','1',251),('Haselnuss','1',432),('Marille','1',657),('Haselnuss','1',666);
INSERT INTO `flavour` (`name`,`confirmed`,`parlor_id`) VALUES ('Malaga','1',232),('Fiocco','1',533),('Malaga','1',58),('Erdbeer','1',970),('Raffaello','1',118),('Nocciolone','1',602),('Vanille','1',9),('Marille','1',548),('Raffaello','1',848),('Banane','1',362);
INSERT INTO `flavour` (`name`,`confirmed`,`parlor_id`) VALUES ('Haselnuss','1',883),('Erdbeer','1',266),('Marille','1',456),('Cookie','1',994),('Cookie','1',209),('Marille','1',636),('Stracciatella','1',208),('Pistazie','1',616),('Amarena','1',962);
INSERT INTO `flavour` (`name`,`confirmed`,`parlor_id`) VALUES ('Marille','1',392),('Raffaello','1',325),('Cacao','1',305),('Fiocco','1',952),('Cookie','1',202),('Erdbeer','1',280),('Cranberry','1',753),('Zitrone','1',44),('Haselnuss','1',247),('Mango-Creme','1',415);
INSERT INTO `flavour` (`name`,`confirmed`,`parlor_id`) VALUES ('Banane','1',129),('Erdbeer','1',141),('Cacao','1',427),('Raffaello','1',204),('Stracciatella','1',307),('Amarena','1',704),('Raffaello','1',485),('Fiocco','1',467),('Stracciatella','1',204),('Cookie','1',382);
INSERT INTO `flavour` (`name`,`confirmed`,`parlor_id`) VALUES ('Marille','1',846),('Haselnuss','1',603),('Kaffee','1',152),('Malaga','1',30),('Haselnuss','1',898),('Cookie','1',730),('Cookie','1',997),('Amarena','1',4),('Haselnuss','1',1);
INSERT INTO `flavour` (`name`,`confirmed`,`parlor_id`) VALUES ('Cacao','1',932),('Cranberry','1',179),('Erdbeer','1',408),('Raffaello','1',580),('Amarena','1',305),('Pistazie','1',182),('Raffaello','1',326),('Vanille','1',373),('Mango-Creme','1',412),('Kaffee','1',487);
INSERT INTO `flavour` (`name`,`confirmed`,`parlor_id`) VALUES ('Malaga','1',490),('Cookie','1',534),('Zitrone','1',182),('Zitrone','1',421),('Cookie','1',281),('Cranberry','1',466),('Amarena','1',106),('Cranberry','1',419),('Marille','1',490),('Haselnuss','1',465);
INSERT INTO `flavour` (`name`,`confirmed`,`parlor_id`) VALUES ('Vanille','1',576),('Pistazie','1',850),('Erdbeer','1',678),('Mango-Creme','1',610),('Erdbeer','1',964),('Haselnuss','1',989),('Stracciatella','1',456),('Cookie','1',821);
INSERT INTO `flavour` (`name`,`confirmed`,`parlor_id`) VALUES ('Kaffee','1',653),('Marille','1',479),('Vanille','1',178),('Stracciatella','1',360),('Nocciolone','1',296),('Nocciolone','1',276),('Haselnuss','1',1000),('Fiocco','1',363),('Amarena','1',482);
INSERT INTO `flavour` (`name`,`confirmed`,`parlor_id`) VALUES ('Raffaello','1',619),('Fiocco','1',897),('Cranberry','1',261),('Cranberry','1',533),('Raffaello','1',137),('Pistazie','1',445),('Zitrone','1',413),('Vanille','1',363),('Mango-Creme','1',429);
INSERT INTO `flavour` (`name`,`confirmed`,`parlor_id`) VALUES ('Cookie','1',890),('Nocciolone','1',954),('Marille','1',163),('Amarena','1',854),('Pistazie','1',960),('Raffaello','1',743),('Mango-Creme','1',556),('Fiocco','1',608),('Zitrone','1',659),('Cranberry','1',230);
INSERT INTO `flavour` (`name`,`confirmed`,`parlor_id`) VALUES ('Nocciolone','1',307),('Kaffee','1',280),('Cranberry','1',699),('Pistazie','1',976),('Banane','1',12),('Pistazie','1',892),('Vanille','1',739),('Zitrone','1',478),('Amarena','1',445);
INSERT INTO `flavour` (`name`,`confirmed`,`parlor_id`) VALUES ('Stracciatella','1',748),('Pistazie','1',676),('Nocciolone','1',117),('Kaffee','1',6),('Malaga','1',315),('Raffaello','1',131),('Cranberry','1',485),('Cacao','1',966),('Amarena','1',246);
INSERT INTO `flavour` (`name`,`confirmed`,`parlor_id`) VALUES ('Cacao','1',800),('Vanille','1',958),('Vanille','1',210),('Banane','1',407),('Nocciolone','1',500),('Zitrone','1',131),('Erdbeer','1',152),('Erdbeer','1',632),('Mango-Creme','1',816);
INSERT INTO `flavour` (`name`,`confirmed`,`parlor_id`) VALUES ('Cacao','1',802),('Pistazie','1',431),('Haselnuss','1',596),('Cacao','1',370),('Malaga','1',964),('Mango-Creme','1',251),('Vanille','1',683),('Stracciatella','1',129),('Erdbeer','1',523);
INSERT INTO `flavour` (`name`,`confirmed`,`parlor_id`) VALUES ('Malaga','1',798),('Marille','1',690),('Marille','1',696),('Stracciatella','1',521),('Nocciolone','1',180),('Haselnuss','1',446),('Stracciatella','1',117),('Cranberry','1',62),('Banane','1',60),('Amarena','1',694);
INSERT INTO `flavour` (`name`,`confirmed`,`parlor_id`) VALUES ('Marille','1',793),('Raffaello','1',187),('Zitrone','1',605),('Vanille','1',470),('Cookie','1',169),('Nocciolone','1',68),('Fiocco','1',814),('Zitrone','1',366),('Haselnuss','1',587),('Malaga','1',79);
INSERT INTO `flavour` (`name`,`confirmed`,`parlor_id`) VALUES ('Vanille','1',55),('Banane','1',440),('Malaga','1',40),('Kaffee','1',287),('Fiocco','1',890),('Kaffee','1',975),('Banane','1',80),('Nocciolone','1',403);
INSERT INTO `flavour` (`name`,`confirmed`,`parlor_id`) VALUES ('Raffaello','1',487),('Malaga','1',886),('Stracciatella','1',861),('Pistazie','1',560),('Nocciolone','1',258),('Stracciatella','1',197),('Kaffee','1',726),('Malaga','1',243),('Amarena','1',866),('Mango-Creme','1',15);
INSERT INTO `flavour` (`name`,`confirmed`,`parlor_id`) VALUES ('Mango-Creme','1',428),('Malaga','1',607),('Kaffee','1',194),('Fiocco','1',8),('Amarena','1',502),('Cacao','1',283),('Pistazie','1',126),('Raffaello','1',149),('Malaga','1',418);
INSERT INTO `flavour` (`name`,`confirmed`,`parlor_id`) VALUES ('Amarena','1',843),('Cacao','1',349),('Cranberry','1',716),('Mango-Creme','1',809),('Cacao','1',528),('Raffaello','1',614),('Banane','1',379),('Kaffee','1',15),('Fiocco','1',358),('Haselnuss','1',693);
INSERT INTO `flavour` (`name`,`confirmed`,`parlor_id`) VALUES ('Malaga','1',962),('Fiocco','1',272),('Fiocco','1',458),('Cookie','1',346),('Fiocco','1',28),('Erdbeer','1',876),('Malaga','1',737),('Amarena','1',408),('Marille','1',252);
INSERT INTO `flavour` (`name`,`confirmed`,`parlor_id`) VALUES ('Raffaello','1',276),('Vanille','1',219),('Vanille','1',845),('Raffaello','1',451),('Haselnuss','1',384),('Mango-Creme','1',427),('Malaga','1',377),('Malaga','1',314),('Nocciolone','1',708);


CREATE TABLE user (
  uid INTEGER AUTO_INCREMENT,
  email VARCHAR(255),
  username VARCHAR(255),
  password BINARY(64),
  isAdmin BOOLEAN,
  PRIMARY KEY (uid)
);

INSERT INTO `user` (`uid`,`email`,`username`,`password`,`isAdmin`) VALUES (1,'dis.parturient.montes@purusMaecenas.org','Lacy','ybpq0854d320en9a08v688fex223o2sbg8c75ai5o8k3x583m3a8r58n90dvnb03','0'),(2,'egestas@consequatlectussit.com','Nehru','wbul7449m170bl6p48p406onn679x0gnx1y63ki6p3z8o956a4r4t05n64yufb14','0'),(3,'Cum.sociis@ut.com','Jena','ntin5080z562zz4h75x570nqt180n0qwd3x67ef4r6n3r540q6o1d85f51jgfc50','1'),(4,'massa.rutrum.magna@purusin.com','Alea','uukn3179i545rg4v90s882glt972n9ajf7i25be3r3h4j230p3h8z38z90dfcf73','1'),(5,'Sed.et@malesuada.org','Dorothy','sfyc6169r534dq7x58t180jqg164r9dzi0i67uc3g5m6q690l6r1u09f18fnrk53','1'),(6,'ligula@aptenttaciti.edu','Aphrodite','rwwb8068g846sf3j17k596tws055l9lzd3z37sa3k9d7z164i5x7j67k79kzpe64','1'),(7,'libero.et@enimEtiam.org','Cadman','gnxo0114h807we3q67z819qyc666h3jyh5q09bt6s0x2n534q2u5t07i94zhtx13','0'),(8,'odio.auctor.vitae@orciPhasellusdapibus.edu','Austin','goie9489e779vi8p48i555oyx249w4oyq9f50mg3q8j7s015a8p4f31m73dlvh72','0'),(9,'ante@temporbibendumDonec.com','Seth','ssdp8041k062zd7e39a775nhq726a9nco0v49nu1u9y4s393k9l4b76o83bysq26','1'),(10,'nisi.magna@nuncid.com','Wanda','oacj3869w607qz2i65o269rno093t4leo7j77ap9w9b1n545s2r3c51l51knod70','1');
INSERT INTO `user` (`uid`,`email`,`username`,`password`,`isAdmin`) VALUES (11,'Mauris@necante.ca','India','lbqw1239r509sn9n52n535bsh664w9nvs2y03sj3g5h5u668h0v5d97n35ibax69','1'),(12,'Fusce.dolor@euultricessit.co.uk','Miriam','ihfp0762s149yb2p93a834qcf180x8qxz4c53ys3i1p6j687e1l2u00o95cvvf38','1'),(13,'ut.nulla.Cras@turpisegestas.edu','Herrod','strm1559k718ti7z93d570bha182t5fvj2p57jn8m9o9f880y0c1b15b50poun76','1'),(14,'sed@mollisvitaeposuere.ca','Quinlan','ehao0952s665rp3t84w158oxx518n7xjd4y33mn8t4f2c969d5v7g43s91nczm87','1'),(15,'Nam.interdum.enim@egetipsum.net','Alma','rsku3822t868lw2d99v442mwp126j6zow7b00gh3q8p4k411t0q9a86a90awbc66','1'),(16,'magna.Ut@eleifend.co.uk','Callum','olug0875k296ph9d57z167qmm208p8yur2r29xa7i1f6y804g7y1x15g18fgvv18','1'),(17,'tincidunt.neque.vitae@sollicitudincommodoipsum.org','Zahir','lcms5398o127ab1b03t263uoq904k4abi9j40eu9t7h9h152m5c8q26j36txrr42','0'),(18,'vitae.sodales.at@Vivamusnibh.edu','Kane','zjei1031k216qd0v63v945huq218y4crj9o93ja0j2a8d784l7q4b48w92kigj40','1'),(19,'malesuada.ut.sem@auctornonfeugiat.edu','Amena','goef1184v835if2l22h792scx713n2stn6m42st7m5f8h437c6v0n96j20kzuc41','1'),(20,'Nullam.feugiat.placerat@enimcommodohendrerit.co.uk','Jeanette','svtr7095b703sz8t93s336svt870m9btd7n75my6u7f8x103g6y2u59n16aeqj52','1');
INSERT INTO `user` (`uid`,`email`,`username`,`password`,`isAdmin`) VALUES (21,'vulputate.ullamcorper@vel.ca','Kadeem','ucly2261b462yi7j58l514jmj826t8wke3k64lr0b7r7a042u7j8p42r92rmfk35','1'),(22,'arcu@elementumategestas.net','Jolie','iqau4361x693ye4x65p286drw419e8wbo2o70bi7m2s1a665l5e4b37q62xxsh92','1'),(23,'magnis.dis.parturient@fringilla.co.uk','Zelenia','sbpz0787y406bj8x13a748jps322s3hvc7h63dz7c8j4p339k5g0h08p97nawx96','1'),(24,'orci@augueeu.net','Ciaran','nwtl2109y465ae4o60f926jjs900y4hpu1x92un5n2p1j470m9i5y90z43bwja16','0'),(25,'tellus.id.nunc@dolorNulla.edu','Maryam','cqkc5554a668id5j57b250ifk518q0rfw9t22rf2g0h4v314e3t7z14x34cgvx06','1'),(26,'natoque.penatibus@pretiumaliquet.ca','Kenneth','wuzg1800q796av0v48m852phv503n6ejc5q04vr3e2e0c316e8y3f58y39fppo93','0'),(27,'pede.Cum@ametdiameu.net','Lee','rtab2426d321vx9s28y256swv591w0qdo4i81fu7g0n3q678j2e0i71c66eccv89','1'),(28,'Duis.mi.enim@Cumsociis.org','Irene','xswk5462z762vj3i36k673gle925e6dmb0i90fk4g6l3l784j9w2f34t29wafq53','1'),(29,'nunc@habitantmorbitristique.org','Kelly','epbz5207c020ht9g26o390imm186p5mjz3j09fu6c6m2j190j9n3d95z18fabi64','0'),(30,'Aliquam.erat@mauris.com','Armand','yojk5522m549xh5n00r265ovk215s4thd1c98hb6p3r0u422b0u4d17j04cmef04','0');
INSERT INTO `user` (`uid`,`email`,`username`,`password`,`isAdmin`) VALUES (31,'iaculis.quis.pede@enim.ca','Zane','vzqk7477s697rq5e16h492oki547u9dch0i54nm9m9s7x928j1r8a74f32lqpd82','1'),(32,'vitae.aliquam@facilisisSuspendissecommodo.edu','Kennedy','dciu2263k320un1g14a667wdv455l2goe5y57lw0h4r7k789f9c7l32z59wvxn61','0'),(33,'quam.dignissim@arcuAliquamultrices.co.uk','TaShya','mnkq2380u789om7z93o815vyt307z4cuu1v46mr9p0u7s712c1c9a99e59bkjg80','1'),(34,'In.condimentum@dignissimMaecenasornare.net','Jaime','kxtz6602m496me5v28t664cij881v8qhf1p47ci6q1u3f484r1g0e07u97foqx03','0'),(35,'venenatis.lacus.Etiam@sagittissemper.co.uk','Elmo','lzmo1161s778yc6j58e003zii846g0ywe5g26vj0l8e3w028z5b8w22e14xpxg32','0'),(36,'ligula.consectetuer@Phasellusdolorelit.co.uk','Alice','gmbg4432l216yo9e64n418osr613t2kpd3x60yg0d7s3z647k9g5h44m24cevg51','0'),(37,'orci.lobortis.augue@odioNam.org','Cathleen','pzbu8589s604gl2m30h252dju354v3ces1m81ab2n8k1n153r4y2u71t47bliz49','0'),(38,'consectetuer@ipsumdolorsit.net','Jolie','jevd1669l575ye3d78f558kvp022s8jgv7f31sq6g2l1h818z0b5c23c37mdkc90','1'),(39,'aliquet.lobortis.nisi@metusurna.edu','Jasmine','uzgi0312b382gr2m43k843vmn342g4qpx9x73ky4a7e2n448k8h1h14j15tffs48','1'),(40,'magna@urna.com','Blaze','sysi7005h950ml0t00t700fqg681l5iay4a16bs1l7w4s471i8f2p50t97zhlj50','1');
INSERT INTO `user` (`uid`,`email`,`username`,`password`,`isAdmin`) VALUES (41,'a@eratsemperrutrum.com','Wylie','wekh7774r614xg6w66t077jav226i9tuh1l59eb0b1h9e264a5q7g86u43koon04','0'),(42,'imperdiet.non.vestibulum@diamSed.edu','Aubrey','djok0123z925dz6a50w499vup591t6vvv8p18kf0a6l5y665p6l9q78u48lcyv60','0'),(43,'orci@pharetra.co.uk','Katell','xpam4178s848ce9v89l139qpn571z7sxy3n90zt4g7v5y207g7r2d64s56smwq39','1'),(44,'dui@nisi.net','Lana','zpwr6111h496ea7s50l411dre034q9qze4t28tx8a3c7o021t3i0k43d90fmqb09','1'),(45,'Curae@afeugiattellus.net','Brent','bxlp8455k730sy0n07k068wpy317b2hhh6l92kc6y7x7e672z6w5c41l77jfud47','1'),(46,'dui.augue.eu@sapienAeneanmassa.ca','Sybil','expd3137h099ps7u11h043vgm080x9tkp3a15yc8o2o3v056r8f8p18v02apzh06','0'),(47,'pretium.aliquet.metus@congueelit.ca','Sylvester','yocc6742c921cl5i96o378gcf924j1qnl4n67bk2i9i5l900l1g5k90x44bump59','1'),(48,'ultrices@nisiCum.ca','Hiroko','hucy1790f335ue3t50n395yph000x2owj2n19xb5c8a3u879z1g1x46j62youv90','0'),(49,'semper.dui.lectus@metus.org','Quamar','anxy2009g797rf6i40o817dgv105r3elu7v00el3f9y9r487f9r4h41s11ledc99','1'),(50,'Integer.vulputate@aneque.ca','Xena','jxof4904g559oy7e81l874crc364o8jkp8n48kq9w4l7h979w3l2t21o95vvht80','1');
INSERT INTO `user` (`uid`,`email`,`username`,`password`,`isAdmin`) VALUES (51,'enim.Nunc.ut@MaurisnullaInteger.edu','Eaton','uzar8742g294cg8u25b767hra102q2nsk5r90mo5m7v9c860m3h1l97h60quph59','0'),(52,'turpis@Donec.org','Jessamine','pzzo6046r889vh1f80s788acn354g9wgi3g40vb0k0l4h988h9p5a71p27nrjc62','1'),(53,'sodales@a.org','Glenna','jkpq7781r905lh3o52b908flb945k8cto8l14qq8j7q8w753x6t6f26v29xhwn54','0'),(54,'sed@nislMaecenasmalesuada.org','Solomon','wtmm8850x326bw0r42c517wuw338z0tdc1v60na8g0d5t825c4v8e82v10htfy80','1'),(55,'tincidunt.neque.vitae@placerat.co.uk','Melanie','ffdf3266a576ae9l45y379uzr418y8ibk1n22hx8b4w1w858x8g3u53z30uvhf31','1'),(56,'eu@tortor.ca','Anthony','myzs8806g865zd4d38n688lan137n7hcw4a82kg5v3s1c699r1c5u25r05bsbl03','1'),(57,'amet@consequat.ca','Jordan','hviw9040u182la4q05r596hrs757m3nau0k12st2g6h0n024l7k2f37l14ivmr07','0'),(58,'nec.urna.suscipit@turpisnec.ca','Travis','rdlc7721s129nh1w29n983fyj226d2roh2h30in4t1o0i977z2i8h61o99ugji50','0'),(59,'lobortis.mauris@maurissapiencursus.co.uk','Avram','sntt8298n597ft5h54y285kke697i5nma7k16iq3t5g0c397x3n9c63a52ngaq99','0'),(60,'enim.Curabitur.massa@dolor.co.uk','Theodore','jfen4010m587zx8r99g849uly318s2sal2c99fz3a3s4h223f2a3n14t64hdyz17','0');
INSERT INTO `user` (`uid`,`email`,`username`,`password`,`isAdmin`) VALUES (61,'purus.gravida@Duismienim.edu','Hamish','wojm7978h075fh6q53j585rgx244c4xqf1r25qy9j0x4v859p7e6t14i76rnia17','1'),(62,'odio@tellusNunclectus.com','Galena','hcwt2842q099gi6w27b658ksr748g3jnk7z10iz0z6z6u313b7n8q67e76ebik90','0'),(63,'arcu@id.ca','Baker','nclz0738c875me6q70a678bji922a8vlx7n84pf7e9o1l444r4l9a28r53jamm46','1'),(64,'enim.Mauris.quis@loremipsumsodales.net','Upton','igrx2548t577nk1q50a532hda196b1vkp7s89xb3t9y3b550n0g0v31u76ezuh55','0'),(65,'et.nunc.Quisque@massaVestibulum.com','Angela','fuva2963b153ju5e15x395ren959u3mmr1h66ee6l5f9w031b0j4j02c38dlzg20','1'),(66,'est.vitae.sodales@asollicitudin.net','Jolie','suqk1360a097xs7u56y277mim969k4ene5q80np9c1u6s578j9e4y07c75wyzd34','1'),(67,'lacinia.mattis@tinciduntdui.edu','Azalia','gsfj6954o617gr9n54n967eku020u7eot6e84lv9l5w2k103y1t5x87t14hrol79','0'),(68,'tempus.scelerisque.lorem@sed.net','Shelley','cgzm7853u475nf2w42i491yes163b8beu4i34wh7u2p9w610a1v8y67c07snpa34','1'),(69,'dignissim@nulla.co.uk','Danielle','noop9250x496qv8a09m591tjo383o4mzr9k32xk6q9k6r246y0b9v58h49buaw97','0'),(70,'ligula.Donec@Nullamscelerisqueneque.ca','Sylvia','exkr1769s280ym9v67w036qlj464r0sjt8p84wb7k7m7d085y1a1o83x92esae60','1');
INSERT INTO `user` (`uid`,`email`,`username`,`password`,`isAdmin`) VALUES (71,'venenatis@loremtristique.com','Pascale','gtml3030s736ti8q84i036hby182k4seo7f53ty3u6m8d058x5l7k59m64rxah38','1'),(72,'Donec.est.Nunc@eu.co.uk','Beau','fhac5647x829ef9x54f615jem527r9uak6m00zd9u7r2g501c3x1k24x52yswe73','1'),(73,'et@fringilla.com','Alexis','cgxr4842c889vc7w53l542coa131v2umv6a96er5z2n8k091d5v6y00n92ntki57','1'),(74,'dolor.sit.amet@luctus.edu','Irene','bzxh0860a583rp5t78u335axp698l2ovs6o01vy9s9z6n245b4m1k60z35syuk83','1'),(75,'mauris.elit.dictum@ipsum.org','Keegan','ixka5352v660cw8m10l724nnf733c6jzu6g61ae7t9m9t648u7p7a07j88rldw69','1'),(76,'ridiculus.mus@eratvelpede.ca','Magee','wfqq3831j953rl0j69f438gqn468g2kfr2i63py7j8j1k137d2c5y72p32hqlz66','1'),(77,'ornare.sagittis@tincidunt.net','Destiny','vxsh5973r928ar6n33n080kbo166d8ygd1h34jd9h7r6b757z0z9m17q99rwmz90','1'),(78,'inceptos.hymenaeos.Mauris@conubianostraper.com','Hyatt','doxj7651g607ke5e82n719jdh043t2rhr5z59bx1g0e0c631p0n0y79h24wlhk34','0'),(79,'luctus.et.ultrices@acmattissemper.net','Jacob','ylav2659g370qh2x94m065kcm221c3pno2k63qi3l0z9g726j0o4e62p04buqb07','1'),(80,'egestas@metusAliquam.net','Bruce','xlxz7538k087sj3x50i922ouo816l1ndp4f00kq5s4d0r148v7n9r71m74wrkp91','1');
INSERT INTO `user` (`uid`,`email`,`username`,`password`,`isAdmin`) VALUES (81,'dolor.Quisque@Sedneque.ca','Octavius','olvu9446v633hv6p79g037faj749b7hyp3r50us1p0m1a420u2m3b27d66ntzt55','0'),(82,'hendrerit.Donec.porttitor@faucibus.com','Sybill','fyie3257l982rj0j19f186gbw364o3jjq6p16ka9k2z6j904m3d1a63f56uvdu62','0'),(83,'est.ac@anequeNullam.com','Aline','hsdr3579d649yo8t98z998fyp426e8uab9z79wk9d6u7k295b4x0n55g25dpul74','0'),(84,'elementum.purus@turpisNullaaliquet.net','Clark','ccrv8583k479wi1q93p123ilm437z8dxa8a82dq5f8a5a475w1v7c12t54qaoh95','0'),(85,'lobortis.quis@Loremipsum.org','Carter','rnlp7488h237bx9s40d865thr856k8dez2h10ch7g5h3z866u0q4s59e81cwhw16','1'),(86,'eros.non@Phasellus.edu','Nerea','ptyx5737f637dh0u03d106pyg422r9exk4u86vk3u0u2v998m5s2f83e96zkis12','0'),(87,'a.aliquet.vel@odioNam.net','Alice','bpnr0395t381ho3j84s974rxy209i7cvt9m31eb2s2z3i807j0a0m27a06uxsm81','0'),(88,'in.felis.Nulla@Nullatincidunt.edu','Oleg','ungl6589y655bn1c10q853uns974k1soa6z01dg7l2c7e257z7d9q58c38qbbw65','0'),(89,'eleifend.Cras.sed@erosnectellus.edu','Grady','txbv0948g352nc6t24a459sfh666t7obx1o83ew8d6y6g593x2w4r11b19polc01','1'),(90,'massa@Intincidunt.org','Burton','ahsc7697f043yt8a37a816wyf511k1nav7m70xp4r2i6s400o0h4t63j61myyn45','1');
INSERT INTO `user` (`uid`,`email`,`username`,`password`,`isAdmin`) VALUES (91,'at.libero@eratvitae.ca','Gloria','ufyk9470w832wc7x07d304vbl309t8vgt0r43pr2a0q9p513j6x8x79k78xsdi73','0'),(92,'eget.ipsum@Innec.ca','Kyra','khrn5025l669qh5f48k506why769x4rlw8b70nk1t1x9y942j8u0m34x45nxgn55','0'),(93,'Mauris.molestie@dignissim.ca','Dante','vbqd5694d363rn2t93u658ilo415u6qdu7z83bl0c2e7e788o5c2l11x62qfzi43','1'),(94,'sit@ipsumdolorsit.org','Audra','lonk8068p720sm9w31j140umb685b1lxw1z57vx8t6c0d121z2p3v51e05akcd26','1'),(95,'erat.eget@portaelit.edu','Callum','zipv6634z677kb8f29d716rcw882r4edp0v29ci2h5j1s259r5c2c09s85gtsu60','0'),(96,'ipsum.sodales.purus@Intincidunt.org','Perry','zoxq0681y983zj2e26k392ept651h7ebb1z76yv3k7m8g207g4u0s11z81qjkc11','0'),(97,'orci.in@Vivamusmolestie.net','Erica','gmdj4220b278ll3w01f012hil388y4vjx4i54jz8p8s5s993b2z7o08e44tjmi19','1'),(98,'molestie.arcu.Sed@Donecatarcu.ca','Lionel','otdp5885t443zg1z43t987tgb128g7lkq9t36kj2n4q0g926l3d8f57v27sxds19','1'),(99,'aliquet.Phasellus@sodalesMaurisblandit.ca','Vaughan','izou1830e590tt4r80p776dfu224j0jhc4q64zv3k4l1f759a7u5f58j08czsi53','0'),(100,'iaculis@enimcondimentumeget.edu','Kimberly','wgcw3344i885me5y45g420zsl935d6ddi2s32ns6u1y2z694x1k8f90h74eirr73','1');
INSERT INTO `user` (`uid`,`email`,`username`,`password`,`isAdmin`) VALUES (101,'Fusce@nisl.net','Burton','gawc9514d800ef4t40n885ixp583d0ddx6s38if7x0j9u019e6l7y82w61jonn33','0'),(102,'bibendum.Donec@natoque.com','Gay','yhku9528n632as2l18o917kqq962f3ugx8v67ky6c7p5i508v1e1u88z51tocl21','0'),(103,'augue.eu@Craseget.co.uk','Orlando','bxdq5269l821aj5l72z219ikc082m8bho0n91ys1a2g5k687b7v0m34k45dzcm55','1'),(104,'augue@nonenim.ca','Acton','qewl5980w948fu2f04p039qaz263w1bce6z54wl6p5q1e400a7x6l82v65blss13','0'),(105,'netus.et.malesuada@risusMorbimetus.edu','Molly','jvmb3846v940ek8y56g675ovz166v3jdq8b58vw8h1k7f847p5i2m33n36wcxs46','1'),(106,'non@adipiscing.net','Lael','elpk4190h430ix6m96x424gxx577j7tmf5d33gl4b4o7g483f7p4d14h53cyot39','0'),(107,'mi.Duis@ami.net','Davis','mpqy6138g186rl1p33a176hha278a3zlv5b08oc9q7u9o654o8w5x58e07yjfl35','1'),(108,'non@magnisdis.co.uk','Sebastian','jlrp3086v546ow3b65p456fzk732r9ivb6a09fj5d1z0w378r9p2j73b81gqxa53','1'),(109,'congue.elit@lectusante.ca','Denise','azin1937m051ty8x21u536wfe628m9qgw2t55ob8d2n4c720o2x0g49g71xhav56','1'),(110,'semper@Nunc.co.uk','Jana','qfgp3188f872pn2a18i890mkg263l8hfz6t68nw5t8v3z436s8m6r08s22lfhk51','1');
INSERT INTO `user` (`uid`,`email`,`username`,`password`,`isAdmin`) VALUES (111,'elit.pharetra.ut@acipsumPhasellus.org','Charles','bhvy8956d992iy2f95y762skf794v8rwb4p72dv7a9s5f853f5a4l81g21kagi81','1'),(112,'urna.suscipit@ipsum.com','Justina','oitt7353x999ut7y75p110bhx955m6sdq0k17hl8t9p0n181o6n4x00r06famh86','1'),(113,'vestibulum.nec@purusNullamscelerisque.com','Sybil','ssxi4919e850tc2w88h430bym347d0zjm9f98gl4z1y2v986s0c4q82x61ktns69','0'),(114,'diam@Nullamvelitdui.edu','Jeanette','xval6399h160ok1b22z489iwe362s2vyp2u82yg7o2e4u282p5t2o57o33sfuf34','0'),(115,'nulla@vitaeerat.org','Yoshio','latx1106j326uy1m81h210tvn135u7agd3a45pp1k9v6e233m9a9y57w51rqib67','0'),(116,'tincidunt.aliquam.arcu@tinciduntorciquis.edu','Jacob','dqfa1974j207jj2l82q810imf760n5nae9a75ct4w2n7u041h1y0l96y44oeue89','1'),(117,'aliquet@sagittislobortis.co.uk','Holly','ajyb1071x551xl3q58l687lvd988e4umz7m38vi5d4l6s221o4t3k67z87vazc18','0'),(118,'nec.euismod.in@facilisisfacilisis.net','Angela','isqo4378e049gj9w24f716pos092b7pna6o78np9z2z3c844a7m4n45s85dlkg65','1'),(119,'pellentesque.Sed@ipsumnon.net','Colette','rxjb5736a522ss1y73t998esd256g1ryn9v32eb8a2c9a470y4q2x64z47cuvp28','1'),(120,'semper.pretium@NullafacilisisSuspendisse.org','Kaye','octx4719e026hh3h83m832oal605k5uoz7t86yp0v9y0l702s1h1g35a20tpyc31','1');
INSERT INTO `user` (`uid`,`email`,`username`,`password`,`isAdmin`) VALUES (121,'semper.pretium.neque@natoque.com','Aline','osnx2912d217yv5u13a522aws374r4ajg7r57ds2x9c5i098r1p5u51t63upit62','1'),(122,'erat.vitae.risus@Nullam.com','Palmer','klqy7364q835id7v97e190knl317g3dwy7v94vs5f8g6i542a5v5z01f76xjij01','0'),(123,'sagittis.felis@arcuVestibulumante.com','Colby','nqla3314h039vd1g43y890slk840h8qfy8u71ec0l0c9m500p9e3x83m12fghj58','0'),(124,'Nam@tinciduntcongueturpis.net','Nicole','pjtr8000n062kq9l89i105nja301h1wyh8h82zx3w1z6k708x3m5t94h42nmuj74','1'),(125,'feugiat.metus@leoVivamusnibh.edu','Dane','hfko5892x522mn8h38o888ogx171l7key6m98zf5x2o8a323u2b3u14i15zmpf03','0'),(126,'imperdiet.nec.leo@Nullam.ca','Hayes','ltmd6239e322ty1p50o734dpc845g9cqg0r65ze5s0p3c984u8d9i21s80fyop80','1'),(127,'nulla.Donec.non@montesnascetur.edu','Carson','zqso9730f765yt7d32n470vsm038k1wnt4r40zl8d5k5q148i6m9v11p60nwue23','1'),(128,'In@inconsequatenim.edu','Emily','ihez7102i892oo5o62k290rmp146v7dkb3e54we4w2m0y004j5u1i70w21zlng00','1'),(129,'convallis.convallis.dolor@temporbibendum.net','Rowan','tbso7609y849pr3f83w833apu123i3njh9s06re0d1p2z133o0w8u71b91gzry94','0'),(130,'magna@molestiearcu.co.uk','Quyn','weel1006p558uw5o39z346rve544a6ors2m48ho3v4v7r242h6k5b38s54xkdj69','0');
INSERT INTO `user` (`uid`,`email`,`username`,`password`,`isAdmin`) VALUES (131,'Nunc.mauris@semvitae.edu','Darrel','wyjs3310z055va6d22j889exq487e5val3h08cm3w7u3t009j9c8z94n32fqdf05','1'),(132,'massa.non@consectetuereuismod.org','David','kken6575d070jm4p60o517igl738n1zrg9c73rd6r9d1g249b8m3c74p30kvzf92','1'),(133,'sit.amet@liberolacus.net','Fitzgerald','udah0533z470cd5d38v516tyj804h7kxf5x67dv7i6d6a398w5q1w87c32htxc83','1'),(134,'facilisis.facilisis@ornarelectusante.co.uk','Marah','udqo8447e049sm3t76t749lbk746p0fum7c44eg0z5d4l581a4u9j63f11jthk28','0'),(135,'molestie@Aenean.edu','Gregory','ysqe4431o779id7h61y828kda732j1sju3q38xh3b2f0q344r8a7k73g99kmjo40','1'),(136,'id.risus.quis@Nullamvelit.edu','Fleur','lwke0921c163ns6k65s728pgi236p8ody7q58rp0o5s8j140v9s6m02w02gdhd84','0'),(137,'enim.Suspendisse.aliquet@mollisPhasellus.net','Ferdinand','rmwm3559c829kc5y11u660sme991l1tzx1w55ft1i4j0w646i2p2n47f60tele83','0'),(138,'mauris.Suspendisse.aliquet@erat.org','Sage','stsp5030q887ip7k55h131tfo377z9uwp1p08gl1j6y6a546y1a2n78d40azzu06','1'),(139,'Nunc.sollicitudin@egetodioAliquam.ca','Owen','vxtz9157p837ip5c94c609tgs264c1xuc9d68ey2g7x1d354k4f5h78a59emsq40','0'),(140,'Duis@cursus.edu','Hayes','bkvn3201x679ps6j55v069scq025g0avn5f39pu2n4q8u064n3f8l87f04sdcd33','1');
INSERT INTO `user` (`uid`,`email`,`username`,`password`,`isAdmin`) VALUES (141,'tempor.est@dictum.ca','Tobias','bngq8059r889ld0g71p598jhz635w1qis0a77wf3q8b2n877t7o7u38u87nkom84','1'),(142,'eu@sagittisplaceratCras.co.uk','Rebecca','omfb5875v331vx9m36o172gvl024i2kpd7x37xy2g6z0q471q8z5k75t72mndn95','1'),(143,'ac.fermentum@porttitorinterdum.co.uk','Daria','wfnt7651f818nh0r09v160gcm303l3fzd1x14vy7m5s8n090y4k9k16k90kwoa89','1'),(144,'Nunc.commodo@eget.edu','Quemby','tbst9655q767lw4r42v272dbe740b1fep5z25do2n7r5u120r9k9p34c73yoog42','1'),(145,'at.pede@nonummyutmolestie.net','Kaden','vrxg6135c973yf9i17t112mxn303u4pyu4o88kl8e7s3r467k3c3l87f13fdtp50','1'),(146,'vel.pede@Infaucibus.co.uk','Kay','ocod1782l330cs4t47e042mlb401c9rdy6z39fh0b3b4l495k4z0i99p17culy61','1'),(147,'sagittis@turpisAliquamadipiscing.org','Karina','wucq9401u438ji3a55l427slj802v0une9f72zp2k4l0g798a7t7b80a17oidv80','1'),(148,'dictum.cursus.Nunc@non.org','Daphne','xool0931q791sh4l54e276lhm501g0qba7k70vl6a3t8o143d9d2r01l92wmgd14','0'),(149,'facilisis@dictum.co.uk','Patricia','emso6748e318py9w90j192cds248r9uin0f08mg4n6r0i901u6s6u31u91xver75','0'),(150,'Praesent.eu.nulla@a.ca','Leslie','bhbp9608q673cp2a17t760joe810x7wzh4v06kb3d4f9g619q6c0v93f91jeal69','1');
INSERT INTO `user` (`uid`,`email`,`username`,`password`,`isAdmin`) VALUES (151,'Donec.tincidunt.Donec@ornareInfaucibus.co.uk','Aretha','hryv2902k145gi2d99l320gqr367y2oys9h47sa9d8p0v830v0e9m88c41ttqr39','0'),(152,'Duis.elementum.dui@Maurisut.net','Nola','wqka2525n968al9n54y292qwo414t7orn4p22vw3t2k9m474a8d7u78s16aoyw89','1'),(153,'consectetuer.rhoncus.Nullam@feugiattellus.org','Charissa','mske7815s137hp3g35g355pny020v2lzm8r53rb8h6n4b448z2j1r60p64aqft37','1'),(154,'feugiat.nec@Duisat.co.uk','Montana','qzri4677g269zf7a03y248wtl634f8ouy8z52aj1e4v9l924e5h8v68j36rryl39','0'),(155,'orci@faucibus.edu','Emi','aylj2839b822ab0c64d914djn393g2xyq3b87pi5z8i8d763g7n4g01x27piex11','0'),(156,'nibh.Aliquam@sempertellusid.org','Blake','ofml5816d660cg1i09j017rwv810g8thv2z34dz8s3k0m169m1o0w30b50kydp76','1'),(157,'placerat.eget@Fuscedolorquam.org','Fritz','aijy7187h845jy8n68g927mdm836n0gtj8m10ve1h3t4l172b1p6o33d94vyou15','1'),(158,'fermentum.vel@facilisisvitaeorci.ca','Len','jvow9405y599tl0y22f017gty398p8kll7b70mx4h3w6o507g9x0y43a88bwpl87','0'),(159,'placerat@Nuncmauriselit.org','Maxine','ydcj0791o702ig2s94z764rgl204j5ulh9d82wi0w8q7o460v2j4i28y74hbwc44','0'),(160,'dictum@adipiscing.net','Emma','yjpa7087o745jj6z63v371sbz996s6ztd5i94tn0w1p5r168s5w4f13x68zmjp50','0');
INSERT INTO `user` (`uid`,`email`,`username`,`password`,`isAdmin`) VALUES (161,'accumsan.convallis@cursuspurus.net','Kelly','zjjd8845m483av5x82p768gmf600j0pkz9c51vz8q5n4w952g7e7y71w46aanr24','1'),(162,'erat.Sed@Inscelerisque.edu','Demetrius','dfqs0337y128lc3j31t540vtl453a9nyx1m99ti6l4c3s023j1l7k38v93voyx62','1'),(163,'semper.pretium@nonegestasa.co.uk','Gisela','ixoo0802p375rz3q58r434vsu174o2xbu5t24by1u2d7t823q9e1g37f00fyxo31','1'),(164,'Cras@purussapiengravida.edu','Aiko','oryk7098w661bi7s15h216mnw281i3kha3g17ax5t9m9n917b7n4i22o23esdb13','0'),(165,'convallis.dolor@tinciduntDonecvitae.edu','Stuart','oizi2077e639hr5d12q426qmu632e0zzw6r11xp8q7b0t189f0w4a94d36mlaw23','1'),(166,'quis.massa.Mauris@suscipitnonummyFusce.org','Erasmus','voya5258d267ma0m12c043wwo468c3rlq4u86so7y6d5m197n0m1o21e99nuqq88','1'),(167,'libero.Proin.sed@metus.com','Jelani','uozf6206h817un9f53o193qau215j3lif2s64gf5x8b3q832i5h6r88u78rvmi30','1'),(168,'Etiam@neque.co.uk','Sloane','zlos6272m062vn5u22a729zvz617c4jga4i79ny5g8e1b212v0l5z21x38vxwz32','0'),(169,'gravida.sagittis@etrutrum.org','Marcia','indd9607a631ff6q01j826rty011z6kcd0i48ik7y4k7g371v7t2q48f23clnq19','0'),(170,'eu@scelerisque.co.uk','Macaulay','avbr9541v435em2s83k888wud200j3axz3j71ot4x9p5n965h9v5t70c02mzto02','1');
INSERT INTO `user` (`uid`,`email`,`username`,`password`,`isAdmin`) VALUES (171,'sodales.at.velit@montesnasceturridiculus.ca','Thor','eqia8373u691ow2p03c379sct306n7glp6j68hw8x0a9w335e1x0y23u49zszw82','0'),(172,'Curabitur@habitant.com','MacKensie','wwch1021e406ao3m47y290pml961u8hex2r06im9q3h4n385y4d9w66x77qxyh66','0'),(173,'ac.nulla@egestasa.edu','Lionel','myns2681h410th3r44n974dua036a7sjv4g14zx7u7y5p555z0f1j45m68gglf62','1'),(174,'Mauris.ut.quam@gravidasitamet.ca','Cruz','juce2729k645gh9l20b105nzw430i1tlm7i24cw6l5a7r418e5m6c63y52rwho16','1'),(175,'malesuada.fames.ac@sitamet.ca','Chastity','wzgd0529h105hk9z47x354qdu031h3zvy6i39mk4p1i6r248m8h0i17z39gcbb20','1'),(176,'hendrerit.consectetuer.cursus@ligulaAenean.net','Madeson','dflh8086o848dp2f65w104wok628x8tcw4s12oq8m0i7o091k0b5p94a50ddpl36','1'),(177,'erat.eget@id.ca','Nayda','jstw7988h913ew5t48l157aib509k4gny3y21is4g4a7g307d4x3c91d15sjli23','0'),(178,'eget.massa.Suspendisse@Phasellusfermentumconvallis.ca','Olivia','utkj4108u614tl4v83a706icv405w9ngr3x17iu8w4c0g623e1c6o46i91mtpm93','0'),(179,'molestie.orci.tincidunt@ultricessit.net','Zahir','akli2497g621mf0s53s676rui273g9pwh3t70sn5t1r1i700h2t7t25u46ykkh56','1'),(180,'orci@Nullamvitae.edu','Barclay','vgbu2077q870kk4s14n750znj254u9iyq9e93zd8y4b8f012f7x5f76f16djqq40','1');
INSERT INTO `user` (`uid`,`email`,`username`,`password`,`isAdmin`) VALUES (181,'quis.massa@malesuada.net','Meredith','elhm3099v581mm0n15z404kpd339u4wjz4b27or1d4w6o350r9p7e04t50alsv77','1'),(182,'placerat@Etiamimperdietdictum.edu','Dane','odhz2079g836ms9h61l058pzn543i9uxg8m16jc2r6g7k179m1e1k83s30wzzl80','1'),(183,'arcu@Mauris.org','Alana','fssn0954w301mx0t47l204rnj173i9sex6w32wo5y2x4n757b5x4x84a11sbzf61','0'),(184,'imperdiet.erat.nonummy@orci.net','Edward','sstw8167j511mf4w24u230pqz510j8tao2t84py4m9y7h798o3n7z02d74cuvc53','1'),(185,'auctor.odio.a@velfaucibusid.org','Hayfa','vuna7134x155vc9p29n657pfk162q5ppl2o05nw2i2x7f759e1o1d75a04ivtx21','0'),(186,'feugiat.Lorem.ipsum@sedhendrerit.ca','Stacey','rist1520u998gn2m21y228hju990o7jny3t83vp2o2d3k844a9c5v79y58lwoa02','1'),(187,'diam.lorem@dolor.ca','Rama','wfcv8059n715gx9t14c780ikz272j2tvz3i99ac6w9l9i067t2v0p26e87aqej38','0'),(188,'dictum.placerat.augue@consectetuer.org','Sacha','jfcn8031d807zy7r73j428jzz069a7kzm3f39ux7o1e1d361k5c3j78w15qjhp26','0'),(189,'auctor.ullamcorper.nisl@mollisPhasellus.ca','Josephine','ayek6886w882kc1m78x915rjb906y6wrx3c07bz7j5v7z432s3d8i69f60uiij46','1'),(190,'bibendum.fermentum@dapibusidblandit.co.uk','Gwendolyn','nznv4458d178mb2l79a870hab797a7vyc5q88ev0o8w9p053s6d2i64l43lcgk05','1');
INSERT INTO `user` (`uid`,`email`,`username`,`password`,`isAdmin`) VALUES (191,'Integer@porttitor.com','Vivien','ggjl6655o291ec4q29f326yhr241y3idh6v42bk1i5r4k424f9g8o66o41cudq19','0'),(192,'est@Fusce.co.uk','Stacy','fdat4470f293os7p27q968pim516s4hvc6p48df0g6i9e594i9a2t88n56ejvg75','1'),(193,'mi.felis.adipiscing@orciUtsemper.ca','Todd','loae4856t381pi4k40g999zjc167r5zku8n63rt0b3j0d716q4e2s06l23isld25','1'),(194,'erat@vel.net','Thane','mnxz9008u249ja1k35m142huo454f6jur6k79wy3s4q5f493u9w3x41h11mwys60','1'),(195,'sagittis.augue@cursusvestibulum.ca','Xander','lgbr0078g966gf2d62v116aof459a4zuk0v97xr9p3b5t323c8j8g06i83tywl26','1'),(196,'sagittis.Nullam.vitae@magnamalesuadavel.net','Larissa','kohr9546z021ao3t86g512gvj050v5qvd6r22ng2n2j4u693f8d7u45v26jzvf34','1'),(197,'ullamcorper.velit@tinciduntpede.com','Susan','iubx9571u467ak2d17z205xrl269j7giz0g78vi5z8p2l627q0p8f40t87yihc24','1'),(198,'accumsan@mattisCraseget.org','Liberty','irez2579n909za0p32s367own688h5jcm3s29to0a5j5u124u0x0e36e09rsuh35','1'),(199,'at.nisi@nequeMorbiquis.edu','Warren','oiob2238v659ju7f09z030hpe381t3cip2p84hm8i5l9k871a1t8m19e69cqcr47','1'),(200,'Nulla.facilisis@pedeCumsociis.net','Hadassah','eczx6190c341zv7a00t956qcz177i7vjd2r09mz8w1i1h851s7z3g94f72qxni58','1');
INSERT INTO `user` (`uid`,`email`,`username`,`password`,`isAdmin`) VALUES (201,'feugiat.Lorem@Nullamlobortisquam.net','Hillary','qkis0223q936jo3m22u278xgc011y0fqf8h92xb2d2n2q141q1i3c32v36wvzh41','1'),(202,'fermentum@Inscelerisque.com','Abbot','qrcv1702r537nb3z32c721vmj127v3vad4z77ku6m3x6z929b5u5e06v37akbe17','1'),(203,'et.ultrices@variusultrices.ca','Indigo','tcny4838h926je9y12l446pgw531d2wxh2m55pp5j5f8r545g3r8x37u18rjsp71','0'),(204,'mollis.dui@aliquetlibero.edu','Tyler','osqt1883t046rg4j45u745xgw033t3xge4u38ld7e5r4p164p6s7l70c63yfvv02','0'),(205,'Quisque.libero@vitaerisus.com','Ila','balu6264a489mi7p76i140bwt436x9brg8z06rf2r5p5a096l0l1u45i27yurv10','1'),(206,'eget.venenatis.a@arcuimperdiet.ca','Ian','kemt6624s926gm5f13m896irg487h1wvw8s94ix4t8n6c991x6j0i90g60rzaa66','1'),(207,'dapibus.quam.quis@pretiumnequeMorbi.com','Dante','esxy2083w357lf9p82k769zio730n3qfk9y64qg5j6j5d195x8h6c77e61hhra11','1'),(208,'molestie.tortor.nibh@vehiculaPellentesque.org','Piper','qaui5082v955qr2b73p331yqd039q7psw8f12sr1c6f1f052t7o0w24h75ifbp32','1'),(209,'erat@iaculisnec.edu','Carl','ifcs3554o930of2x45m147weq872w9guu6x44lf1q0e8j434d3x6k05x70enbx67','0'),(210,'tempus.non.lacinia@orci.org','Dante','ufhj4484v116te6t14f011htm636v6kge8w45dl0c9v3r249n2w0f00a07nxgt52','1');
INSERT INTO `user` (`uid`,`email`,`username`,`password`,`isAdmin`) VALUES (211,'natoque.penatibus.et@nuncacmattis.edu','Petra','xhth1771t755li9d07r188hlj357a8lyw8i96kz1k5n5r581i3h2x66h59gxib35','0'),(212,'egestas@tellusSuspendissesed.co.uk','Imelda','epxf8984h279sz6r51z850jxb758w0kxu7r18jk0q8j2w692q1s5g70w08ytcy76','0'),(213,'fermentum@Donecfelisorci.org','Blair','lclv9175i983ff4k76c081jeg649v1zym1g82re9o9g2g698r3r5b99q86xsvj35','0'),(214,'tellus.faucibus@mollisneccursus.co.uk','Joan','sknn1724f362ls7y31s117dho917r1uwp9c39pf9z1c7q782i6g4t27b54xqio46','1'),(215,'vitae.posuere.at@Praesentinterdumligula.org','Gillian','ygxv5505u747sq2s46s556nhj606c3ydl0u27fo1e5g2r853i8m4u30j11tbzg25','1'),(216,'erat@semper.org','Vaughan','teab1425a471sf6z87r124yrr830c9zns8v23mn4d8c7e821k2u8t93p68pray42','1'),(217,'posuere.vulputate.lacus@mollisnon.ca','Steel','okke4897s906cl4t46i356hrg665m1epu7i67mp8w9z4m998w3f1z72r28xzab46','0'),(218,'imperdiet.erat@arcuacorci.org','Rhea','rcis4917k192jf7w97l450qbi704c1jeb4s82ii1d5r8r644y8g8m54o04wocd93','0'),(219,'suscipit.est@dignissimmagna.ca','Cullen','dvuh7077r781ui6l61k248osj499w4xav4x89ku2x4b7l518w0x2q55q88tyae55','1'),(220,'a@liberoMorbiaccumsan.org','Clio','xniu5728c717aw9j87c706zpc056g4ekp8v79ps8i7q9f354s5f4z58q10itcg27','0');
INSERT INTO `user` (`uid`,`email`,`username`,`password`,`isAdmin`) VALUES (221,'nulla@natoquepenatibus.co.uk','Sloane','znqm2207o218np7e23f572gbw970m8xvo8p65hk8i5d5k230w5s0e19n38ymon24','1'),(222,'mauris.id.sapien@ornare.co.uk','Maite','uvoq1533b783rj4c74g310dra994l0pns0i20px3o6t0o213i0u3q13t24cxxs22','0'),(223,'adipiscing@id.co.uk','Shea','dwrx0198q798dg0u90f983daq784z3tpd5j55gk2k6k6u318b7l4o16f43wtnr65','1'),(224,'et@CraspellentesqueSed.edu','Laurel','lyfa1994r582eh5f49f544jhk839p2ytm9b66fh6n9g2z619x2r1m89e53pnip82','0'),(225,'eu@ornare.co.uk','Tate','poqm9018r268mi2q64k514cyy923j0ykz8q24vt0d0o2e734c7x1d98u08lpqv53','0'),(226,'non@pedenec.net','Declan','kske5889d886iw9u31n899uma766g9ahp3r06gq8e5z3g990u2c4f33f82gbjb02','1'),(227,'cursus.diam.at@Vivamus.co.uk','Aretha','saly0279v339cy2s00p357hbj271o5tym8o77zk1d1u1h035o7q3y10g00alod89','0'),(228,'lacinia.orci@nullaCras.org','Jameson','nllc6211t261hg5j68z568snv345i8bgo0z79cl7v3c4i310i8d7z27y17kewr86','1'),(229,'euismod@sagittisplaceratCras.co.uk','Slade','qggw2743v140bw8p84x663zfi454m2dib2f69df7y5r3i567k7i6b32z28ytvc92','1'),(230,'sapien@vulputatelacus.co.uk','Shana','yalc8640z088vf5b11o008cva211l7rqs2f05qm8o6j4x606l7e3i12n68ixmj92','1');
INSERT INTO `user` (`uid`,`email`,`username`,`password`,`isAdmin`) VALUES (231,'ornare.lectus@anteipsumprimis.edu','Dennis','rqno1182m585wb3j72u793wqe456o9uuh1n34oy8l2u1s955h3c0r83s37zipm62','1'),(232,'malesuada.id@laciniaSedcongue.ca','Alexa','flut6618f506kz0e48m704mzy039t0tvo2x33zb1y0q6l082e2c7m24l10vepw31','0'),(233,'eget@sedleo.ca','Emerson','bfhy3546t268mq8r38u850asc576k6zkh1q07ha1i7i1t284g3q4g56m08hcdy87','1'),(234,'mauris.ut@utpharetra.edu','Whoopi','hnqy3532i729wm6d60i360ohd168s5saa7z94cy2o9p1o856x9p6h71v09wogr32','1'),(235,'leo@ullamcorper.edu','Shelley','yrdu0412a455pt7u17t268grg932h1ouu9m76do9m7j6u011x4f3d34e77gkaf41','1'),(236,'tempus@feugiattelluslorem.com','Basil','uojn1513o087za7h18i018dov498j0eqf6e02ip8o1u9h241u7i4m28u57rktl30','0'),(237,'ipsum.ac.mi@aliquetdiam.com','Clare','tzgn5418z006ng0a98o063gih628d7zhw2k19bw1w0n6u469m5r6s66p43zftz58','0'),(238,'diam.at@sodales.edu','Sophia','hsid7047w611cj8t22i759isq394d4icn9d87mv2w1t2g162w9p3x16e02tjfl73','0'),(239,'tincidunt.tempus@vitae.org','Ira','loig7613f322ru2f54h307kaf930a5naw4t45oj6v9h5e885u6o5j45o97udwv67','0'),(240,'sociis@dolor.org','Dante','gqfa2501y419tl8k28i538yum665j2pxp5s32ls6t3e9f907t8p0o85m47hubc31','0');
INSERT INTO `user` (`uid`,`email`,`username`,`password`,`isAdmin`) VALUES (241,'aptent.taciti@maurissitamet.com','Lionel','bybc0899k975ld3d31t519rin866b5czl1p51kl5q7y0e587j5z0s36p85pltl64','0'),(242,'Praesent.luctus@sitametconsectetuer.org','Hyatt','gtha9023b948nd2t77a333xgy949x2dsl3l58qt6n2e1n363m6v5w18e74vpwu93','0'),(243,'cursus.in.hendrerit@lacus.org','Darius','ehrn2875e474dv2l55u015vei936z9uae0p18vt3z1k5z453y7a3r22l04gplo02','1'),(244,'Donec.non.justo@tristiquepellentesque.ca','Lev','iybv5652m051mv8c68e452kls358u5wob2h34mt9v5e0o651w0y9m11d67gtsm47','0'),(245,'facilisis.eget.ipsum@nullaDonecnon.org','Cara','xjio8630k078kv2g93w649czt977m5nmw9h93ug5e6g3y673s5y2n25p43icfd28','0'),(246,'Integer@sodalesatvelit.com','Leroy','bohk4019t772yh8s33f310pff548q7hss2t68sl2a5r3z730r5p8p30x18mvln19','0'),(247,'mauris.blandit.mattis@egetipsum.ca','Aidan','dhrv3746p001al2y56j504yoz874q8kei3n10ps0h2w8z631y8e3g53j22xozr77','0'),(248,'gravida.Praesent@a.org','Byron','fboq9004i384ps3c24d590wap253j4bjn9j21wi7k0r4w373r8r2x01b02oiyc51','0'),(249,'purus@euismod.org','Emerson','henh1077s398ey6d30o043not353q3brt4u21tt4p7m2m135o6h0v35i81syvn84','0'),(250,'nec.imperdiet.nec@Suspendisse.co.uk','Kameko','kwfs9618f695kp5i81u906mss465k3lfw4r87wl6g0b9n792u7m8k45x35wvjv51','1');
INSERT INTO `user` (`uid`,`email`,`username`,`password`,`isAdmin`) VALUES (251,'mattis@anteipsum.net','Blair','qshk3817j244ww3n97q271sql272z9hvv9n66sh4b8o0i794g4r4j38z08uzcu45','1'),(252,'sed.leo@leoelementumsem.co.uk','Ryder','cisd5657r987rb8u18z624izd981n2hxt4n27or0m7u0s756c3j9g01m84xuvg31','0'),(253,'eu.euismod.ac@Maurisut.org','Xanthus','vvxr5051v131ph8k77k881evv952p5lsq7e13tf6e2l9l553k4d6f82y71bovk33','1'),(254,'tellus.Nunc@etmagnisdis.ca','Donna','puqm2181j161rb8j54q719usx239c0tvb4z07kx2f8i9q938z0a4s44c24afsv85','1'),(255,'Phasellus@risusNulla.org','Chancellor','ejiw7041s799fo7t34l189eaa389c7tia6p94gy9t6b0k957c6x9v08o46msyp45','1'),(256,'amet.dapibus.id@auctorullamcorper.com','Raphael','qtlq7055d338en4d15a308vsd110g8uqg6p34ji4f9h6z269f0l7b04z34vzkq10','1'),(257,'orci@euismodenimEtiam.net','Cassidy','nusf1946e485lh3m95o663cdd454r2qbb5q67aj6x6p5r982i6j4g25h27amdm90','1'),(258,'pellentesque@egestasadui.org','Leila','egno7158q150rv5k93x310lke647a6lsv4b87do6q2l1g087f6o5p91j33jrob08','1'),(259,'imperdiet.ullamcorper@sedliberoProin.net','Jael','ooml1402r822hj3o36x563xfs960t2qhg6h06rw2r3f1q765b5w0l99r92ddnc48','0'),(260,'amet@ametconsectetueradipiscing.edu','Mannix','tqeb5619m164pm7x85x477emm029r2hbw5r45xw9i3n8n827i2h3j94j52uiks98','0');
INSERT INTO `user` (`uid`,`email`,`username`,`password`,`isAdmin`) VALUES (261,'Cras.vulputate.velit@mi.com','Tyrone','gcft9007c785la4o01f028xwf703p6ymr9y93lk6a3j1x159k6q3g09x41ficx15','1'),(262,'nisi.Mauris@taciti.edu','Violet','oiju0921q683kx5u16c534wga900v8zrn0d18gb7p3b0g080a6i8d24a07jcpl63','0'),(263,'arcu@Proinvelit.net','Kiara','wocr3450p366lm6t43n930mxp198v5vxn1w60ma9o3i3y751g8y7m99p61fpac33','0'),(264,'Nunc.lectus@inaliquet.edu','Theodore','fmza4755k651cy0q96j633tau860b5saq4g22jc3l1p7k041m3m6q88y84brcc82','1'),(265,'aliquam.enim.nec@sedorci.edu','Nolan','ygzx7629i493og5g58w487ciy226v2rnz1d41yg1r5e0f959i0v8j65q58efaz87','1'),(266,'Morbi.vehicula@Inmi.edu','Rachel','gjkt5881p649bf2r64f394mco194t8kjs8k78ch5v4x1c311q2n9a09a94axuh80','1'),(267,'dictum.cursus@magnisdisparturient.co.uk','Ahmed','yyof3337d352dl1p60y669fjv457n7gja3m67cq0r1f9g676o0g2t53y06vlol92','0'),(268,'purus.mauris.a@acmattis.edu','Mariam','hryy1068q426ia4e69c689nvo512s0rkt8c59mb0s3y3l668y8s5q94i33fkkl20','1'),(269,'vehicula.et@metusVivamus.com','Phelan','qmoa4549f967ca2i86c598jic554o4ycl8i52fs9l7n3p852r4r7k03q26tpkg26','0'),(270,'et.malesuada@purusin.net','Bert','bogj6659o758rw4w06k221zly522i8eyu4w28um9y9y4r833i4c3x25k28fmdv50','0');
INSERT INTO `user` (`uid`,`email`,`username`,`password`,`isAdmin`) VALUES (271,'Proin.nisl.sem@nonantebibendum.org','Hayden','vxgd4058s202vr2q59d684fuv995m4hqh7x86vp0h6k2y684z6r4e52q13anxj47','0'),(272,'Sed@utpellentesque.com','Lisandra','wdhe9850l214vt4w51d105wty290o1oep2i89vc5l5m3z501a6e3d44b28vykr31','0'),(273,'orci.adipiscing.non@noncursus.co.uk','Charissa','xmpc9587i860cy5a70q028lqx721e6vbv6a99zm4d0q4s174m5w0f46o38qxwv03','1'),(274,'auctor.odio.a@eratvel.ca','Rhona','prmm8507p133bm1x60d582mvr834l5gos6g13zg8q4r7h908z1t3z27n19lqbf49','1'),(275,'eleifend@eleifendnondapibus.com','Kirby','graj7382s165sd7f69h044peq238p3fwx9x01kf3o0c9z554l3l6c63t03hpgs74','1'),(276,'et.netus.et@Proin.edu','Ignacia','njsc3822w720nt0u95r909kvt788u4wfm9d97cw3q8f2u908f2f6h76h48fxtl64','1'),(277,'pellentesque.tellus@tellussemmollis.ca','Brett','xkvn0009w034rs0i32l932qti716p2rtl1s46jl4o8g8w403e4v8h14d83mffo41','0'),(278,'ac.orci.Ut@Phasellusin.net','Claudia','zcwt1158l184xt3q12c597zke815s2hlx9y33zi4m0g2a681l1m7p00w58cwqv72','1'),(279,'In.nec@ametorciUt.ca','Angela','fndt5180l696nd9i93l606kjp037c6sag6u00by2g4u5z853m7k0i36o41cmxb29','0'),(280,'metus.Aliquam.erat@nisiaodio.ca','Bruno','xhpg8689n339ks1h71k430phr617e4ooo5f46fd3g8h4b077i0k6v66j10ymry34','1');
INSERT INTO `user` (`uid`,`email`,`username`,`password`,`isAdmin`) VALUES (281,'est.Mauris.eu@orciUtsagittis.co.uk','Ashely','qpmd2301d569ql5h57x334fqu307k6dto1g75ch9u6v8h938f1r1d20d38vjde30','1'),(282,'a.auctor@tristiquealiquet.ca','Nayda','xklh3222j848yf5h66u875fjs702u9bpz0o67qx6l1d7o807z9i8w67v99bowc41','0'),(283,'magna.sed@faucibusMorbi.ca','Brooke','zgyt3880m815kb2e33i046rvu912x3qyr1c69re0s0f0x447s7m8i71w41gssk99','1'),(284,'quis.pede@eu.edu','Meredith','hgxu7401v210nq7a00e962rzx957z6fxc8h12cc6g1k0u135o5g5b42i77pjwb06','1'),(285,'lacus@odio.com','Ulysses','rrvz2393a409kx3b57l085hqe201r0bic7n54cd9l3q6o906g8j1a12o58yrhr35','1'),(286,'tellus@Aliquamfringilla.org','Candace','qhug7175l162vu4i37v429uey429s0uhf3x57mr5u9y6z662d5q1b34o59rcpc54','1'),(287,'eget.metus.eu@ligula.ca','Lee','tlgv1905s911xe7t23p407lou096h3oce8z63ga3x0h6g521a2b6f80z52kjop74','1'),(288,'Etiam@sapiencursus.ca','Noelle','erwe8293w684yr5s57i550zis463n3iqd0l56ml5l1v2a662g4v3e58p35vxhu82','1'),(289,'turpis.Aliquam.adipiscing@Curabitur.net','Prescott','zjwy2577h962xy9f57p108kuq742y1gre9q43sp5d0k5w299s6l6m07e86lfka26','1'),(290,'Duis.risus.odio@consequat.co.uk','Kermit','vpjq0114l167nf5o87e808ncv560j0kbn5n01me4c6l1o847s1b7q43w26oztd86','0');
INSERT INTO `user` (`uid`,`email`,`username`,`password`,`isAdmin`) VALUES (291,'ac.arcu.Nunc@estMauriseu.net','Ezekiel','wlvm8287o583ue6l66i001pwt418b2urk6f20ci7t9i5z003z0l1q12e31bdfx76','1'),(292,'velit@Integer.org','Rigel','qpse6123u082nw4o94o052vcr194l0oaf9v88bg5m2t1r852q7e0s35p77rlji33','0'),(293,'enim@luctus.net','Yardley','misv1941d427ay1f64o068zmv588x9cga6c32ys1s1n8f171m5c5i72x72uwmz83','0'),(294,'viverra.Maecenas@aliquameuaccumsan.net','Howard','rzqm5484i163rx7x05d855kut920l5kts2e65jd0o5q5b360n0o6o35k47nhlg88','0'),(295,'enim.non@noncursus.ca','Joelle','ochp7364q424ke3n12n783qjz958b8kop9u50zj9v3p4n361f6v1u28o77dpmw53','0'),(296,'senectus@Praesentinterdumligula.net','Dalton','dxcu9606c224gf8h65z351kec635a5cpz6k58gs4r3k0t041y6y4p62s51pmqa15','1'),(297,'elementum.purus.accumsan@Vivamuseuismod.co.uk','Lana','ucyr2168v829ky9a99f581khy345y9rqk0w03mx0v4j3s261f4w7x18k81qxxp30','1'),(298,'lorem@idante.org','Jenette','jquu6379r440wj9e54x730uxc508c4xsx9s55la6s6r6f135w5p0m70l06ymyn37','0'),(299,'in@venenatis.edu','Geoffrey','hesg6035n411xm7a95u284ziv741c5tws0c74zg2b4r1r764t8u4c11i31ucky09','0'),(300,'In.tincidunt.congue@elitpellentesquea.co.uk','Hope','lges3568v835re2r35w398mjl348b3xtv3h98yo6k1x8q668o8t4d14r91aehy38','0');
INSERT INTO `user` (`uid`,`email`,`username`,`password`,`isAdmin`) VALUES (301,'Donec@diameu.org','Raven','powo1358o387el2a24v817esu391g9ifj7w40mt9m2e1z770f5f9g37o87qlyi74','1'),(302,'Integer.vitae@necorci.com','Lyle','jfqh2581c827bv7r25t252sxs797b1zpx7p85ks4e1z4b491w1m2e11b41huox48','1'),(303,'ipsum@condimentumDonecat.edu','Cameron','cniu2309l731kx8n97b764ysx194x7oiq7a67sr8y0c7u780c5g4o25w62ynsl81','1'),(304,'fringilla@semegestasblandit.com','Grace','fsci4649z869jz3d37m413pkf004i5pjw5i66mi2g6p4h964b7p6h98t43wsva10','1'),(305,'posuere@vitaediamProin.ca','Cody','ezvy0379c916qt8i00d818phd438m3xsg9i95ul6h2u0y222e4z9k46h12qjis66','1'),(306,'placerat.augue@condimentumegetvolutpat.co.uk','Jameson','ewge2083e507bw3j63u822xko048r0gib7h13yw2f3b0y620q8x0d65h46wpzm44','0'),(307,'Vivamus@Phaselluslibero.co.uk','Athena','qjgh9801r049hu1k94z677luf503l8gau0u66ef2i2v4x235j4h0p00n34yypv88','0'),(308,'in.cursus@SuspendisseduiFusce.ca','Kato','yqmk3617x569ga8b18h407rch899q3kua7l71ur3k0w4w975x4g3e70q00dhyg67','1'),(309,'imperdiet.ullamcorper@duiCum.co.uk','Scarlett','icdy7959d154as1k00b687zph115k9qpi4j10zc5w6d7o829s6l4j43h67jbsw71','0'),(310,'ligula.Nullam@odio.com','Buckminster','fjsa6926v610ct8g48l800nyy847k6vdb4l91op6j4r9x191v4x7t95k48mpwn15','1');
INSERT INTO `user` (`uid`,`email`,`username`,`password`,`isAdmin`) VALUES (311,'elementum@pedesagittisaugue.ca','Jarrod','xwvc9119r588zp8w21d466wun084c8lgf6i24iz9h4o9y625p9u0z31e72bywe30','1'),(312,'mauris@nasceturridiculusmus.net','Kerry','rwxu1860s616zm1s54z561aaf667o1ire6c73px5w6t6h850g6e1g38k34eowy07','0'),(313,'nunc.id.enim@dictumplacerat.co.uk','Wylie','obic8299f228rb7a55g922ehr936z9xib4a19rn3e5v3b043m7d5r81f89kohg69','0'),(314,'nonummy@Class.net','Clementine','tuii1964k358hq9u52x576vmg341l9gft5c10di4y7p5u151u0o9d37z90cebb67','1'),(315,'amet.diam.eu@nec.edu','Nasim','mjau5151x900xd4c19v382pyh480q9mlo8o90oa0g1s0p666h3k6a41q16aqdu43','1'),(316,'ornare@nibh.edu','Haviva','rwzr9688s132hs6u37w920xpe478d1dfc3a78ls8y1w2t435o7c4y31d28cxtt03','0'),(317,'leo.in@amet.edu','Myra','oegr9333i436ty7n04g286bxj354p8zwb7h85cm8n0a5l506p1e0w14y54kkjx95','0'),(318,'ligula@amagna.ca','Ferris','uqkx3172g569sc1g03h762dig728q7qxo6m18ua6e6a3d210k1i8v44v74nfgv02','0'),(319,'aliquet.odio@euismod.ca','Nina','jtkg1630i402be2c64c080bjn347u2tjs2h84kk5s3w6m797f8h7b64h65oyev36','1'),(320,'libero.Morbi.accumsan@Nunc.ca','Dolan','jeoj8757l776im8x12f430mzy581y5flu5t93tv4m6r7y998r8w6k88l31niln52','1');
INSERT INTO `user` (`uid`,`email`,`username`,`password`,`isAdmin`) VALUES (321,'malesuada.id@nullavulputatedui.ca','Rashad','eqqg8502c276xq4w79w440klq812p4umr2s91wr8t2x9u505f8m6y52y24zlmu97','0'),(322,'dapibus.ligula.Aliquam@eget.net','Sopoline','zwdl9047e238ja5i77z736lgu302w5wjw3w17qs0t0t4k699q3x6b42z73weze16','0'),(323,'libero@Praesent.ca','Gisela','axhi1491a421hc6y76d697cbg082m7qtu1p17xo1u9b2t830x1y5r67k50iekt99','0'),(324,'nulla.Donec@euultrices.ca','Hunter','ixgi8150h341qv4r47n640rqr807g6fxa2v43kf6r7x1n748m9n3v05t47xenr11','0'),(325,'Cras@mattisIntegereu.ca','Jack','cnkd1430s387lc6t93a758pjb237u4wrf8s19ms1t8r4t092l0k2h84w84vltg25','0'),(326,'pede.malesuada@ipsumsodalespurus.edu','Chastity','eizv8547t728hb2r81y021kpn578g0luc8x86um7s0u7y734a1e4d78g37cbnd52','1'),(327,'Aenean@disparturientmontes.ca','Dexter','bqrp2416i335md5o84t769qhk118h3rqx8i05ti1e4w6r375g8v3h89t70tghs02','1'),(328,'diam.luctus@libero.com','Zane','vdiw6211g695qf7y38i753otv806d4oey0j81zz4w4l9w368e4a7j00x62amfv77','0'),(329,'dui@Maecenasornareegestas.net','Cheyenne','saxh2719g696zu6o08u625xjl591r5jma1l63fx3l8j2t914r8l6c03m27gqtc95','0'),(330,'interdum.feugiat@sodales.net','Lana','kbfn7292o138sc8n96g059tik560y8jmr9e60we1b5q2d071u1g8s77k27cgot95','0');
INSERT INTO `user` (`uid`,`email`,`username`,`password`,`isAdmin`) VALUES (331,'Lorem.ipsum.dolor@Nunclaoreetlectus.net','Vivian','gtpk5057v577th2c91a478kkr935c6tnk6j28vp3x7h8n271p5e4i19v94bqrp35','1'),(332,'vel.sapien.imperdiet@lectusrutrum.ca','Hannah','semw6036l530td3d93r936mvy041t2voa3h95on1y0d6i349c2i8k15e30hiaq75','1'),(333,'porttitor@risusNulla.edu','Olivia','nhto4335m182vj0s18n524pjy183b3pgt3b02eb2r2y8s405u0i8p65g37itzw24','0'),(334,'augue.malesuada@pellentesquetellus.net','Ria','boon8429y626dj3m13u859pah591z9ltj2t05zi9o0z0c274u9r3e60g91kclu69','0'),(335,'eu.tellus@purusactellus.co.uk','Luke','lupf7469z238kp2l68r993rbr401h3nzn7n61ia4z6y4i019e3i1m01p28apiq33','0'),(336,'Mauris@nec.com','Alan','jrdv1958z966yw9y21u595ijz980l8xgu4v57fb0q2i5i058t3p9v77f88uhap97','0'),(337,'mus@lectusjustoeu.co.uk','Joshua','kxkl9895y872sn2g45o326rnm522e7xbn9e13rv2u8h7f367y6q0e35v93mill98','0'),(338,'adipiscing.fringilla@Proinmi.ca','Aphrodite','pvgq4634n390bk2r71y236efg060h0gho8j24uy1v7j7k654d2g2m21d89lqup37','1'),(339,'Quisque.fringilla.euismod@velitPellentesque.com','Jada','hpky1096r841td3y74a239jif100n2vpc4b11hw4d8n4e885l8f4z23u08eszt40','1'),(340,'commodo.hendrerit.Donec@Donecegestas.ca','Bertha','arbw4094p895hd5a59g910gju920j5rzx9n48cf8m4f2j389u6y8g15o04nrae87','1');
INSERT INTO `user` (`uid`,`email`,`username`,`password`,`isAdmin`) VALUES (341,'eu@Vestibulum.net','Isabelle','gdgs1280x895uz1t58i709mmh851h6sot4r61bd3o4e8b831l0r4b91p39aneo73','1'),(342,'ante.dictum.mi@adipiscingnonluctus.com','Grady','xpyy9959e657pa7s35l163ail214z0eml3p10un2n4b0y696n5n6e76g22zqop29','1'),(343,'Morbi.neque.tellus@tempordiamdictum.ca','Fay','udgq4459g361ws2v82f147jxx429w0bhp0v86rg9q4t8y896b8c9u93r52zrfc05','1'),(344,'vehicula.aliquet@rhoncusDonec.org','Adena','nldi3072a357ne5b25d027prn729u7vqj5a13wr8k0g3c443y3g9f73z65mnar19','1'),(345,'ornare.tortor@vitaesemperegestas.org','Orson','soxu9659n789ql7p88b311zig576p3qyw5g84bv7g4j4z435b1f4p86a03tjzr58','0'),(346,'quis.tristique.ac@in.edu','Xerxes','vzwa6530a341le1k26v042joy462e1mvh4i10dt3f9f0h797q3i4q70r34laaw11','1'),(347,'magnis.dis.parturient@seddictumeleifend.co.uk','Maxine','dpip5525u742po9x07y256zze019h7ood4f69kr0y7p0j882a2i4p23p64zywq62','0'),(348,'rutrum.non.hendrerit@Sed.co.uk','Merrill','fvtg9256g303fh6f14w258uon921b5nni9w42nt1t4i7v620d4h5b82p86kvsx74','1'),(349,'Lorem.ipsum@parturientmontes.co.uk','Tanya','elcg8364y719fi5z61o913kvv579e8akz1k69km2a9x7p121k0m8c83x99omiu55','1'),(350,'ante@Utsemperpretium.ca','Jordan','fifw4490e167qk5x05s997psf836e8wdn6a62pa6k4s9f684j0p3z08z70ebxf15','1');
INSERT INTO `user` (`uid`,`email`,`username`,`password`,`isAdmin`) VALUES (351,'egestas.Aliquam.fringilla@nibhenimgravida.org','Rhonda','ugre8840i378oz4e75y331rik486c8dsy2p10ug5h3k0m474j3x7l70h75pgoh26','0'),(352,'quam@scelerisquemollis.net','David','para1014l195xn5n81k278lja039c8hjr5b22hk2c1w9v631m2r0n24p17jvpl81','0'),(353,'tincidunt@Morbiquisurna.com','Gemma','xirm4645k442we3p78k692mfq369p8spc2h79pa4a0q1p276a0x9y41v06xlmj78','0'),(354,'nunc.ac@magnatellus.ca','Xena','ubmr3342h270ja8n38g615zvy594t0dtb6f84db3p8o8d731o3h0e67m72bdbr58','1'),(355,'gravida.Praesent@magnamalesuada.co.uk','James','pplw7020n903az8g82u319xkj549t5ruz3f61rr5u3e1j877v0g5h02r91itkn00','0'),(356,'metus.Aenean.sed@quisdiam.org','Imogene','goxn4183f276tj6q10r382ixs633s2fsg5t22jm0h3s3n590k7c0o16x90wcix46','1'),(357,'semper.egestas@Sedeunibh.net','Blossom','nqim6330n920zv9e30k557yut105b0kgy9c75mb9l8f8e949x8i0o21q45prjm95','0'),(358,'montes.nascetur.ridiculus@eget.org','Nell','mark6673b701nh8h85r105ouc723p3qlj7z87ci4i1w2u750o7r7d56n84epob77','0'),(359,'vulputate.posuere.vulputate@luctusetultrices.org','Linus','nsxj3034m360bj2e42p628cxy508j7dyu0g60hc4v0a7o155r9u2y15r03etbs67','1'),(360,'placerat.Cras.dictum@acmi.net','Perry','mzqd4828i876jg0d40n236wbr368l4lur4b86dr9z6d0o823d8k7x09x66shka94','1');
INSERT INTO `user` (`uid`,`email`,`username`,`password`,`isAdmin`) VALUES (361,'Donec.nibh@lectusante.co.uk','Kane','ccvj2912i969po1y94b410pbn606s9uvh6a43kt6u1r3a643c2j9u74m83cszk12','1'),(362,'eu.metus.In@aultricies.com','Graiden','alxe0577c864sa9f38z268vec003g9jfg9e34dm2e1l4y989n5t3g96w14yzld88','1'),(363,'in.magna.Phasellus@nonsapienmolestie.ca','Felicia','obzs5988o807oh8f40c133lsb646u1ysd1s84mj5o8w2o410o4s5w83n14qndn62','0'),(364,'velit.Pellentesque@nequesedsem.com','Deborah','ynhm7244w406vc4k80s403avx785k5aar1i39ed6g7d7z555z7e8x23d16dlck59','1'),(365,'eleifend.Cras.sed@sed.co.uk','Lars','uovo1080o859qs9j52g287yny293z8hwy8y90rj5v7v3v035n8k6h48h07zmlc03','1'),(366,'senectus.et@cursusa.ca','Hedwig','oupg8786g636is5g58i378fsk260i9zwc3n53gw7m7a3y993i4h2z43i48biyu99','1'),(367,'velit.Pellentesque@tristiquealiquet.co.uk','Darryl','pods2371d741kg5k05p622mpx046h0vfm3t56by9x3o7w128b1q7r42i69dxvi14','1'),(368,'risus.quis@molestie.net','Luke','xqni0151p523kn4u33l035vve583d1dqx8l54bw9d6m3n204k3w8j32q03ujrd63','0'),(369,'vitae.mauris@semper.edu','Serena','mman0417w416im7b34f464cnz393u7iup8w77ju0i2w6r315p2q4a05v98qskr25','0'),(370,'risus@nislQuisquefringilla.org','Kylan','fzzb3817s774zm5z16z786tgu944m0ocq8h05wj2h2q0o521p3q2e60y53teyk48','1');
INSERT INTO `user` (`uid`,`email`,`username`,`password`,`isAdmin`) VALUES (371,'vel.arcu.Curabitur@fermentumrisusat.edu','Susan','qrnm1513b480ko0u03j370xlq988u7mel3g62ly1d1k2h881b5h6e45k39hpgh08','1'),(372,'adipiscing.Mauris@Nullam.co.uk','Anthony','lqia7492i344og5i93t491msz654p3phr9q63hs0j4b8g363z6x0d41v36ewtm34','0'),(373,'consequat.enim.diam@vulputate.ca','Maggie','sgwp9384g797hs7f03q220pfv462h8fpn8x65ba8u0c2m174y3n2y60g45ynlf84','1'),(374,'mattis.Cras.eget@pedesagittisaugue.com','Beau','zcxq5191o846ps4o19b583tor822f7zrg5u07wn1x3m9b860v5m1q33m19uaqr03','1'),(375,'et.nunc.Quisque@viverra.edu','August','yzxf7694f348mm2a08u903xdy183b1nxy6a90ht8g4o6s577j8k8b53e94tqlx79','0'),(376,'Nunc.laoreet.lectus@urnaVivamus.org','Chaim','tnkn7378n271iy6h33b251bgx372h0ytp5u60jy6u6v1y577y1t3l65n62mqfw70','1'),(377,'morbi.tristique.senectus@lacusQuisqueimperdiet.org','Michael','bjxq4120r315ud4a29o355fpp648j3vpe7z07xr7a8n0t145f2y4x35a25zkve67','0'),(378,'massa@tellusNunc.net','Ursa','adnz1977y042qm1m68o872aqc986u3rkp7h07bf9t7s3o506r4i0w47z55wdqb09','0'),(379,'Nullam@commodo.com','Mercedes','qbxw0411m002eb7a50h383qyv383a9kxc3c40ft3l3p9c363m4l5h43h26jchd41','0'),(380,'laoreet@ut.edu','Skyler','gflb6015k595of4i80g357ppm299c3nqt2p40qk0z1b4v303l1y3c44j63xikm65','1');
INSERT INTO `user` (`uid`,`email`,`username`,`password`,`isAdmin`) VALUES (381,'In.mi.pede@Suspendisse.org','Dawn','fwtq5744g129fz9g29i790hhd760h7cpy3j98qj5y6s7i684k8d8n21m72wkkt80','1'),(382,'dignissim.pharetra.Nam@dignissim.co.uk','Richard','azuo9881y781te7f54i633ymm377m2ekg7d77ud9l4k8u798y2b0w71f66qibm07','1'),(383,'Nunc.sollicitudin.commodo@rutrummagna.ca','Lenore','iqlq1627z243li0o84z796glo293c9dzr9v26gw1b8x0y298i6q2a05n66ebjv90','1'),(384,'interdum.libero.dui@enimsit.edu','Arden','kehl0039c492lj3p24g075gbi417o3tln9b14yv1h9t6i569v1w9d29r75ssxf96','0'),(385,'quis.diam@nonlobortis.ca','Wilma','shjj1687d793pa0y86j708qqj499c1rab3p92tz5b1q6i527n8n2x25t31qdrc84','0'),(386,'Fusce@dolorQuisquetincidunt.edu','Griffin','cjkb8925e733wj9l04p756jhd898f3qcy1n86et0m1x1s934l8w1m52c95qqru02','0'),(387,'tristique.pellentesque.tellus@etultricesposuere.com','India','knjw5184q470tz7l89z561pgg135o4bgq7w87bh9p4f0d211e8m6n36w42aywc57','1'),(388,'tortor@aliquet.edu','Ignacia','dyqb8300o531tk0a72s254agf082d1abz4u57hd9l8s7i612y7q3v76t88otzv77','1'),(389,'justo.Praesent@aenim.com','Lance','qiaf3132d892ta5z11g210nkn817t4ith0c79ny6s6a7n714i3j2d12d30dyxt27','1'),(390,'Vestibulum.ante.ipsum@Phasellusliberomauris.edu','Thaddeus','zaob9586u997xt7t56u970jjy766p9bxl5x71ei5k1l5b679t2m1o92z06qlrl65','1');
INSERT INTO `user` (`uid`,`email`,`username`,`password`,`isAdmin`) VALUES (391,'erat.vitae.risus@Nunc.org','MacKensie','kljd6746c210ux7t71i519kvf404v8vsp6x58oi2u1m5s163e4c8a50x30bhlx42','0'),(392,'tincidunt@Crasinterdum.net','Cooper','rsqm6397w704px0p43x549srs614l4ykd2g97eu3m4f9u375o5j0s26u94gqnk60','0'),(393,'mauris.sapien@consectetuermauris.org','Hannah','gbko5425v674ew2q23h922xef134j7mrr4c48ep5q0c8d286g7q5w36o65jsom28','0'),(394,'Nam.ac.nulla@nec.edu','Henry','borh6587t185ua8g20b807uhq041r1vzo7f63cr9p3c7u049y2i1m16t89jbun26','1'),(395,'et.euismod.et@Naminterdum.com','Bethany','wybu5589e369nk1w48v289wzt569a0rlo1p51oe6m4t6m549a0j4r75o43vepo32','0'),(396,'erat.nonummy@atvelit.com','Blaze','qdoz6428o477tp1u45p272myh755h2hot9u88zl5u1j8q673d9b7g42j02onbg21','1'),(397,'laoreet.posuere.enim@viverra.ca','Jack','bksg2132v233xm8n33l856zak759g4sml8u77kf5h4s4g729d6p8t98g30tdxt19','0'),(398,'tellus.Phasellus@Morbi.ca','Ross','vqni6956b769xu7k12u324qah135v9ifs4l81kf7y2w4b311d9r9e39c04vbin94','0'),(399,'sem@magna.net','Elliott','zhbg6126v049wp7k19w461xow924k2tix4v00xc6z7s2b433q7p7q05w51lxuh72','1'),(400,'pede@Pellentesque.co.uk','Adele','sksh5818y279fh4h43o377cgz984x6cbf6w26wi3c6i6c246d7d4v23m35aaal56','1');
INSERT INTO `user` (`uid`,`email`,`username`,`password`,`isAdmin`) VALUES (401,'lectus.quis@consequatdolor.co.uk','Jakeem','gngn2379z596fu3t53t444ozj003a7gmf7v87ko3m1o6y506d9m6w95p20neez39','0'),(402,'amet@lacusQuisqueimperdiet.net','Allen','avaw7846g417qc8k90w816zdq108i4sjc8j81hr6p7x9l546j1d0g80q36odzb29','1'),(403,'semper@nuncrisusvarius.co.uk','Gregory','jtdo3801l945qg1k05l453zsv651j5mgc6c26ty9r9h7p252y5e2f70j68uwze15','0'),(404,'Nam.ligula@euaccumsan.com','Boris','ghdo6660f928um6q57o690yek167u8hpz6b71lv0q2z8g826v5l3m02n20dfbv35','1'),(405,'tortor.at@egetipsumSuspendisse.edu','Aurelia','esxj1183o427rg1i51a745ptg019t6ahq0r30oz1y9f9g706b1d7u25v84ajuo68','0'),(406,'consectetuer@NulladignissimMaecenas.edu','Jarrod','fuqg0128c410pf3r22c403mfe764c6ora3j71wn6p6v4h418c3t2t20w22fwfx54','0'),(407,'risus.Quisque.libero@faucibuslectus.ca','Hayden','ljmq1206e716fd7f73p603fym728c0ivf5u97jq3r6b8t511o5h3q31r93snrq80','0'),(408,'tortor@augueidante.com','Burton','dbra5479t020wp8x92s193khp468r7mmq8h96yc5f5i4l166r6z9i47j39xulf81','0'),(409,'nulla.Donec.non@acarcu.com','Vielka','bnuh3102e995yo8w79j059pzr988w3jqs1b32gg1w6j5o688e4s9y61l82tbpu90','1'),(410,'semper.cursus.Integer@vehiculaPellentesque.org','Ainsley','knqy9750w987bo2h31j306vvi364x5qfs8r64xj4y5r0p451k7a1f42a47errq59','1');
INSERT INTO `user` (`uid`,`email`,`username`,`password`,`isAdmin`) VALUES (411,'elit.Etiam@leoMorbi.ca','Grady','lhmf4140o630rm7f93h545ipz796i3xtq3h03fw1h5b9h916h6m8z35y18npnl73','0'),(412,'nibh.Aliquam@ridiculusmusAenean.edu','Myra','uzgf0125y090rg8v34s597zdd940p8czr1x88rr1b7v2r677r5v8p68o94nmta40','1'),(413,'nec.metus@necanteMaecenas.ca','Connor','afda1645j955vh3n37p102ogz349e1okh0g07na0h3z4o679e2x1b69f54ktkc70','0'),(414,'est.Mauris.eu@acfeugiatnon.edu','Kelly','yclf1097a140ll1i24s810dvu689m8rps5w40zs6c5r6p432f4k2n85k77orty77','0'),(415,'consequat.nec.mollis@loremfringillaornare.co.uk','Chase','mluc9817z213ki3q33y697qor501r2rct2y32md0b8d0z506d3k9v48p92rfit12','1'),(416,'ornare.egestas.ligula@molestie.ca','Ian','nrsw0078o095io2m84t762ytu149m8jog3f45nf7j3a6i275v2c2z93x77nxkf07','1'),(417,'Praesent@penatibus.org','Medge','ksyx1541u344wb2e56m561pvy375q6myo3x16mp4z1b8u748e9f1q64t06cjhr10','1'),(418,'diam.nunc@duiinsodales.ca','Marsden','vmrl7326w047hv1i33y647tdk800w2dwc3m45mv6d1o8u870k5o0y45f66cpat20','0'),(419,'vulputate.eu.odio@egestasAliquam.edu','Gary','xynf8119b399yj1h19p605osk212y2tmn0t77pp0n8x5j910r1m3h01j11xzqs62','1'),(420,'ac@ProinultricesDuis.co.uk','September','hrfq3342b263lk8z85o966gxn390z6ppj3t78fq7o3v9x839z2q0j77h72hcfe33','0');
INSERT INTO `user` (`uid`,`email`,`username`,`password`,`isAdmin`) VALUES (421,'nec@erat.edu','Moana','fsqw1430p342ch3w04y946cid005h6hnq6w47wd6s9e5d409z9k9x19i43zyhp30','1'),(422,'Cras.sed@variuseteuismod.net','Oliver','hcsy4973j498ae9d19m691qej627u4col5a70ty4l8f5j449h7t2y00k37xuee52','0'),(423,'penatibus@ut.org','Diana','xvrr4466d102wa9n90p826hxj266n3vjw4f33nd7r7u0w912c8b8j58u29rtuf13','1'),(424,'nunc.sit@gravida.net','Quinn','ctxt1758i499sd7b06s067pkn074r3zra4k15yn2u9c1m866e3p0a46f02zlex55','0'),(425,'dolor.dolor@magnisdisparturient.co.uk','Maisie','rznp5967n804zs7o64f983aww951t3yvi7p76fj0k1e2k031b9o9q18o59ngrd05','0'),(426,'consequat.enim@quisarcuvel.org','Jason','vemj0442s138cf1q82h484ihj022l9pxa7e96qn0b9b2i446f9n3b08g03vrfe74','0'),(427,'Nullam.enim@nislNullaeu.net','Courtney','xcrv7330j379kw7g80o302jjk389o0vuk9s37ic0k3i5n880z1j8c39a07jhsa69','1'),(428,'Nunc.ullamcorper@cubiliaCurae.edu','Griffin','hhey0983w470ru1y15o514rwy440y9avy5b11in0j3a4r559t3q3g82a15doul65','1'),(429,'luctus.Curabitur.egestas@porttitorinterdumSed.com','Kylan','ivth0005z500lo0w56w713edp819q4nft5q41sb9i9y4i395w7f6a64p68ilut01','0'),(430,'ante.Nunc@eteros.com','Caldwell','spdv2639y847nc2p08a122sfc434x4onh0z20yo1i4i0i000r2q3r10i24wrhp06','1');
INSERT INTO `user` (`uid`,`email`,`username`,`password`,`isAdmin`) VALUES (431,'dictum.magna@magnaSed.co.uk','Mufutau','hncj1181c896mx1b53h401ppt667q0ndm0y47pp1o4g9b439g9w8s61i68bkxy38','1'),(432,'ipsum.Curabitur.consequat@mattis.ca','Michael','leji0500v407yn4e22i101tay238q2lqu4m31no1q8g4n689j7f0x08w80lyek63','0'),(433,'orci@orcisemeget.net','Melanie','klhu2186o323ae1e65m256idj250l2ayc6y14au8m4d2v408p2k2h99v38jltl30','1'),(434,'Nulla@tinciduntduiaugue.co.uk','Gretchen','ycua6627w726ca1l43u262bpd660o3uaq7r55aa2i7m1s222d7i2j25w89eguu10','1'),(435,'enim.non.nisi@mattisvelitjusto.com','Theodore','uaja7481y188nn6u54o628neo193p4nxk2s27vm1h2x8y878g4x6j10n18zioc14','0'),(436,'vitae.velit.egestas@acmi.net','Bianca','sdgv1148k776pl9s60x439uzn142r3nzx4i72zu8i5k3v475v6y2m30k96ossa48','1'),(437,'consectetuer.euismod.est@auctornuncnulla.ca','Sylvia','skww0838r196qm0s38d050qdd293b5atb3l95ay6j4o2y309p7a3o70k61gphe87','0'),(438,'nibh.Aliquam.ornare@quisurna.com','Karen','lxhx8754g748cb2g18z670zfs882d2obe7z33xl5j9d0j343j0c6h33k26pfyn75','1'),(439,'ipsum.porta@enim.com','Bianca','zwko4125a997dx3f16o328ebf277h9bgj7h35qi4g6v1y824i2e5z44o06agzt70','0'),(440,'enim.Suspendisse.aliquet@urnaUttincidunt.ca','Quamar','gsrz9490t232hp0e97w920axw222j1jph2g85xu1r2z1g656d8a4w27z69xcrq60','1');
INSERT INTO `user` (`uid`,`email`,`username`,`password`,`isAdmin`) VALUES (441,'Nullam@temporarcu.org','Dustin','gcjf0560i405pf2q56x378nzp341l3hhl5d29rc0i1q3g025g5n2u64v46xelu21','0'),(442,'bibendum@rutrumeuultrices.co.uk','Janna','uynf0476g235bg6d77i611ocv955v9url0u40kf8k4h0v614k6e2g71o50kvlp17','1'),(443,'non.lorem@sodaleseliterat.co.uk','Unity','qqos7651e841zk6b11u509pue748w6oke9t78pt6e7x3p253p6c3s69h17bptn21','0'),(444,'nec.leo@Phasellusdapibusquam.edu','Suki','mgny4833a698ny7d60e523rft021j6pwr5g89wb7j0g0g351l4q2r33v43pgcs15','1'),(445,'Nam.ac.nulla@laciniaat.co.uk','Clementine','bsyd2290p490mk0r26y564ktv269n8mup6n57wi5h0o8o928v5f0a82z46xqbz85','0'),(446,'Etiam.imperdiet@fermentumrisusat.net','Carly','dwcl1119d681qb1t56e395gtd097b3jrb4p22ny1a8g0o451h3i0q46n39hwwp96','0'),(447,'malesuada.fames.ac@facilisismagnatellus.org','Yoshi','rumv6694d797rv1x96s801dvk505u6htg9u05ou8i3n1v659o4w4j51r75kzwq53','0'),(448,'Nullam@In.org','Tobias','lrcd8156k768ws6j46a304rlt111z8fko6n60cn1r3p7d123c3e5l03y69cwew09','1'),(449,'nonummy@felisadipiscingfringilla.edu','Kenneth','zmtx7972m843nt9f93i444hjn689u3dhd7e51wz5h3v5w176z8q0o35p36bfrf51','0'),(450,'at@Donec.edu','Price','dnrk4272j273sc6b71s487sfb932g1inv8a94mm6a6y7p196u6z2m15l85wqgy40','0');
INSERT INTO `user` (`uid`,`email`,`username`,`password`,`isAdmin`) VALUES (451,'enim@urna.net','Maile','okjq0333p073sq1c55n526bdw195w1dhc2u38kc9b6t8q381f3i7b70u56yxbt82','0'),(452,'pede.sagittis.augue@nequeSed.co.uk','Jane','plcd5812t072ot1v91s806qpl016t7dom4h63za5f4u5y695n4k9f01e90dpni67','0'),(453,'Curae@Integersem.co.uk','Dai','fdkw5312j189vz3f00q238bjj068z1tlo7e33ua1s1f3g272z2x5t43a69dtyc71','1'),(454,'malesuada.fames@felispurus.com','Sawyer','nxrx6073q108cy0a12e698rpo113d0suu1y64wn5f3f2w619u9y7b88q85ylqh23','1'),(455,'in.magna.Phasellus@sagittislobortismauris.ca','Paula','ocft1528t268gk5e55v041bub411d2six5t34tt2t8q7n694u6y1p24f79dbhz69','0'),(456,'Duis@temporest.co.uk','Nathan','aocg8629d328pg9i66o525dct886n7oij3d28ga7f8r3z980q3j7s97s12ehrn16','1'),(457,'lobortis@aliquamadipiscinglacus.com','Amy','htdi0089q800vi6a31t381kuy696d5fjv0q01xt4v8w8y760t0g5z81i02ymyt22','1'),(458,'eget.metus.eu@sollicitudinorci.co.uk','Aaron','wyrg8603i331yb2o57h048tcc681f7zxv5y31dr6a3n5i771y6n1d35k98ubzg95','0'),(459,'adipiscing@ametconsectetueradipiscing.net','Branden','ijtc3112r971sj7t41z632mjb795r3mvi7f41vr5s9w0m391z9q6b70o68ufqc90','0'),(460,'ac@augueeutellus.org','Emerald','appj4010l284hd2b54q680tqh681f8jho4b72cs1a9i1j502n8l3s72p37vina72','0');
INSERT INTO `user` (`uid`,`email`,`username`,`password`,`isAdmin`) VALUES (461,'vel.turpis.Aliquam@Aliquamerat.co.uk','Noah','gptw0307a321gz3y81h136vlb186z9fqn4j91be2v8x6z327w1r8o55c85vrfx34','0'),(462,'dignissim.tempor.arcu@maurisanunc.ca','Carson','stui6495m371wh0f46t375lny134g6qal5m88us1m9i8x991f5c7i00x13grtt09','1'),(463,'Quisque.varius@euaugueporttitor.org','Irma','cbbr6196s174pr6p75d291bho353p3zjl0s06jz6h1t8i795q8m4u58z88zqbr43','1'),(464,'eros@cursusvestibulum.net','Uma','nnbb9579f840eu9f15m194fob567l5kvf9h65qv5t9h2i962g6s9l16q04ffld47','1'),(465,'elit.Curabitur.sed@iaculislacus.edu','Quinn','auqn2297v659nr6j99b863tpy885z8btu7h55zf5f6m3e037p7o6f57g04cwcq24','1'),(466,'tortor@etcommodoat.net','Serina','ofco7977a150ct8d29n763reo326j6pep1d30zz3i3c8c723b7y5e65r51pauf14','1'),(467,'magna.Nam.ligula@Crasconvallis.co.uk','Mark','dnip8901d050qs4w38y482vny245y2uza2q56hx6g4p4v736e5n3m72g42bniz79','1'),(468,'Vivamus.nibh@justo.com','Cassandra','incv2920z575nt6i25v827wqz850l9hmf5c46ew6x0z8x322a5w2h18b73oemw27','1'),(469,'massa.rutrum@imperdietullamcorper.co.uk','Aurora','mhrx8985n250rl6y49h878wmw683d3xij2h29zd1o4w2v128b9y4e68k68nxuy49','0'),(470,'montes.nascetur.ridiculus@enimdiamvel.edu','Cassandra','twzc7644r401np2s20x494sqs881n8odp7o64rg4u7p3e479y6f4b08p09pjhl80','0');
INSERT INTO `user` (`uid`,`email`,`username`,`password`,`isAdmin`) VALUES (471,'Morbi.neque.tellus@viverraMaecenasiaculis.net','Daphne','gwsv2100j057ix2t55i892gjx104f4cmq3g88dc3p6d9l121y7s2x36t56rlzs79','1'),(472,'Quisque.varius.Nam@Proinsed.co.uk','Xerxes','ycsu1277h987uu6y36e283etq886z1ljg3t01da6x7u8p294o4r6d60t72hljd25','0'),(473,'Nullam@aliquetnecimperdiet.co.uk','Hadley','khvl2252a120uo4i37w995fwk282x3bbh2s50nx3i0c5p318k3g6h45v34zcxf45','0'),(474,'lacus.Nulla.tincidunt@Duiscursus.org','Wang','zrsu8265i655la7e45s041agb591z0bof9i86tj1m7h0g608a4i1a48a87sbsx78','0'),(475,'dui.quis.accumsan@dignissimpharetraNam.co.uk','Carly','eyhf3167h246pm0h18h535xzj471l2arp0s44jw4n8p1f077m3k1t55w90skth90','1'),(476,'fermentum.metus.Aenean@nisi.com','Adrienne','whhz9588y089fm1b17p478hsu853q4pfy3p11lm7f4b8i099n7f6i73y46dihp71','0'),(477,'ante.bibendum@ornare.edu','Jamalia','gqgf1438f201oi4d31f166xsk225d7yag6c94mf4j4o2g140x4q8m15b54xfnz58','0'),(478,'ipsum.dolor@pulvinararcuet.co.uk','Steven','fkcp5028b776bq9j07k173kzt908a2lbk0l85wu8y6t6j097t3v0b92c72afuu88','0'),(479,'fringilla.purus.mauris@Duisrisus.org','Rylee','bolj0891t534ky4c25f921gss137j2qxe3s43rz3c5s7z342j7e4s06d31qhli26','0'),(480,'fames.ac.turpis@cursus.org','Helen','cofw9125h815af5m98e219cjl160w2rmi3q30qd2c3h7v229i5s8f61w04jiye45','0');
INSERT INTO `user` (`uid`,`email`,`username`,`password`,`isAdmin`) VALUES (481,'quis.diam@rutrumFusce.edu','Cameron','wger6402j327az0i43f326tah929u2fpy8h67un2p9y9o488t9m8w74a69eyfa55','1'),(482,'diam.Pellentesque.habitant@at.edu','Brennan','lbqo8228c141au3j50v224fsn378s3tor3g03td6r4n4z323d6o2u44n02cvpp68','0'),(483,'neque.Sed@imperdietnec.ca','Dennis','xdla3886m127rr1u99c570jcv473y0jay3r03tq9q3x3h736h9p1g90y98aqob72','1'),(484,'Phasellus.libero.mauris@gravidanon.co.uk','Rajah','zjxj0448v905ug9b98a274rim759z7cxh6g12oy8u5z5e112q7r2l98t20tvix71','0'),(485,'gravida.non@hendreritDonec.net','Lucas','bnrz5149k191zr0z24n529lcm553m3kut5i78zp5f6f7b333x5q2a29r91kdsj86','0'),(486,'ullamcorper.velit@et.edu','Orli','yalt5240z082xy1z28g896yoj509q2hjs7u02ex9m9k6v882u2t5b65q35pazm14','0'),(487,'vitae.mauris.sit@euturpisNulla.ca','Amy','jrwl3792v241ww0f80h210dmj221n4nuq3l08jn6y2n9b391j6r8f92t56mymv65','0'),(488,'Proin@sedorcilobortis.com','Adara','fijd2052l246sb1y51h243gni182z1pkg3v54mq9u0d5t082u4l8n45m49bpnm20','0'),(489,'sagittis@odio.edu','Blaze','ktep2011k396vf6u50v416fev121m0rda8y20yy3y6n4n288t3l9t48n19jcrm05','0'),(490,'vulputate.mauris@sedtortorInteger.com','Azalia','qkhb7738i837nq6j28h797zxm736f2mgz8d85oy2n5d1f282h2k8d94o03nnce76','1');
INSERT INTO `user` (`uid`,`email`,`username`,`password`,`isAdmin`) VALUES (491,'vulputate.dui@Vestibulum.edu','Dean','brac6734j839sc3x09j540eob617m9upf8n60um5n4c8b627s5j9n15l34pwym31','0'),(492,'varius@vitae.edu','Claire','wvaq9149y802lm0j17u909gwu243s8pre8k34zx2a9p5o855a6h5e39i51egga63','1'),(493,'Donec.tincidunt.Donec@urnajustofaucibus.co.uk','Anika','myin6915c789cf8v34u708jtw286f8vob9v97xt5y9e1i874y2s9h63i90utce87','0'),(494,'aliquet.Proin.velit@sodalesMaurisblandit.ca','Quinlan','msfe5329a624kx3h59r139pky319k4gni7m82cj3e7i8j899k4e7g36j02qyto03','1'),(495,'lacinia@maurisaliquameu.edu','Doris','zmrc6761e694el6u54r395ztd555a4dkt6w46bf5b6e8l781x9q1k42b16wazx28','1'),(496,'rhoncus.Nullam.velit@necligulaconsectetuer.org','Roary','catv1280a690tv2d49h828vlx605k6vqn2m69jk6i8i3m448q2a8b83m81blap40','0'),(497,'Cum@etipsum.com','Signe','qriu4996q899ox1p81n731znk442b1udt2j18hb4o5e8o466c2u6r44f42apeu63','1'),(498,'ipsum.cursus@dictumplacerataugue.co.uk','Gay','vvte1889l609dr4t85z635vui246a9yus2p23ip8r9b3b933y8i7r39x19pbhp31','0'),(499,'pellentesque.Sed@iaculis.ca','Jocelyn','fmfc0597k594hi5o29s454ebu889c7lhu5j37ya8q0p4p183s4c9q53h24fqni49','0'),(500,'augue.scelerisque@Quisqueornaretortor.edu','Denton','fkzq6783p948pn5l83t099lkr213v9lts2j33sg9i1i6h396h1x6i16r12jcvd77','1');
INSERT INTO `user` (`uid`,`email`,`username`,`password`,`isAdmin`) VALUES (501,'urna@maurisblandit.co.uk','Tanisha','tgua8615s570un7l37f246oki161v9ufw6l28cw6m0e0b607q3y4n22u18lwte89','1'),(502,'pede.nonummy@eleifendnon.org','Vincent','qmig6641k363tv5l82z286uss145y9fnn3v42yv2s0r7n959q6g5b32h58kxtm66','1'),(503,'condimentum.eget@necimperdiet.org','Kermit','xmtf5310i010ff6p19z102hto587g8gmv9u19pl5f3n7h753r7q4p92f04jiiu89','0'),(504,'Suspendisse@aliquam.edu','Deborah','vmtx7778x243ji2e69t936pcg866k6skr8v32ns4s3f2x342n0x0j14e85pmcc75','1'),(505,'lacus.Quisque.imperdiet@placerataugueSed.com','Macy','rzsa6824i433lz2a05x119pxy496m7giy0h46mh7j6g6d729z7l0y03h59drfv93','1'),(506,'pretium@eleifendCras.org','Yvonne','ixvn1351j837pl0r41f886czs363b1lxc1e84ju4b1z4o710g3h6o84j05qvjy93','1'),(507,'pellentesque@nisl.edu','Melinda','syrf6367n240nv9m06n809ppw432z4tdr0q95yw5s1n8p297a6k3j56d69xtjm93','0'),(508,'sit.amet@euaccumsansed.co.uk','Ingrid','gxpr5415k400qx9q70r730yxh556r3gmn1o27wk8y2r8g326i3g7g24w48hebb58','1'),(509,'dolor@at.edu','Renee','qgeu2205j531kb1n28n798vbc009t1ngy5p28et8a5j0v176k6p1z87t26wzog28','0'),(510,'ipsum.nunc@mattisIntegereu.co.uk','Lenore','pzlg6351y934mf5n22w517nex278z6dul0h18rg5l7n2e857h5k4x13m75jumw89','0');
INSERT INTO `user` (`uid`,`email`,`username`,`password`,`isAdmin`) VALUES (511,'eleifend.vitae@laciniaSedcongue.co.uk','Minerva','xzxv3098r040ub3r99d316hfd365p6rzq7o48xf5u9j6e437s2m8m88s88tjsf98','0'),(512,'vulputate@lorem.org','Levi','jazj2169t863bj6a62c071rsp712w6ffj0n36tt9x7b7p201r4i3u12n75qrqv43','0'),(513,'et@Vivamusnon.ca','Daryl','psek4921t836dz9u75x457rex681p4eeh0c56cz1p4a0g908t6f9q69i57qjpi51','0'),(514,'cursus@tinciduntDonecvitae.org','Hamish','habm2988z415hw7t32i897avd515p8dej0m48cq3z3k1d273w2q7v87x11ntsv31','1'),(515,'In.scelerisque@sapiencursusin.net','Ella','tjjw7425r476pf7r86o853ert480f1kcy6x94aw4g8n9y641y3g9r57j07zsbt09','1'),(516,'mus@eratvitaerisus.co.uk','Shannon','poli4223w942qd7i14a417ysm571d0zbv5j48py1f9b2q487s5s2d65k17wwhb67','1'),(517,'aliquet@purusin.org','Juliet','feha0865c999fq6u03h024qed115d8nuy0k86ac7g8r3b480j4f5n89o86yood68','1'),(518,'dictum.cursus@non.com','Moana','feds2780w191uu7c01w529nxg305m2tex4s57ve4x9u2m953m7v5a17w79ckaf90','1'),(519,'rhoncus.id@Integer.com','Harriet','dwnd3041o038rb8h81s185dmr513e0mfp2r94wi8q3w9q176w8y5f88s03btzw42','1'),(520,'nec.quam@dolor.co.uk','Jerome','osjd9627h497sv3v26c572pce324v1fsf4r00rs0h3w7n073k0g7a73u43duir27','0');
INSERT INTO `user` (`uid`,`email`,`username`,`password`,`isAdmin`) VALUES (521,'a.mi@nullaDonec.org','Christopher','zeib3530u247pz0b91d947bgt966o6lzt6a13bc1o7t9l965m9f1v23r17rkxe91','0'),(522,'Nam.tempor.diam@auctornunc.edu','Aline','iygp0228h917kf2l34l633sqp791z1eyb7l02ig3t1d3l899u8y8v73o07kzel17','0'),(523,'erat.neque@commodoatlibero.ca','Hakeem','vyyb0257i495ap3s24l869tsa373x9zco5z13bq2x5r3a462p7f2i20o44cxyu96','0'),(524,'Integer@interdumenimnon.org','Honorato','mhus2674x309zc3w29g681bvk809a4hgl4g02cs5z2m6g473u3f3r85y76kcxy40','1'),(525,'et.risus@anteiaculisnec.com','Florence','xdsh1027d224au2z20d318hjh980h2yzw1b53gv3w0z8c257y0r6y03r99glyq00','0'),(526,'egestas@quamdignissim.edu','Emma','sqsk1783f625za8i19l571fcd022r8cbf5w04wc5i4r5l994w2a4v77l78uhup35','1'),(527,'Cras.convallis@arcuVivamus.ca','Hollee','dbba6593e632jv8e25t834fur515q0nip8l06mg4h4p1q580b8u9d51p31kmcj53','1'),(528,'interdum.Sed.auctor@congueInscelerisque.com','Ferdinand','rqwx6355j138ve8x01k430tll702t6xax3q72ve9e1b5d879v7w8p06r14ekyh75','1'),(529,'urna.Nullam@velitegestaslacinia.org','Hiram','epea1381q790qx9r79b648woe739d6jng2q14gy7y5b1p564g7h0l23c81huxr41','0'),(530,'aliquet@gravida.ca','Francis','mdbm6407n252db1o26f369kkm761q1vtq5t67di9r1m1g784m3q2m12w95zcmd19','1');
INSERT INTO `user` (`uid`,`email`,`username`,`password`,`isAdmin`) VALUES (531,'Curae.Phasellus.ornare@odio.ca','Jescie','rntj2949s496oo7k37u252jrf916c1bdm7z77pc9f7x5i863f6m1d58a15hurv44','1'),(532,'metus.In@placeratCras.org','Drew','kdjj0677k851yx7s27n072hpo043f3yak1y80eq1i9t2i031k9d1u73c48leqm30','1'),(533,'Ut@feugiatLorem.com','Neville','pkdq1639m967ug0w91e927iee410p7ogx1o07ih2j3t9f314y9v9w83z24wkxl70','1'),(534,'nulla.Integer.vulputate@tortornibhsit.edu','Wang','fody1094a791kw5d69w147xyp974y7rgt5s91he7k5i7y080j2n8k23n49zlmw25','1'),(535,'Donec@Aliquamerat.net','Michael','oemg6846y506ku3g91l193mdj370v5pte7s53oi2l4m2m596c9a6b71d57gtxn02','1'),(536,'non@lacusEtiambibendum.com','Hayley','niuc8189u983pp3d55x607ipl812u8vrm3p96uw1e8b6c454o3e8f86c35xgry73','1'),(537,'sapien.imperdiet@ProindolorNulla.co.uk','Ross','gfpl2143v221fp0r10s271fvk974i9ccb0r05fi7s3r8k059s5v2v95s56bwmw13','1'),(538,'faucibus@tortornibh.org','Hu','zgsn0777u185ud3q29g539hhx273i8imn2o83rw1m4q3q353b9n0j23t23xcez51','1'),(539,'natoque@dictumsapien.co.uk','Bert','arnq0419j994wr2x69a729rqu055q5joo2k33jp5e4e8c519k6b6r18w43wzij99','0'),(540,'nibh.Aliquam@diamProindolor.ca','Micah','vvjv1673m659ca5w17g307qrj323r2vlz5w50cz0f5e1v615d2a8u49j56wlmb65','1');
INSERT INTO `user` (`uid`,`email`,`username`,`password`,`isAdmin`) VALUES (541,'vitae.risus@molestieSedid.org','Preston','liyw2938h513jn9e39u481ylm625q5iyj0v19uf6r8v1g168u3k5v71r72hgfb42','1'),(542,'dui.nec@cursus.net','Selma','vgzy0896r324rq5v83w458ifb070h0lsg6e81ws9m3a1a405r7l2n13y48btii97','1'),(543,'erat@arcuCurabitur.org','Irene','loor3103t393uy8d16k651tna535o4nhd4j50hr1f1m9x860e4o3t83y49qznb98','0'),(544,'Cras@elementum.co.uk','Lucas','qfcj4234l579yr6t69b222pcb317f8uia9g21pm1i6f4g782s9s7p43q10umth63','1'),(545,'penatibus@blanditcongueIn.ca','Evelyn','zngc5086n362hr6t37r972uim171l9rll0v89kx4u6a3z354k5n4p37d24lvmo56','1'),(546,'sed.libero@gravidanon.com','Melyssa','npmb6002z485et2x42n546tps243b3pan0q10ou3g0d3j537w9e2n72j22dhtu14','1'),(547,'risus.Morbi@arcu.com','Miranda','yxmp0999d329ch5c23d320cmb019t9gcq0n97xl9f7q0e268o5v7v26y21ctta10','1'),(548,'dui@vitaesemperegestas.net','Norman','hqou8039d400iq8x57l106tfb101r1tap1f10dh7d1r3j595m9f2a22y12pftn59','1'),(549,'eget.laoreet.posuere@non.org','Maxine','uaor1370z354cm7f31k077qyj228q2pha8k08oh2e1g1j832m8l3g20s92vklk23','1'),(550,'ligula@posuereenimnisl.ca','Dai','trya9709j486ji2i23y036glv782s9kmr6m56xf9k4i3g406n9p0u26m71lljt03','0');
INSERT INTO `user` (`uid`,`email`,`username`,`password`,`isAdmin`) VALUES (551,'eget.tincidunt@fringillaporttitorvulputate.com','Kibo','ukjj8558o715av0h53d621dvk061p7huy1f40um7l1v1f345b1x7b58w38weim07','1'),(552,'vestibulum@montesnasceturridiculus.edu','Caldwell','bzns0009p687os2q15g007fuz107c5vvg9g32vu0q4n0n784k3h8j89a75topd69','1'),(553,'porttitor@ipsumPhasellus.co.uk','Ashton','fypo8873s616dl9f93k247ubb064i8edu4v34ko7c5w3m070d4g2m55v82vfcg69','1'),(554,'lacinia@dolornonummyac.edu','Demetrius','zgus9231i231lg1l88d351kue144t8end6o62vt7c2m2e690q8z2t48f12escm75','1'),(555,'egestas.nunc.sed@Vivamus.edu','Whilemina','sapv3915c895gm9k68j544aun029g7pxc4j27pp2d4k6m567j0j6i98o34sbll40','1'),(556,'sapien@duinec.edu','Jaden','mcey5003u607yz3k97h198rcm874r2tdu5q65nf6t8p1d303s4h9g01a17sppq73','0'),(557,'facilisis.non.bibendum@eget.ca','Bert','deia7940s278rj5x63o986quc293q8uuj5k02js4z0u7l735x2m4w28i91hetg52','1'),(558,'interdum.libero.dui@metusAliquamerat.edu','Nolan','cbfv9311i621ke5y53a483slt595d5mck0x05eh5b2p1b320h2r0s10e58aqnd43','1'),(559,'sodales.elit@egestaslaciniaSed.com','Lillith','huva0640i313rz0g87c573sss851b4upn1x90tp5z8j2g960k0r6t51v12vnmz23','1'),(560,'dolor.quam@duiCumsociis.net','Clio','izgj2685r037mk3e11i015qdb372r6wux9s00bp5l8m7z219z0r5e26n12fivb69','1');
INSERT INTO `user` (`uid`,`email`,`username`,`password`,`isAdmin`) VALUES (561,'Mauris.eu.turpis@et.ca','Shana','vlfc3098r144un7d81y546hok091z1wqu7i66hq9p3k7u844n8v3t59b26ipwq37','1'),(562,'Curabitur.vel@Maecenasiaculis.co.uk','Sandra','vxfb0245q648uh8g31b937fnk263p7dzg3w14cp5f2m9p274s1x0d39s36fqgt94','0'),(563,'posuere.at.velit@molestietortor.ca','Sharon','blqm9793s758ez6m15i706bpy814n8ivs1b00cs3w2s5y300d9p2q14h52tfjo55','0'),(564,'non.lorem@iaculisaliquet.net','Zia','obwd9420d882ac5r05h174awo138z8wva7r36nx2b0x6r161n6n8u36h35llar43','0'),(565,'arcu.Morbi@liberonec.ca','Kylan','bhsx8427k062kg3m64p469ojl805l0vnh3p17wf7h3p8z845o5t4f64d87dgzh76','1'),(566,'at.arcu@ante.net','Shaine','frhp6260q527tc4s01y863bbh314r0pbu7h88tz4g0o6u553q9h5i78k48bipy88','1'),(567,'in.consectetuer@vestibulum.ca','Stone','zvbl5578r633mw4u00p247ttl456s7jji6y32fr4g4d0e953s6e4u61b49jbbo59','1'),(568,'ac.metus.vitae@afelis.com','Winifred','mzrw3195t911ar5w10m909efc861u5ogj1o24lw4i2c0j574p6u2e78q29ofzl65','0'),(569,'ipsum@sit.org','James','fute7423a149ah1c09y956uoh270w3stz8t06gt9h0t9m690a8y0m17k33bovu23','0'),(570,'sem.ut.dolor@tinciduntvehicula.ca','Patrick','jvnb8364e151bz9d89j123rox309f5sjp9a64zb5c8o5w191q5k2f69x61fbbs22','0');
INSERT INTO `user` (`uid`,`email`,`username`,`password`,`isAdmin`) VALUES (571,'tempor.erat@velturpis.net','Mara','jcma8432q228du0x27k109jyu055u4yuh9e95ux2i8f9u588h8d9d71i41beie63','0'),(572,'eu.dolor@malesuadaaugueut.com','Meghan','bczq7105k541by5l16x865ymm888b6jjl9n43az0b3b2i636d8d8l99z63hwvq08','0'),(573,'ipsum.leo@fringillaporttitorvulputate.co.uk','Troy','wzdf4463m844pi5b77i587pra651b6bai1r43za8d2k0v052l8t6y75p64xjmy12','1'),(574,'ultricies.sem.magna@pellentesque.com','Dylan','qbsu0811v468ij9l46d116bwe054s2xai4b12rh8b7s0d731y6r4r80s11usem75','0'),(575,'Donec.felis@Aenean.org','Dominique','wzwp4328l162ov0x43m471sil718v3gml0a07it0y1j7t944i3a7i25z91yugs99','0'),(576,'egestas.lacinia.Sed@cursusa.co.uk','Xandra','zbtg3119m921un4w21h105qeb889s6bbw8j18wn2n2t6z710y1b9x54n85pllr22','0'),(577,'erat.vel@Quisqueliberolacus.com','Hakeem','rbpc7828k009na4w19k709ojb288v6tdx3b92kg1f4v2o865w1l7k98z27fkto33','0'),(578,'In.ornare.sagittis@sitametornare.com','Jakeem','zjkh1352x229wt7o84s227wfw200n9sso7o42bp4b1v4w860b5j3x36e18teev93','1'),(579,'mus@NullamenimSed.com','Finn','uzfl1312z286sz4f07y083fnt086b0bmo4l07wc4b4z7o369z8m8v74u34fffz07','1'),(580,'habitant@neceuismod.com','Chadwick','cewv9139a566fm0l74p759jfp205d5ozu5e52ur0p6q3p643w3w9x89k67pygb60','1');
INSERT INTO `user` (`uid`,`email`,`username`,`password`,`isAdmin`) VALUES (581,'ipsum@musAenean.com','Molly','tkdd6687p144rb0g23r638fss407a3uwh6b87rk1n5r6k433o2s0f65x41zvsh94','0'),(582,'vestibulum@diamnunc.ca','Harlan','zasa3374c752ze9s58b698ysu861o4bze9l97uv5v5t1v796g2m2q19j97wzgj65','1'),(583,'ligula.eu.enim@amifringilla.net','Kareem','bmcy7647m134tj9a65t484wgt226e3wwo1k02pk3n2l0a432m7e0e97l90aomw64','0'),(584,'amet@condimentum.com','Jasper','bjbe7171z202nf8n39n012mby290e1fmb4z96lt6i3w2m578p5t3t68k61dkco26','1'),(585,'augue@Vestibulumanteipsum.co.uk','Armand','ncvn4530p512ka6n05v029seh881s9usz3c14gp6g3q1u692r8j4w76w80jqbs39','1'),(586,'faucibus.lectus@doloregestasrhoncus.edu','Alfreda','zlzy7918f938pm4p13x890zbx169p0ywx9p06no5s8w3v512f6l9x33v50ssrf56','0'),(587,'quis.tristique@ultricies.edu','Briar','iadh0512x998ov3v27w921jen832k0coc1f31li0r2k6h132p0q4y34y08qgmy45','1'),(588,'velit@odio.edu','Dacey','qdih8904w317aa9c72s601lfs008k8vvw1v99la1v0g2k062j7h3l03r72gmod41','0'),(589,'Aliquam.tincidunt.nunc@Aenean.ca','Griffin','wtjc9805i495pa9h70u593ykb294o7znu2s88pz7z3b1v658p8g3x57s06epnw30','1'),(590,'lectus.convallis.est@velitQuisque.org','Ori','xeqk4694y572hh8s10i389cto841p8gwz2p57kn7c8g9o967f3c7c74f76ojld82','1');
INSERT INTO `user` (`uid`,`email`,`username`,`password`,`isAdmin`) VALUES (591,'massa.Mauris.vestibulum@eu.co.uk','Penelope','dslb8405d450tt3k70d630oav135i2agt9j75ta2p8b3y795g0b4o23p44nsbx17','1'),(592,'libero.lacus@acorciUt.co.uk','Yoshi','kvam6399s755ps9q59g531rby479v9jmg2p41ho8b8x1k141l0h5l91b79llmm18','0'),(593,'metus.Aliquam@Cras.com','Joelle','obie6290t734os0e83b413ekj282w9lbe9t15ju2d0z4j249k4g3h49m47ztwb57','0'),(594,'venenatis.a@liberoatauctor.co.uk','Price','bwon5066e911ih8n68n567rnb247o6owz5y63mu3o3r5s906i0e1l67e18ofhk38','0'),(595,'a@aliquetodioEtiam.edu','Madison','ivoe9478g459cb9z31s501ntc855j3byz3a80gk7i7b7l741k7l0x85s93cqof14','0'),(596,'interdum@Quisque.net','Dennis','qnlt0488d255ww0s44q544uui627i8iwd5r91pj8t9b9g920n4v6v83i28jwrp44','1'),(597,'Mauris.quis@dapibusrutrum.net','Vera','iztr0093h707bx1m46a234mbc480w2pok7f50hi0h3l4s157k0c9l71n38perv15','0'),(598,'Curabitur.consequat@lacinia.org','Deborah','ahor6386e428fk7g17p049xnw425u3xol3b11mq2x0h7z666g0y3l91p00kwwx80','0'),(599,'pharetra.Quisque.ac@nasceturridiculusmus.org','Nissim','fktr2746p940eh5q76t420vvp277z1dwa3p23sg0x1h7z720e6r5d73w00ylnz15','0'),(600,'adipiscing.elit@eget.org','Pandora','canu5159d632zz9l33n017ldw462x2hrc5h97zv8m5q5p232t1t5p53f37lmmf31','1');
INSERT INTO `user` (`uid`,`email`,`username`,`password`,`isAdmin`) VALUES (601,'Nullam@eget.com','Cassidy','ncoa7982r791ke7a93i456ygs252b4mlq7e88kt7f5q1v107z7y9s90c26nbyv11','0'),(602,'Aliquam.rutrum.lorem@elit.ca','Callie','adcy3805e070hu2v42j235dim037c5ncm5j38bg0g0s5m603h1y0w54y59wnyo75','1'),(603,'ornare.sagittis@Pellentesque.edu','Teagan','ffiu4229d635go5l78o046mqa450d9sfw2f53um9j4t8c734y6m0k40d74vwjs44','1'),(604,'nec@placerategetvenenatis.org','Carolyn','oclg6220f723rt0u07f408qiy183c0bsg2n82mt3l8q6g067s9k5c45y77roza25','1'),(605,'Duis@vel.net','Ariana','rdyz4143t845dp5g49p908jtd839n9jby4z99xv1l7m4t056j3a2q62m13mmzc06','0'),(606,'molestie.arcu.Sed@ante.org','Arden','mtrs5686v351ch6w93t608clq675k9bnk0c75tt9s8y8d856i6x1b85f59uzgo67','1'),(607,'cubilia.Curae@nonummyultriciesornare.co.uk','Avram','nkuf3329t766sk1y28o606lst659l4rwb2u55kt3s7h9r164l6v2g62l49knkd39','0'),(608,'lectus.pede@nibhenimgravida.com','Leo','syir3621d378nh0w82y232lyb046n8iey4e17mm2u7g4j204f8g3t35r22esed25','0'),(609,'Integer.mollis.Integer@non.net','Jason','kbsy4007u195bu2e55o091oia585w1qon9e66eh1k1n3j436v8r2i86n53kgpx32','0'),(610,'Suspendisse.aliquet.molestie@elitdictumeu.com','Hilel','pudm9629o403sw2l47t947xdn691o0jdx8d05ca4f9f6w800q5g0s38u46akzr38','0');
INSERT INTO `user` (`uid`,`email`,`username`,`password`,`isAdmin`) VALUES (611,'dictum.sapien.Aenean@inmolestietortor.com','Marshall','yyuk6767v502jb9w76w036say921x4ixx4v85lt8u1p4t851q4d6h95i73jdmg46','1'),(612,'nisl.arcu.iaculis@rutrumjusto.ca','Kai','mzxb1434j598mg2s39c938iyi049v2rmt8b69zr0z3p3v727r8b7m09d76beex39','1'),(613,'vel.convallis@tincidunttempusrisus.ca','Vincent','pjvk4264u453qj7a58o863jvj736u0cqk0o03ug6l5j4n160p5d6r15b29uyis40','0'),(614,'Phasellus.fermentum.convallis@adipiscing.edu','Linda','lese8507m558jr2g23f856bwa924n2hyj2c96nk6k0j2d294k9u9u32o65udlt34','0'),(615,'est.mauris.rhoncus@fringillamilacinia.com','Joseph','zgdu5753i810zg7h83c718oyo521k3nxe5f00xp9z5b6s360m8c7q74x75muof26','1'),(616,'dui.lectus.rutrum@etcommodo.edu','Ciara','xbxq8280w252oo5i78l039gsr972h0aum6m35fl5t4u7d905d7l5d74w21gaah93','1'),(617,'Donec@elit.com','Rhiannon','fgpb4614q933sy0d62b722sgc587t5gjx1c11dw4x5b5v151k2l0f89o35pqvb68','0'),(618,'Phasellus.in.felis@ac.edu','Barbara','xvzd0326n582fx7l08h293cxv288o1ppg8r00kn8y6p2s480m3y3f41t25mrhl57','0'),(619,'at@risus.net','Aline','bmtw9962e351sb3e53w221puh374b9ejz7b70kf9h7v0o114p2m3f55l26wztf08','0'),(620,'nec.cursus.a@molestieintempus.ca','Amir','yryn9054o224gn5n15q046oxk145f4ulo0j21bx7r0t6h590q4q9a28n49vasa21','1');
INSERT INTO `user` (`uid`,`email`,`username`,`password`,`isAdmin`) VALUES (621,'nibh@semutdolor.org','Ora','wnfe2694g897la7w42a674iwf834c3yuz0a55dt2y4f8r500q8d7h64m42swgp01','0'),(622,'ligula@Aeneaneget.edu','Lee','qzrv7541i223aj1w66d373xmv110h1axe9t25er3i3w7w988w0l4y12a83mqbl20','0'),(623,'Phasellus.ornare.Fusce@loremacrisus.edu','Brent','uqak0492z082cy8f86a360ypr206l2bpj5v30dz3t9u0r896k2z8l40s21nzgs73','0'),(624,'aliquam.enim.nec@Phasellus.com','Britanney','jvfh4311h089cd3p61l444sqt728z8kus0k78tf7g6t7j196u6i4h05o73nxxb04','0'),(625,'accumsan.sed@sagittis.edu','Robin','pwie8788v037sk7i87m964aow781k6ctl9d07ib2i0h6v105l1z6r77h13famg97','1'),(626,'iaculis.enim@magnaPhasellusdolor.com','Britanney','zxtm4976b662ha7r21v713hol793g8ybd3g10wr5d8w7s703c5i2l11h63dkbo87','0'),(627,'Nulla.aliquet.Proin@ornareIn.com','Hakeem','xnfd2678c931ln7i83r620irw571m9gcu2a34ca8y8i7j549u8k1m38w00vdzb72','0'),(628,'ridiculus.mus@consectetueradipiscingelit.edu','Calista','jojf4246m534wx7c55n543nzy051z2mzn9a15zm6c2s1k789i3z8k41v54kjro19','1'),(629,'arcu.iaculis@risusvariusorci.org','Gloria','pxuj8864i216ip9z74a542zeh594r2wbm8u42gw5h4a8h844j6a6l03u92qmwr78','1'),(630,'enim.Suspendisse@loremeumetus.ca','Mark','eqbm1155o957py9k85k648qvw502d5upn0i12df5s2i3s756y7a5j45v61hndn77','1');
INSERT INTO `user` (`uid`,`email`,`username`,`password`,`isAdmin`) VALUES (631,'sagittis.lobortis.mauris@habitantmorbitristique.com','Edan','hjed2729v903bc6z20i555gmz716a4ndv3b50wh7q1b9l904v4b1u76v61ruji33','0'),(632,'lacus.Quisque.purus@quam.org','Charissa','hawe6648f609sw2w64m076vhj852o8uui2t99lg8v7t9s016e0m6c30g42pdwj19','1'),(633,'nunc.In@aliquet.net','Eric','zune9461y585qr8k44c580xgn144q0gxa1b97bv6u1k4u013t7d6s94m70klou67','0'),(634,'enim.sit@tellus.edu','Laurel','kxbi4212e016cp6w25v457qkw573o4ppy7d32jb4p3o6q324w6q4c16z79tfdf09','0'),(635,'adipiscing.lobortis.risus@dapibusligulaAliquam.edu','Lester','qxpo3158i509bc5f88l705hmr077w7phw0j75bu8d6k2z560i2q8g62c34yyga38','1'),(636,'lorem.tristique@turpisnec.edu','Winifred','zcea1701v811lo2p39m213gpl683g0fqu5p58kg5v7m1x240l5d2u39c45ullo20','0'),(637,'risus.Donec@Namnullamagna.ca','Chelsea','oqov4498a796pu7s33s387mhc865o5keu7n85ca3x1q5l132n6j5l94m17rqfv17','1'),(638,'ornare@ornareegestas.net','Slade','ddbk4162u495md0h39e972wme576g2ctg2q85rw3f9f7t653w0i3c56r47xzur64','1'),(639,'eu.odio@dui.co.uk','Dawn','dlhz3980q657ky4e17t662klx776j8elp2z86of8j5i9m888k2f1a54v63mdpp83','0'),(640,'pharetra.sed@elit.edu','Xaviera','qckr9397l342ha2z12z716tfa420k7jsn6l47ad1k3d2x738a8a5p82m19mlhx02','0');
INSERT INTO `user` (`uid`,`email`,`username`,`password`,`isAdmin`) VALUES (641,'gravida.sagittis@aliquetvelvulputate.org','Hedwig','gxyf8295b324ih4q30l159jds978s9vxp3v45hd9m5t9b876q8c0j01l31zcay22','0'),(642,'id@vestibulummassarutrum.org','Naida','xfvs4979u218qv3u82h046hds451p2zdo5a11et0l5z4b720l7t4m96h94tzxx52','0'),(643,'interdum@quamelementumat.org','Magee','llkp6899g869pr0y60o308trt202x0hbm1z02uz8a2a0d327a6o2l06v61rjxm05','0'),(644,'pede.Nunc.sed@interdum.net','Nichole','pshg8954s939va2s55t411hfo533o7hle4l10gd3z6b8h313t5x5r74l99hpkc10','0'),(645,'Duis.gravida@Nullam.com','Lamar','lmfq9523w009iz2l94l699xpa505u6xgz5z07yi3d6n6l395p6i3l28k64haew85','0'),(646,'ante.Nunc.mauris@enimgravidasit.co.uk','Christopher','mxzl8217n602jt1g19y692uyb875a4mcj8e53cn8z8m1z919b8e1a72l70hoii57','1'),(647,'et@pharetrafeliseget.ca','Kermit','uwya1136p307ut2p00p765iwd508k0hhi7p84dx1q4q9r699j6m8y16m44dhcd92','0'),(648,'dictum.magna@Nulla.ca','Flavia','ytww7573t769hi5t53j474jcq621l8dye1s11xj7x5l0f879r9k9z28w45tmvb87','1'),(649,'mi.ac@tinciduntnunc.com','Regina','imno9346r562lt4s80a200xeu715g3mos2a54lm0m2p1a981u9a0o78o75utow93','0'),(650,'nec@lacus.org','Sacha','ducm1556i983cx9g90m350cto187s4mjj2y83jt9p7j6q263p1p9l73p91jbvc93','0');
INSERT INTO `user` (`uid`,`email`,`username`,`password`,`isAdmin`) VALUES (651,'non@euenim.org','Mary','yhxy2858h479sy1o65w129ryu515l2dvo1a63gr0m6h5l246y3g3j44y63bhro78','1'),(652,'eu.lacus.Quisque@anteNunc.ca','Logan','smle6321f733cl4q10z630ghm261n9ngp1d31wf1a6z9b163b8o7r17a68jsgd41','0'),(653,'Fusce.feugiat@Duiscursus.org','Ezekiel','nxkn6497q821mk5a42s489sgl412f6vdi6a09jg6s7d7y895p9y1s09l68isey70','1'),(654,'malesuada@vulputateduinec.com','George','tlwm7534c714oy9a14d009cwx007x1tiv8f90wz5b4z0e939g4h0z19b77enyk28','1'),(655,'Sed.eget.lacus@nuncsitamet.edu','Emily','wbfr2862h656ux9z46e095ffj918l8oqs7s73ao8j5t0g942x3p1s33c29wcda44','1'),(656,'dui.Fusce@vitaerisus.org','Imelda','wako9804n647uh9u59t369sas079h6gcu4u25ch8c9b5i701g0c7e29u42kntt52','0'),(657,'ipsum.Suspendisse.non@tellus.co.uk','Rama','tnuv1252x149fu3k88x930ciu055b3mya3w04we9c9t9c977n2j1o89t52fqku14','0'),(658,'risus.quis.diam@portaelita.edu','September','piwp3061h522lh7w78p877scm476e7jzs2f82gk2e1u0f287j5a9j12m05stbt63','1'),(659,'ullamcorper@a.edu','Paloma','mfui8014t122rs9q35c500jgn483s7kiv1i35qf1s3r0h042v6a8r88v66lrak23','0'),(660,'eu@egestasligulaNullam.co.uk','Lacota','vxxm0420p254yy8a33s339jgf474p2egy4y56cp4v5j1r307f8x9q27p14nggb43','1');
INSERT INTO `user` (`uid`,`email`,`username`,`password`,`isAdmin`) VALUES (661,'iaculis.odio@parturient.ca','Alan','wtra8628k082jt4c22n135dmj539y8lwt8u29hv2x0w4q994i3j3r22e36evuz74','1'),(662,'Donec@diamluctuslobortis.org','Ivana','skbd3491r600xv5i66w315wiz760i3cpo0b27ej6u4s4n660e6x8z13q40obpc35','1'),(663,'bibendum.ullamcorper@elementumat.co.uk','Celeste','jccu3904o031pm9y15s542vdv808u0eko3x24sc7e4r9g544p0o1g98n89vcek52','0'),(664,'Fusce@sem.org','Abbot','cksk7839y207zj7i87i924alw320y5ezk7p19hs9h0s4e918d0t2f26m66kfre37','1'),(665,'lorem@gravidamolestiearcu.ca','Cooper','yvfy4458k272sk4x34h325dvn232l9pvk3p03kw8b9c3n874k5t9r41m30sxsu32','1'),(666,'Donec.sollicitudin.adipiscing@nonquamPellentesque.net','Anika','ebvm7624a266sq4n74d778nfe576m4een4x60ic8l7l6v885l8u5c38y57anqd59','0'),(667,'dolor.dolor.tempus@necmollis.net','Nigel','yqsy3852f135gm6d02a019kle548g5dmi7o44pv0m0u9e907q8q7w03n73vcje21','0'),(668,'ligula.Donec.luctus@utaliquam.co.uk','Ava','vxil8883u422cg1i41c661jid250l4lmq7i21rr4b6b4u325j8i2w79h95nvmm44','1'),(669,'Morbi.non.sapien@enimnec.com','Iola','ojvh9400y848nl3d17i274zyh500d6tfi6o10os3n5w0y620k3x6e59i07prns84','1'),(670,'metus@dictumcursus.net','Abdul','hhed4384m560kj2x86w264xwo764j5cst5e09tw8u4z1n130y4v8d42h84xhlw15','0');
INSERT INTO `user` (`uid`,`email`,`username`,`password`,`isAdmin`) VALUES (671,'Aenean@mauris.net','Rafael','eivx6734c405hn2y21p986quj598r7jgy1y62zu8i7b6o782z4n9o48v64hekb43','0'),(672,'nibh.lacinia@est.edu','Regan','kbsy5887y331sr9u03s892yma112y4veh7g04au3k6b7s071l7c5j76j18tsrs97','0'),(673,'eu@in.ca','Beatrice','acum8599y317ka7j11m370tlx269j2fdy9i51ug7a0e0y153o3a2j93h32emso33','0'),(674,'Sed.neque.Sed@rutrum.org','Acton','qtge6856n876ko2v00d372lab958i7qtq8n53ve8m0n9h927b3x3r54l75ykke78','0'),(675,'consequat.lectus.sit@Donecat.net','Len','uptm3148q493zu1g96p981ean745e2ymn8q22ep0d6f3q369o5q7r80o08pinp97','1'),(676,'metus@Nullamvitaediam.net','Igor','ilsi2839m079ww9p50g028xrv684m5poh0p81sv8i0n2p617q4j4u34v76mfci75','1'),(677,'Curae.Donec.tincidunt@ipsumCurabiturconsequat.org','Aimee','bfzk6164j957td5k44f936cvp558e5afh2l19fl2t9k1v081i0q9f78h53rvmi42','1'),(678,'Proin.vel.nisl@nequeMorbi.edu','Mollie','xumf1833r255cc8a37a114lqs656b7dxo2t73mi6w8j4y601d4g8g74d01jgoa24','1'),(679,'montes.nascetur.ridiculus@auctor.com','Ignacia','qbdj1883h835pb3j23j471nfh284h4yle0n11zd3y6b7s341v8y9s16y67raja99','0'),(680,'at@necante.ca','Yoshio','jtgl5516f906qe9i09r960rfg873l3vts5l32kj0i3b0x454r5x2x99r52qpsr98','1');
INSERT INTO `user` (`uid`,`email`,`username`,`password`,`isAdmin`) VALUES (681,'urna@Integer.ca','Iris','abbb7249k621bb3v59p363sop710r7edg9f57ci7r9i8e696i5m8d97a32eltd55','0'),(682,'est@eratvolutpat.edu','Griffith','ddhe7971j171re0c84u839csq939p7mut4w94kc8x9n1h148r2q5c59y13iedq80','0'),(683,'eu.nibh.vulputate@eueuismodac.co.uk','Bell','cikz8972z503ja6n51q101tsb409w1xov5h09ge2y2y7j390j7h3l70a10ojjr08','1'),(684,'sapien@id.org','Tanner','jupz5665h114vf7d71l628kbb831x0xkb7p64uz0n8t2f356n2z1r21e06gbqa53','1'),(685,'ut@sociis.co.uk','Orli','rhfq6070q419ek9o08m364tgr005w1wid7k82ct1y9n9e071j7z0v23t23saac32','1'),(686,'dictum.cursus.Nunc@Nunc.ca','Clementine','fiyj2538p594uo1p89r485kiy735j7pvy4r48zs3z6e3a528v7p0y24o97cqbg99','1'),(687,'leo.Vivamus@malesuada.edu','Montana','xsuq0748n583dx2w07n146czt530o8qsr5t36ak2q1f9r151i0b0v87c87ylea27','0'),(688,'blandit@dignissim.org','Vaughan','oabk5260g569cs1n95r868ytn245k3yrn6z93dc4x6n1a289o4r4k93v74hpxm59','1'),(689,'malesuada@accumsannequeet.edu','Owen','kdgi7891e941tz6a29e527nau823z9tha4l99no7b7u2e678j6l2x69j19bllt79','0'),(690,'Donec@faucibuslectus.co.uk','Julie','rktm1853g429is4o87w314pde996u0pyv6a89kk1h7a9x137b0f4e20l81wtsc92','0');
INSERT INTO `user` (`uid`,`email`,`username`,`password`,`isAdmin`) VALUES (691,'Duis@aliquet.net','Chase','mtok7132y779uq5w56w141mnk681y9hhe1a87of6t2i0c217w1d9u44q54rhbv40','1'),(692,'malesuada.augue.ut@magna.net','Benjamin','forj3740r003km0a12q006kzp967u6err5m89ah2a9b8e514l7z3l58e54jzkq38','0'),(693,'cursus.et@gravidasagittisDuis.com','Keaton','eaan8755n609bk6k10b625ole535g2rqs9k12lb0r4s6c581a1l6t37f21gzap02','1'),(694,'tristique.pharetra@lorem.org','Candace','uilh0910u817ab7p81z649wvj799n3qbn5e77bi2z7h3h819f5p1c48c50jrlv02','0'),(695,'gravida@dictumProineget.co.uk','Quail','mcno9146l854us7r34o110dij655n4whf8r49xr9h8z4a681s7v4m91s69zbqc26','1'),(696,'sapien.Aenean@semper.org','Oprah','ajqu3593n924ot3y21z447phb771f0dvg4j91ea0l1c1a368v3t8z82d64qwxj54','1'),(697,'ultricies.ornare@vitae.com','Ivory','hzcf0696l478sf1q83x363jpm813k8gvj5g46gm6d4h4u691r8j3k81j97duif47','0'),(698,'primis.in@Sedidrisus.edu','Julie','ljlb9450r125jk2p74g067rtc687y0ehv6z04bw2p5q6f098x3a2x07e87pkjd32','1'),(699,'magna.Duis@egestaslacinia.org','Ruby','mqak4245v239yr2l74t030cdd726q3oez1s96yv7v9z2y429i3f7d39j15xpqx81','0'),(700,'sem.eget@Nunc.net','Justin','kcng9147n690ow3o23g275hxj207r0ven8k47aj5g6l8m759p5x1p78i16oovl06','0');
INSERT INTO `user` (`uid`,`email`,`username`,`password`,`isAdmin`) VALUES (701,'mauris.blandit@consectetuerrhoncus.org','Melissa','irig8094d857lj7f21y242ebh387j0pcw8b67ya1j9a9y690x6p0h67a09zqso87','0'),(702,'ornare@dolorelit.edu','Tiger','cwnt5659u463kb1c16k087qwm107z8kkc9x48jt0s4b9l930t5y5m06m10zest60','0'),(703,'eu.arcu@aliquetdiamSed.edu','Haviva','pflo6237c280qj0l94n624kqp699m9bsb5c63ni5a0i4n048f7p9e72r65nysv70','0'),(704,'nec@loremsit.co.uk','Amber','tepl5842f289sm6f84w961dws621m3tbe0d95zz1t3e0w743i1u5t86z80qnno28','1'),(705,'dolor.Quisque.tincidunt@Pellentesquehabitantmorbi.com','Karen','jjzf8103h371sc9k44d940bpo069j3qux1k06wt4k8o5l865z7n1q27p60mqzg12','0'),(706,'nec.diam.Duis@utpharetra.co.uk','Linda','uxtc1319q710ki8a08n918voa567q4iqs3e63zf0h3q4d028a2y5y30i68ebsj55','1'),(707,'lectus@elitEtiam.co.uk','Octavia','fhnx3875l224bg9c69l122oql556t5evh1o00go5k0n6h746u2f6k33t74eoyg96','0'),(708,'bibendum@vestibulum.org','Idola','yanj4295o670bm8o17c995glq336u3qnm3s49af6e2t9p447j1s4g77n06gubj68','0'),(709,'mollis.Duis@amet.com','Adam','hynh2024s119yl9k96d591xsa607z2dug1u25yq5r1y8w451e3j4q04q29ltqv39','1'),(710,'convallis@Fusce.edu','Aspen','truz2224y645cd7x29t698juz070g9asp6m92lh2j6z3m002r0s7i05o87mppc29','1');
INSERT INTO `user` (`uid`,`email`,`username`,`password`,`isAdmin`) VALUES (711,'euismod@congueInscelerisque.org','Honorato','lrdx9359w260wx3u67j217kjx949t1pdk1d83vr2h9t3u442p7j8x96o87kkao81','1'),(712,'cursus.in.hendrerit@gravidasagittisDuis.co.uk','Logan','vpce7262e842kr1g35z469egp148n5aar6h46rh4t3j9p747i1a2n55t13ezmx01','1'),(713,'varius@quis.edu','Garth','lakg5026x892gt6b60h848bdz031z1zfj1i36vw7x9c3r360d5r4u76d30vodm34','1'),(714,'eget.lacus@cursuset.org','Elizabeth','inkl3380q427zw3k76r676cds752n9hor7h55on9t9o1e499g3p0g68m53uoxk97','1'),(715,'rutrum@eget.org','Driscoll','ntwy1738n413qg3m43u994ozp279e6irp1m77yy7x6h5a418z1y8m81j63ccip79','1'),(716,'vel.sapien.imperdiet@Nunclectus.edu','Margaret','srtw2491w083zk9v47a210zgd571x5eik4j41ix8y2r9l674e6a1k58j33rref54','1'),(717,'malesuada.augue.ut@torquentperconubia.edu','Candice','qleq8617f614qp0f34y965ade943x8zyp0m33es9o8k8p691w8l9y48i91esgf05','0'),(718,'non.nisi.Aenean@nonummyutmolestie.net','Callum','lqcy2844k231le3o84m710qtm255u9rax3n07li7i9m0t358d8h6m81t54efcz60','0'),(719,'elit.Etiam.laoreet@Quisqueimperdiet.com','Kessie','uwfr9185a349bx3j14l776kvr774r3bwl7l76mm4y6a9u246p2d3w00m30simv16','1'),(720,'at.sem.molestie@velitegetlaoreet.co.uk','Yuli','wadt0788d743mm7e38s027jfu627c4uep4j91tg7w3f8q021l0t7h67c41ejju26','1');
INSERT INTO `user` (`uid`,`email`,`username`,`password`,`isAdmin`) VALUES (721,'et.magnis@non.org','Zeus','bqga8288s130ro2r97y285wpl003v8hvw3e27sr9j1r5t027c9x8f25t49uvnp11','0'),(722,'laoreet@mollisneccursus.com','Naida','btjh8148d163go4y01m728tgp196i6tlt6g01xw3b3b7f490d4u5v96z78obus46','0'),(723,'orci.in@velitegetlaoreet.edu','Christian','rkuw0408u371aw3d90n396irz941h9hyf6h16qy3k6o0t724x2p2g53h58guem05','1'),(724,'diam.nunc@Infaucibus.com','Travis','ycsy1097j984ld2j67w082lby811z8rtw5a46wm2l2m8u152y0r2p69t06zprg89','0'),(725,'magnis@Vivamus.ca','Naomi','azdp5783v108co4o77e929kqs736m2sjh8d41sw1s0q7d374m0k6c10l71anpq27','0'),(726,'nec.imperdiet.nec@semperpretiumneque.co.uk','Calvin','ounr3525l610wk1e63e422lyl790u3kwx4v67ru4w0b2f848q9l2s83x12suvz10','1'),(727,'tincidunt.Donec@fringilla.net','Flavia','kqcc1201b166rv7p49k522tea736u5yei2f81lj3a8j1s090d2k9p10c00lhve47','1'),(728,'egestas@accumsanlaoreet.com','Wayne','oafh9059e485un6a36w533vai467u5ebv6u77ey3w7e4o338i6l3d17i24gnay39','0'),(729,'vitae.mauris@Suspendisse.co.uk','Diana','lkqf4201j799jj2c88a941isa984y4ipi2j76md5n8r3m976q3u8i20m97smow80','0'),(730,'Lorem.ipsum.dolor@sitametlorem.ca','Beau','pjwb8517p349fw8s61s937scd836y7huf4p55mj3l9y2w423m0x2j64t12uimq90','0');
INSERT INTO `user` (`uid`,`email`,`username`,`password`,`isAdmin`) VALUES (731,'Nullam.vitae.diam@condimentumeget.net','Charles','opyx7640h468jr5q93h505tkv670l8ody5o86od7k5y9z831j2q6w80c28ugcn89','0'),(732,'tincidunt.congue.turpis@neque.co.uk','Mannix','qcyn7066f363km9b98d158npq990j9bas9f25oc6z0h0x295q5d5d72u52udlx65','1'),(733,'consequat@loremtristique.com','Lisandra','zcaj8453f098gt4p83x307ili197q5hql0m69um4r7k1g892s9x1e81x74dfhp61','1'),(734,'torquent.per@euismodest.ca','Benjamin','mlae3889o652ub1i61a814cge760p2ufs3y54em0m9w7g586i1i7b24n90vrbx36','0'),(735,'quam.Curabitur@habitantmorbi.co.uk','Giselle','ywro7613e866nq0z01j411urn700v8piz0n11ty2u7k0g105z0h2q93o64wvuq84','0'),(736,'est.ac@nascetur.com','Dakota','sedj6095x212ui1y12h841dzb213f5puz8w50ni8o8u3o093n1j5b42k37ddcp45','0'),(737,'Nunc@sem.org','Karyn','ygsz9100d213rw7y49w599rni395m2rdh8g23yf8k7j5e826m8m1x24f85cewk19','0'),(738,'ipsum.dolor@Loremipsumdolor.com','Hyatt','wcso7626g961qy9l19b387jjj983b7jee8u88ck2j3j1a476q4q6q49d13lhje86','1'),(739,'condimentum.Donec.at@ametfaucibus.org','Connor','slmy0519z873bi8k59l921ccs649h2clm4p92dt2b4e0k023y9m7w75o87ikyx65','0'),(740,'Aenean.euismod.mauris@etnuncQuisque.net','Ishmael','dzbk0503u505vq3o45y616sen489w6nlu3y32ws8k6j7s017i4v1z38h42thbn93','1');
INSERT INTO `user` (`uid`,`email`,`username`,`password`,`isAdmin`) VALUES (741,'diam@Aeneangravidanunc.org','Clio','zujd4381b034ys0q38k858luq359f4tye1c40za4z5g9u029h0e9x88x43fkud28','1'),(742,'et.magnis@vulputateeuodio.ca','Lavinia','reqb6888z400yw2g22m271nis486y1abx5x25sd2d1d7u670y8h5s54v62qdik38','1'),(743,'metus@amet.co.uk','Sebastian','rcax5763l096wt6l00z764fcg224g7lfj8w28zr3l8z0r796v1f3q68i79mdbo67','1'),(744,'diam.luctus@litoratorquentper.edu','Kevyn','wmsj8487n918fn6v14k214kdn198t5rsc0e08zt7e4n1h967p9d2n15a09buva04','1'),(745,'et.malesuada.fames@porttitor.co.uk','Holmes','uncf2946k303lq6d87h244gvk713u9khk5g22ti9u8d5s703u8m7r77t25cfla74','1'),(746,'vulputate@Duisa.org','Flavia','zglp7650o936gi9p59e426vop678h3zgj0x33nc4y8n0o358h4a4u02c64iwgu92','0'),(747,'cubilia.Curae@sapien.net','Ian','yblr1000s658ez4e59t709gdx836h0hxi2z66qd5t8u1b770c5i8c99u96jmhe68','0'),(748,'molestie@utlacus.org','Aimee','qtni6221n877vr8d17m604iaz923k3rfh9e46ma1b1b9s974g6i5m69u72izgd13','1'),(749,'vel.mauris.Integer@vulputate.org','Minerva','yxca3384e384us9l45g563vap682t7zyw6o34ua1v4z0o806l3d2n18d33eqbz39','0'),(750,'egestas.urna@tempusloremfringilla.co.uk','Giacomo','qiig3618o827sf2j39a297mnl175v2trc6b45rd3v7q2x459u7o6u14p47loic53','1');
INSERT INTO `user` (`uid`,`email`,`username`,`password`,`isAdmin`) VALUES (751,'a.scelerisque@enim.com','Zenaida','vwox0420v663sm0w84j617cwy248d6grp4w88eq6c8j0m342o0z6z72h06mnzw14','1'),(752,'pharetra@In.co.uk','Fulton','spxk1146i868qb9g90f811uwt751j8quu6i43qw8e1o4b935p5h5l32s52zvkf80','1'),(753,'metus@tellus.org','Ocean','gnjk9026f035wf3y27y583ykj339m9axd2u61fl3i7h7m249b3k9z81l71avhw69','1'),(754,'Donec.egestas@aliquet.ca','Nyssa','jfdk3449h203qj3m00x161mnv536n6ckl1l37nf2g3p7t436x5p9u92j55dckn47','0'),(755,'sem.vitae.aliquam@Aliquameratvolutpat.edu','Lamar','idxa6476k968pd1c86q281idc208q4haz4a36ew8g2t5y622q3e3a06f95jnii57','0'),(756,'Donec@ipsumSuspendisse.ca','Shaeleigh','oshw1071k760pc2t55v396ibv900x4nhv4o11wy3u1b9l152z5s6c82a67xazt44','1'),(757,'sit.amet@Integer.net','Nicole','zpfj4502e626ff8p94k994okz746x8hwl7q81wx2g4y4w942p8f7l84u74zaaj43','1'),(758,'et.magnis@id.org','Brenna','cvmn5709q361rj3v19w941ivl208p5lto7k10xd1v7q5g089s0r1s33c60kazh77','0'),(759,'laoreet@quisarcu.com','Xanthus','kegz1982k377kq4m93j835nsi551r6qyd3n52ae5x4r6u085k0i0n96c13ngry63','0'),(760,'tristique@sagittis.com','Wade','eold3862m340fr3j57t301wno489x8ori0c37rb8k5p5i087q7p6e97n24hing31','0');
INSERT INTO `user` (`uid`,`email`,`username`,`password`,`isAdmin`) VALUES (761,'vehicula.risus.Nulla@turpis.ca','Hedwig','ebrd2534t017jr0j83c416gua856i8xdv8j57ev5x1r2j400i5u5e24p81irou90','0'),(762,'Fusce.fermentum@erateget.org','Lavinia','savm3756o471vn0k61d548oej058i9woi5n45vl4v4o7h468o5c8f16h87dplo71','0'),(763,'dapibus.id@sodalesMauris.org','Lance','pogj7023w472sh7z94v577boa096v2ewe2b99by4n0p7f544u6d5k98t53dwob02','1'),(764,'ad@nisi.net','Plato','lsfg8164x812sm9z56k328iow423n6tsf3x49qv4s4b0z142j0r3q03z38jbfx48','0'),(765,'convallis@Cras.ca','Teagan','enrv8479w917qp4d33n643jof271j1xkx6v62yt7m4n0d364d5b8b78h48ckxd96','1'),(766,'sed@ametdapibusid.ca','Daphne','qeyt3371r401kf7b09b982amf481l3rja7h59vq7y8r5i670i5t1q47q65cift93','0'),(767,'turpis.vitae.purus@quistristiqueac.org','Beck','cwza0136a988az5c52t601bim889g4pfx8f13ci4w8k8r024y2h3w53x01vurr28','0'),(768,'euismod.ac@Quisquepurus.com','Portia','roum2176b879si3q53n909dff681q0emm2b46qu0w5t0c907l9k4h18q81kwkt61','0'),(769,'at@eusem.net','Murphy','mros7763b442tj3r30q190vye094v6fvq0p64dx8h4g2p573v8s0h78w00tyme90','1'),(770,'quis@Pellentesquetincidunt.com','Rhoda','ectv7851f188tw2i93f310vao760s4skb8u95hl1i7v2q908q7d8h57h87jhav68','0');
INSERT INTO `user` (`uid`,`email`,`username`,`password`,`isAdmin`) VALUES (771,'imperdiet@Maurisvestibulumneque.com','Aaron','gbyv2350b125vq3i59t380fun572h4bid1y27lw1b2i9i023q7i2o30r13fgkg77','1'),(772,'vehicula@Morbi.edu','Macon','wptm1945p541nv9f98r166stc532j3vte5p23fp4v3h6f478k5o1b14d04tfhp15','0'),(773,'nibh@nonlobortisquis.ca','Winifred','tgws1599l086uf5c50i119cuy515j9nbr9u52jy0k8i8a817g8d2f13q84uxat80','0'),(774,'vitae.dolor@eu.edu','Ramona','acmp9968t969no8n53p301nnw392q0ieh8z94cy6k8s4x346c0i9m79p22qlki97','0'),(775,'ac@eu.ca','Shay','qzvh9043v778tj7y17i715msa916r1mui3j99tq0k4m9r938j5p2v11j22jlqy06','0'),(776,'Phasellus.libero@ligulatortor.net','Ella','wqgn0303c707vu6a83b562oti253t5qhu2h14bx9h4h6j573e0u3t96x32utwe78','1'),(777,'nunc@tellus.edu','Sawyer','isiw5346o929tt5w04q554naf049a2mfa4a04io4g6w7r827j9c0p91a56fdbk11','1'),(778,'scelerisque@acmi.net','Ori','pizb8641m845ue1r65s853jkr975k5ucl3x13wt5o4g1o487x1e5v61i96khtt02','0'),(779,'fringilla.mi.lacinia@Duisvolutpat.net','Brittany','iqdp2034b416rs1m73x432vvg584n8goj8h30dm9l7w0e545a9e2w54w52uxcr88','1'),(780,'lectus.Cum.sociis@sit.org','Ava','sxmh0180q866oq4a27c843mhl729c0nkk4d68ll5i9z2l167y0f7u30o85xxeu64','1');
INSERT INTO `user` (`uid`,`email`,`username`,`password`,`isAdmin`) VALUES (781,'Morbi@dolornonummyac.ca','Flavia','xmkx8465w540rh7d74q728uiu640u6kvz8r82da0d8m4g887f9l4t46n08pecr10','1'),(782,'Pellentesque@quamvel.net','Iola','ejdn2987b177vk7f18r308kjb672v8rxm1t57el2e3j7h367e4j0t22j35uwsv92','0'),(783,'augue.eu@nullaInteger.co.uk','Uriah','kjxt4653v880bj1m86w651nce881q4nus8z20gs5p7f7w766k6n5d83g52zgua79','1'),(784,'at.risus.Nunc@famesacturpis.com','Caleb','tzve2590y067sk3q96p085hbh158d9elj2o33ff4o8p5x791v8w3c83n85rkxb60','1'),(785,'eu@Etiam.edu','Benedict','hcze1083k034na3f32d390ayh286d3xgj7h93az2i1a4z803b5l3c07l88rjrt98','1'),(786,'Quisque@gravidanon.com','Brynne','efje1853m008yo8n60g705blc565l4vmn8n33bj1d5m5a483n8d4i55j29emoy90','1'),(787,'imperdiet@pedeSuspendissedui.co.uk','Karly','nrew0442j860hh9v74b615wyf621o7mzh8v18rs8h6h8i322t7b3x62m40qmqe03','1'),(788,'Cras.interdum@acipsumPhasellus.org','Emmanuel','rjfi9324k821vv7r24i160pgs611g3lhc2n88je8w0b5v643g7j6f61i92ucwi64','1'),(789,'augue@laoreet.edu','Owen','gxst2893w444vt9l10n407cuh263w8gvl5i56df1i5q9e222z7s5f49a82gkid67','1'),(790,'et.risus.Quisque@est.com','Summer','tpdj9076e863yp5m63g399ssm974j7lfx8t32oi2e6t1d165g5h7q59d32vndy01','1');
INSERT INTO `user` (`uid`,`email`,`username`,`password`,`isAdmin`) VALUES (791,'consequat@Cum.edu','Valentine','drmo5653h084gt4i08z936tea687z6gsa7k56vk6v3s8m534w6a0y85x40rfmq97','0'),(792,'egestas@pedeetrisus.co.uk','Kitra','lkxj5456n144gx9e47h731oof266f8lrw9d16oj8v9f1h297k4w5z56y48pgam00','0'),(793,'neque.Sed.eget@molestietellusAenean.ca','Octavia','udtd3744c831ez8n32s067qhu411h2esy2h99di4r6r8d674e2r7r73m47tooi16','0'),(794,'nulla@sed.net','Damon','djck0617m979vy3b09t035pqf332q8uwj2a27il2x3t2m744i6d4v41h99mtkf46','0'),(795,'pretium.neque@ultriciesdignissim.net','Sophia','xtoh1533w488qi6u97c968sgr770m3hue2e74jq5m5w3d605r4y5u01d63kjcp03','0'),(796,'lacus.varius@id.edu','Ignatius','upki6828u404vr2i79l314aix531r5ftk4o72fp8m9p4d585z3c0b80j03nwii51','0'),(797,'lorem.vitae.odio@massa.edu','Barbara','kqta2102s408cm3a64h157mht359u7hjy3t13eh2t0z1h480e4p4v38w21oecm27','0'),(798,'Donec@pede.org','Chase','ztsa4438r564sx8g87m395lng206m0uxb3f05ra3z6i9c067s0l1v22x40efbi42','0'),(799,'cursus.a@utlacus.org','Knox','pxnq3082c930it4d32t594kst749h4urn4c67sk4d6m5v395o6q1d54r99lrow72','0'),(800,'amet.consectetuer.adipiscing@mollisduiin.edu','Bianca','muqx8661l644qj9z70q461hrc568r8sod0a94do4n1j7t850z3g6w55v29ovsx49','0');
INSERT INTO `user` (`uid`,`email`,`username`,`password`,`isAdmin`) VALUES (801,'sed@netusetmalesuada.edu','Illiana','rbnm0367n595jk8d03k640rft247q3yft8e01cc0q1y7w218c3z9y62a21phrb35','1'),(802,'tincidunt@Uttinciduntorci.co.uk','Marcia','prpy6349b844ol1j02k563esn463p3szv1v47am3u0w5w806j3p5t92q06rlbu67','0'),(803,'Ut.tincidunt@interdumenimnon.net','Alana','stvm8599w820ra0b14d718tvt596k5yhg1q65by2a8j1d521g3a7f96m29wpwp09','1'),(804,'commodo.at.libero@nulla.com','Madeson','ncbb3063k230ep1p68p465izz830m5fpj5a67ab2h0o9s892f2e9v55v19ehak54','1'),(805,'Quisque@etmagnisdis.ca','Jeremy','pkim8706i425bd9g74k943zlg832h8hfd7p77de7q4u7u035v5b2a63a06lnze36','1'),(806,'sociis.natoque.penatibus@fermentumvelmauris.edu','Joelle','xhxv1079o017no7h30r669jhs039f9nns4s74aa8s1r7o642a3s5g94f67hmuc60','1'),(807,'ac.fermentum.vel@placerat.ca','Laurel','mrdy7350y340zr1y20y973gvj660r5wsa6c74rl2i5e5w468b5t0k72l32kexe17','1'),(808,'dolor@non.com','Darius','chyj4053k380vu7f76g776stg904q7qoc4y31ml2y1n0t376v1p4k54l63wusx37','0'),(809,'in.felis@etmagnis.org','Regina','rmbr1995b302dc5z60u332tnm385y5ylm6j18bm2z3d5h307u3b3j92r75opmw24','1'),(810,'parturient.montes.nascetur@magna.org','Burton','jrxd7817s872vi1v06v208mfd506a4cpg6h60iy3n6k1h339z2h3u88u78laok10','0');
INSERT INTO `user` (`uid`,`email`,`username`,`password`,`isAdmin`) VALUES (811,'vehicula.et@maurissapien.co.uk','Clarke','ftxj8501g661av3y66d896uvy392s6rze3x83tj2k5i5x413h1c2v54k00crkz55','0'),(812,'ante.bibendum.ullamcorper@tellusimperdiet.com','Carly','zjxl5081e461qg9f58p536msl367c0bna4o56sq3d6r5d228b9d4z36y26xliw97','1'),(813,'a.felis@acfacilisisfacilisis.co.uk','Aspen','qeab0010n620gm8r12v229hsg165l9xuv5z63hu1c1b0q991i7z0r26g36lnur81','1'),(814,'hendrerit.neque@ornare.co.uk','Mechelle','eyrc2913c429dk1n48g282xob707v0evu3k57es1t8p5a838o7a2c80j15mhxx84','1'),(815,'sed.orci@congueelitsed.ca','Eden','gxiw5050w332ul3b70u815quv404z3brt1r17aw8v5f8o841d6n9b85p46umoy03','1'),(816,'pede.nonummy.ut@orciquislectus.net','Scarlett','wknz2126t651am7n58u314lub806f7oyz2r93qf4m2q6t792b3w9n01h14ddev27','1'),(817,'ultricies.adipiscing.enim@ullamcorper.ca','Sacha','sygi9222h364aa8h27k935gbh833u6jgh2w08rl0e0i7l692r3x8m83w18doir54','1'),(818,'ac@augue.ca','Chastity','jfde3468z193zi8u50t925ics092o6fzh8t64uf1t1p9g674n6b7z88d48glxo02','0'),(819,'pellentesque@Utsemperpretium.org','Reece','tbpo5933n228uy8s74w817nsb943f6ouf3m28aq0w6j2k438f6a0i49n97qqoc12','1'),(820,'iaculis.nec@egestasblanditNam.co.uk','Keiko','rcih5011u058nn6a50z311gth902p1oin4a72rh7y4o1p819q6e7h93z89keve68','0');
INSERT INTO `user` (`uid`,`email`,`username`,`password`,`isAdmin`) VALUES (821,'nulla.Integer@Nullafacilisi.org','Ava','qhay4022v902fy5t00a248lmc225q3mzr4m58ta7y8k1p657w9o8e48s90krol92','0'),(822,'vitae.semper@Suspendisse.edu','Karyn','mvrs4731g883zv8z32k325vom860n7wes2g97ry3k4w7v883w2t0a32b38rggt24','0'),(823,'ipsum.non@et.co.uk','Zahir','mpiz7347p348bh5k12b036kgx293j9mnn9k01lu6j3s5h482q9r3a98p38jgqn40','1'),(824,'vulputate.dui.nec@atnisiCum.com','Maggy','fmzd9084y819nb3b08e730awb916s6gzt6r40qv7p6l1s143r0f7x59k75mxhe38','1'),(825,'Integer@orciUtsagittis.com','Astra','mepm0280j833zw5x35a368bnw673e4vhk7a89it4f5m4b804k6e7v68t78nsnd55','0'),(826,'risus@dignissimMaecenas.ca','Ishmael','swwd5100s414hy4y66r630sac799c5hwt3w58zx7v2z3o618m9e9w81m93qvwn21','1'),(827,'sit.amet.consectetuer@lobortisultricesVivamus.com','Scott','lfsq8334b194jv6d46l166zbk499y6wkg3f12bv2y5r8e036b1f7b25x94ntje53','1'),(828,'ultrices@Sed.com','Honorato','tvqz9148q530sd3q76j328nry484d5cpb5s36bx9k1j5q258k1b6k49c75jnzo03','0'),(829,'penatibus.et@erat.ca','Addison','yuaq3554f590hm3h40l211mcr142t0vtu2y62mm6r6o0l412k3p1c05f88dsne46','1'),(830,'mauris@ultricesiaculisodio.ca','Mercedes','yyiv1630s047xo4g82v874xjg882g7sso3b50ss4s7v9i826s9h6d82n81dfaj50','0');
INSERT INTO `user` (`uid`,`email`,`username`,`password`,`isAdmin`) VALUES (831,'eu@tincidunt.com','Ariel','lxzc2943g673mi3n06s039tfk565j4kmt7s28bt7w8p1z327f8y2g04a89qzvm77','1'),(832,'malesuada.Integer@auctor.org','Avram','kkhv3432f667oa5g83m995guu705h7qil3u09np6t8t7p652o8f4r02l16gnnh53','1'),(833,'enim.diam.vel@purusMaecenaslibero.org','Cherokee','khlz6155n218ge5m88k970gbb194t1nyz1r03eo2v2z3w553m0q2g24w23lhne29','1'),(834,'accumsan.laoreet.ipsum@orciluctus.edu','Breanna','mdpx9261k528mi5a86o857zgx825d0ovd6p25yj7h6r8u057g9i6v24s23gujx24','0'),(835,'congue@eunibhvulputate.net','Brent','wsau5435v605of7x91o407aqj014w1lhe3a30wl2l7l9w211u5j3e66d53vbwy10','0'),(836,'nibh@natoquepenatibuset.co.uk','Nissim','ivib1851p346ua6c13d835dwv318y4rcu1i11nw0g8t0n077b4e3z14r26etxy62','0'),(837,'diam.lorem.auctor@lectusNullamsuscipit.ca','Hoyt','eugv4157i602is8d30q700bdj198s3dqt0l93su0l9j2e365x4h6k56e22mocg90','1'),(838,'metus.Aenean@magna.com','Merritt','iidt0207o266ke1s86o791mhe719a3yxo7v71kr2m5x4w597y6g4m56m53psst84','1'),(839,'sagittis.Duis.gravida@luctusut.org','Donna','pffx1156q394uh4n43j408fnm903l7kad7k53rz9t3i8w188l9m7l26j27lwxm38','0'),(840,'arcu@gravidanunc.edu','Christopher','rdcl7566m630si4h76v953rne313o2hxs4m17ke8z6s8u100s8o3k94v16aywo48','1');
INSERT INTO `user` (`uid`,`email`,`username`,`password`,`isAdmin`) VALUES (841,'eget.ipsum@mitemporlorem.net','Aimee','dmic9946n829vv2l07l029sfn471g1jrn6j45ek7m9r3v757s4z5x91b90rone98','0'),(842,'neque@magnaNamligula.com','Walker','kcum9268o050hk3f20u320zwx108e5slv5u79vn6y6p2s671t9d2b37f37lxse85','1'),(843,'semper.dui.lectus@at.com','Maris','urwo9532y385pd1h57f105zww912h9uuh6f06qn7r9r2t425x9w6v47m25otqn63','0'),(844,'diam@CurabiturmassaVestibulum.net','Roth','qrkn0387g642lq5v63n231bqg253f5clz6v00xn8q5t6l719q5m5l01r95vkhe47','0'),(845,'molestie.Sed.id@velturpisAliquam.edu','Liberty','umhk1448z482oq6n57v819rbh694y6ntc1u63be2q1o1m991a5t5z36a87wvfv81','1'),(846,'lectus@Proinsed.com','Urielle','xqcz1723k472qj6g91b584kym867y0ecw6w47fr8x9a8u092a6v5x05r09qnli65','1'),(847,'habitant.morbi@nullaCras.com','Bernard','srrk3903n810tf5f45t055zmu418d1hlb0g35jh9y6u4q220j7s8d73b50ibdy06','0'),(848,'ut.dolor@nunc.net','Wendy','pajy4195y091wm6i29w573ibj933i9jci7m74ly1j7w1g157o3l0s73d99vqhl46','0'),(849,'Integer.mollis@eratin.com','Miriam','eqso7980a092km8y98y125vlm988s5jzy9l42zg8z4h6s112r6h2t98n32patz92','0'),(850,'adipiscing@tinciduntDonec.org','Anastasia','buwd5869z461qz7t47a935cln238k5mbe0j42jr2d0b7r564d9d0j38a91yryf59','1');
INSERT INTO `user` (`uid`,`email`,`username`,`password`,`isAdmin`) VALUES (851,'luctus.et@acmieleifend.edu','Hilda','bwlk0057n596yw7k55o887nzd885e2mva7y83tq4e6e5q524z4z6a55p45qxbu56','1'),(852,'ante.dictum@sodalesat.edu','Samantha','ddxx3482a392fy8j14h903qdd862q6idb5a00jl3q2o8c167w8a3w63c34hibg15','1'),(853,'vitae.velit.egestas@euismodenimEtiam.com','Heidi','jjgl9318m158oo0m13z327jyp273s4tpn7c66ew8w1n4j422c2b3b50k81koei04','1'),(854,'et.lacinia@faucibusorciluctus.org','Hayden','ckhd7473j223av1o76h583fpz034z1ygv1q32qk4s5o7h391m4d5x36s86cgod15','0'),(855,'amet.faucibus.ut@gravidasagittisDuis.ca','Ainsley','vuvx0679f604on8v40s057qlq736p2bxr9v86nq4j4g2b829c9v0b50w44dgji21','0'),(856,'lectus.a@at.com','Fredericka','wybl1931p596kk8q60m461grv142c3yzo8v89nz2l5y5v822z6s8n85i85jkwm58','0'),(857,'eu@convallis.edu','Ezra','idfs8157n540kw8g14j141yxa384t7edd5t10om1x1x8v575y5j3y71w00cira77','0'),(858,'sem.Pellentesque.ut@dui.com','Blaine','gxqy3069o943ow7f27d244dwy490l6crj7x72xo5n0m5h380m0l7q07n16ckbd66','0'),(859,'sapien.gravida@inmagnaPhasellus.com','Orson','yxlj2492q151to3v57c253drc264z8dvt9c27hn3u2e0j842o9o0c43l70iesr61','1'),(860,'Aliquam.ultrices.iaculis@leo.org','Zeph','eret7448i583hr0u46l914zzc510z6jpo3e25er0f7t1e143y7w5m07f78popl40','0');
INSERT INTO `user` (`uid`,`email`,`username`,`password`,`isAdmin`) VALUES (861,'et.magnis.dis@mattis.net','Cassidy','dbqb4472s290cj5d77i772men115k3lom1e74ky5i0i0e895h8d9t18s73gheu65','1'),(862,'non.massa.non@nulla.net','Nathan','ddjt1887d423ky2n86c378tan111f0zdb0a15rw1r6p0p832b0w4a96y91nvkl01','0'),(863,'sapien.cursus@massaVestibulumaccumsan.org','Kuame','xcaq9309q701om9u69z962azp257u6jxz2z44yu3w6h0k650a4b8s89v61vsbf99','1'),(864,'magna.Praesent.interdum@gravida.com','Driscoll','kjrx6334c542aw8p16c240qgi014w6xfy5a80kf8t7w9d554o8b7d38e41qfma49','0'),(865,'enim@metussit.co.uk','Morgan','etpk6832o084be8j82x281zlw555p0xvt4s14ir5q9g6e936l9d1d58q31uqtq19','0'),(866,'dolor@aliquetlobortis.net','Lacota','mqop9568i628ju3m21l785frp073g9vig9x56gg7p6f9s401s4n4h21f00xkhz32','1'),(867,'eleifend.non@Maecenas.com','Medge','lndy4139a395ux9d86c269bkp704x6lzo8j94pb2r5x0h420o4n7v69q07aloq69','0'),(868,'inceptos.hymenaeos@arcuet.com','Timon','hzce0112d923vw9o53k300ppp372l4fgz3l39cb5m6j8u812a5u4u65j96asip52','0'),(869,'et.malesuada.fames@ametconsectetueradipiscing.co.uk','Charlotte','bvur5811i195ts3v21m156xvn393i4dhr3h51jz4l6u1i532l3s0c97h96camh99','1'),(870,'blandit.congue.In@etmagna.edu','Colt','lxrd8131n605vq2w37d781zjr553o2yub6d18cg3i8n4k752k7n7q10m75ndci97','1');
INSERT INTO `user` (`uid`,`email`,`username`,`password`,`isAdmin`) VALUES (871,'mi.fringilla@Pellentesqueut.edu','Barclay','rtam0758d609zs5h18t778omj790l6rep1r65so8a1d3d112v9x0o45w97tpob92','1'),(872,'ipsum@consectetueradipiscingelit.co.uk','Vaughan','imtt3694c860rv0p85p772vpn052t0pkj6f54ks2r4v4k364u9c2r99v15ektx00','0'),(873,'Curabitur@veliteusem.net','Lester','vhma3048y019pw7g61k846uyv489z0qub9v56eh3h1h9u377h1j4y22a54wpcm71','1'),(874,'a@orciPhasellusdapibus.edu','Brett','qgsm7389a050tf5d39w873omm256j5lpb4i81lg5v9r4m496x8q1y75w68hzfx62','1'),(875,'Vestibulum@felisNullatempor.edu','Guinevere','swzv5602p885qv8k66v736hdt052t9aiu4k69ms7n0j8b115g5t3j61p07hvep82','1'),(876,'at@ut.ca','Macon','crgb0323f349sw6p60b392wxp980a4yif7y02xt7q2i1s837r4m6p75p10umjf25','0'),(877,'dis.parturient@auctorMauris.net','Macey','fyiu0208o320ct6r63h862fxo359j9qdh5d43nj3g7y0w540y3w8k38n01kcck64','1'),(878,'cursus.in@Sedeueros.com','Uriah','qyky7844c042kn9i12z105wij864f1uvs5e85pp9p6j6r047p7m8d04o62mkeh84','1'),(879,'nec.mollis.vitae@dolorvitae.ca','Brittany','bauu1486x476xg9n49w450ifr293v5mur0k34vy1q5u3m106d4u8c56h12pjfy88','1'),(880,'nec.orci.Donec@ametdiameu.edu','Harper','tlkm6607e819jh5o33t671ciy700j6ddb6d99rk5t3b8v785z6d4e91j56hawz46','0');
INSERT INTO `user` (`uid`,`email`,`username`,`password`,`isAdmin`) VALUES (881,'Cras.dolor@convallisligulaDonec.net','Clinton','inqf7503m499xw1c53b032wjn649k0axu8r57bd5c8o5n866m7r7y87e46ytwh13','1'),(882,'nisl.Quisque.fringilla@iaculis.co.uk','Oren','yyzc9923f390lw8k93v267ffo762p8apd6a03md5h3j1x554g9x1q57s16xisq87','1'),(883,'lorem.eget.mollis@euismodmauris.net','Hayfa','osuc3185v118bx2a95k493dpt784a6akd1c63qx9x6g0e398y7i0b08j96yaes37','1'),(884,'lorem@mifringillami.org','Katelyn','bwxw6359h201ox7q00f080wup957q2hvb7c01dv8b6t0l892t9f6p22a66oamx84','0'),(885,'vel.arcu.Curabitur@sedsapien.net','Dillon','mpnv2382b776eh5n38p641qme518c0aza8x32af3a7s2h501z3r6s70w35arsx68','1'),(886,'malesuada@lectus.net','Genevieve','kiwe3012e701wx4r44l054euj495i3zxs1n21ts1w2k8c302o7c1d05e29aixg65','0'),(887,'amet.consectetuer.adipiscing@vulputate.edu','Amela','oabv1986w653js6p34y634err804w6kuu5n44dr0g8k4y249p7t6q88m14dsbb07','1'),(888,'elementum.sem.vitae@dolorelit.com','Ali','kiye3815e266ih0u46w338jkl664k8rqh9s73ce7n3t3d786s3h1e70y20bndf74','0'),(889,'In.condimentum@ettristique.com','Price','thod1460y213ka4y84t894peq373j3tma6h84ki4e3r8c400y1s8q96n88hdyr73','1'),(890,'risus.Nunc.ac@accumsansedfacilisis.edu','Mason','zozf9567i916xl7r69o968hjk781m9qou3q38ni7f9d2b728n5t3u57c70qkeg46','0');
INSERT INTO `user` (`uid`,`email`,`username`,`password`,`isAdmin`) VALUES (891,'auctor.velit@elit.edu','Wallace','scot8802k603zx2o78p041inl027g5kuq6j73rh3o7k0q279c8s7e86d03qxus07','0'),(892,'pede@nonlobortis.org','Maxine','zkpb5859p799os5g15q086gpq869g5wfx6h34ts2c8z8x453i9o4c18l46hzmj07','0'),(893,'ante@Suspendisse.org','Zane','srda9615f062rj3h99j005qhe161s0ols5n28tf8r4q3h324e3w0h57p37tvrs28','1'),(894,'Curae.Donec.tincidunt@magnisdisparturient.org','Carly','ivta9164v994ub0j09b131npu488r4zye6d79og7s3n4v040e6i2i22v73zsuf52','1'),(895,'ac.mattis@elitfermentumrisus.co.uk','Vanna','rzdj8496h185km9r73g445org401a6cjo4i67wc6t8u2j662m7m7t22j70jwwx55','1'),(896,'Proin@imperdietornare.ca','Eric','zdyr5929z444sq2s87r490sqe593j9ypm6s11qs3u3e8h470k7n7c18t43ssvz62','1'),(897,'sit@pedeetrisus.net','Remedios','bvqr7839n710rk2u79p818ggw672o8fkj4j46hx9p4d9n720a6o1n21a48xvmp41','1'),(898,'Nam.nulla@accumsanlaoreet.edu','Linda','qpbs2553a956kn1n99y384rqn794p3ljg6o76ff2k2h6n284l6m8y09c77vmxc70','0'),(899,'orci.tincidunt.adipiscing@bibendumsed.net','Maggie','vquk7512y293kv0s39t187jja304q6dla1a32gt6h5q0a155q8r9y69n82gxwe45','0'),(900,'lobortis@et.org','Kasper','nioe6094d724vi0x72i759oay020f2ekx9b54vz9k4k5k737h6g6a18n77bmtn51','1');
INSERT INTO `user` (`uid`,`email`,`username`,`password`,`isAdmin`) VALUES (901,'odio@ultricesaauctor.edu','Maggie','trkb5678f979hf8c74r512twn962h6iga6z52qy4y6z1y765h6h3u31p28hxra14','0'),(902,'dis.parturient@ultriciesornare.com','Serina','phpc2736d185wz6v26j639pxk152e7jpi2q11bb1y9f6l694c4e6p23q46wqef25','1'),(903,'Integer@risusodioauctor.net','Jocelyn','cxuq5040a814ln5s26d711tmm037r2jjm2d66mt9k6s4t322i0z7b04p65jaqi11','1'),(904,'metus@Donec.co.uk','Timon','jdqt0972d783io3j72i721tsi658d8ucz2w46st4u1h8j786r9s1z62p37gmtk45','1'),(905,'Nulla.dignissim.Maecenas@libero.ca','Imani','kbgl7836y481we4n37z972zqx919t1wgp3o55kc5y1w0m350u0l6t11u19wocw91','1'),(906,'Suspendisse@intempuseu.com','Ross','gdwg0875y552pc4g11m283ipv626e7sxd6j06qm3p6x2w731j1z4e72x39glem11','1'),(907,'luctus.lobortis@purus.co.uk','Kamal','dsnr2578v782ex4n29l561ugz585w4fdn5m76tc4r4z2t348c0v1s24f00halw39','0'),(908,'aptent@arcuiaculis.net','Portia','mzjx6053t634gp6s21c928osj166m7yvv6m21lb8u4j5c625l1b3z03p39oyyc73','1'),(909,'Cras.lorem.lorem@nisl.co.uk','Ima','gxgw6460q882if6m98h448kfj611w9lef3l67xl1c4o5a695b9j8a37n55pnat91','0'),(910,'dignissim.lacus.Aliquam@incursus.com','Stuart','djce6761g687ad9i30o736vyo808s7wyq2l73rj8s3s6x881h1s8l74d78aeqd74','1');
INSERT INTO `user` (`uid`,`email`,`username`,`password`,`isAdmin`) VALUES (911,'rutrum.urna.nec@Vestibulum.edu','Omar','krkf9621e802hi7c29e471yfz924y1hjd1z12hw8b4z9d473q3e5m69q95cfak40','1'),(912,'et@interdumliberodui.net','Galena','qnds0712e402us8a11q814yte496z2nsh3t55yo8m2d6z034y3n3h86j86hjro26','1'),(913,'tempus.scelerisque@faucibusMorbivehicula.edu','Merrill','yamm3099s183eo9w24i289rhy420g3lds7t97pt1h5a0z636z9l8p09b70ezuk97','0'),(914,'commodo.at.libero@atauctor.com','Wynne','bufu9981b807de6w50r614uyd509y3ilh0x63im0k5f1q543o5d2o85g22vebw22','1'),(915,'et.libero@bibendumullamcorperDuis.com','Kameko','ugde6855c989um2c36f496irc303o7mux9x20zy4e3z9t326n3d9u94v29vnqo72','0'),(916,'leo@vulputatemauris.ca','Lester','ifoe1721b572nw8z13f202yyj590s9agf5m64ds3i8i7u646x2m2b63r92loco06','0'),(917,'tellus@massaSuspendisse.net','Nyssa','jkji7064y381pw2k59e038isk168v4bex7j34dc4z1s3a157f2d3t29u61oevj63','1'),(918,'vitae@nec.org','Bree','vcdx8992o138cy5b19l612uut274v5yww1i35vy9v7z7r521e3v0r80b25zrhz24','1'),(919,'sem.mollis.dui@laciniavitae.com','Odette','dsnd8362r205wi4a18a291dzb028c4owo0c23iu6d1d6f039c3y1e65h22lyyo51','0'),(920,'ligula.eu.enim@parturientmontes.com','Lucy','dahm3880r111dh5z05z055qvk138u1rbb2a53oa9u2f5i081j1e1x53l86kqkn87','1');
INSERT INTO `user` (`uid`,`email`,`username`,`password`,`isAdmin`) VALUES (921,'consectetuer.rhoncus.Nullam@eu.net','Hillary','sdho7273w492cm6w16p015pgc161c6rce7z99ux1d9k8k176e6m0s65d25gvgq94','0'),(922,'Proin@augueutlacus.edu','Wade','qmpw5417u538lo9t87l089dwu091w4nce1r70vd6n7m5h328b7t0n26m25btuk40','1'),(923,'hendrerit@etmagnis.ca','Philip','hqgl2050l684qg8p53k796ztb735t9hny8g06cg8v5v2s442b7a1v62s12mswy46','0'),(924,'egestas.urna@euelit.co.uk','Guinevere','phxc1839v637uz6d62b504hmj539i4gmh1k50zi9v2u7u118u2d4m14d03xgyz56','1'),(925,'eu.odio@facilisisvitaeorci.org','Vielka','ttmm3744y070ql3l12t220ugl888m2kvz7p35vl7n5r8z054m9a2w28v72tgoe75','0'),(926,'Proin@nunc.ca','Brian','oipx1238s140hh1g97a025ttv870b9zmi6t09kt4k2x3w997z2f6r76l20nkqu35','1'),(927,'Aliquam.erat.volutpat@sollicitudina.ca','Sylvia','xxyv8442m334ek4q17q957jik931p8bdd3r93pg2q3o7j662y9y0g09m68zsel43','1'),(928,'Sed.pharetra@risusDonecegestas.co.uk','Cyrus','kkzy4277y029lh4n74k322qvm826y9xed9a09so8e1i9d428h0g6h14g57pxyy42','0'),(929,'elit.sed@rutrumFuscedolor.co.uk','Natalie','vfyv8105o120yb2w29o726lyv453z9spe2r59zd8h2q8f970r4d1d68e92mrlv97','0'),(930,'vitae.velit.egestas@enimmitempor.net','Owen','bqof2381y580hd7a25p257kxv839i6xlw9i14ia8u0e2s584c7t5o89j26cvku44','1');
INSERT INTO `user` (`uid`,`email`,`username`,`password`,`isAdmin`) VALUES (931,'gravida.sagittis.Duis@enimgravida.org','Joseph','yfiv8217y207bc7n25e292mli576s4kjp5l60bp3g6s4t589u4y6t21l97vogl49','1'),(932,'erat.Vivamus@odio.edu','Keely','hfdd3733g798cu4m50c908fer156j3oob3z24bn4r9u3f000u2o9z18v88hbjw45','0'),(933,'tellus@elitpede.com','Colette','dhvl0754c361gj2z84i946vme698h1yyv8v49hx2e3z5t133g6e7q98q85mbuz80','1'),(934,'at@semPellentesqueut.edu','Yvette','kdat9304c895ru2k00n107pfy104m8doy4f14dp7f5c7b391e6y3f86n36txsj56','1'),(935,'laoreet.libero@sedpede.ca','Dillon','nbog8837e568mj4w38x820zyl133y3idn2o29jj1x9l6o533m1v9h48v93ogdk92','1'),(936,'Sed@Donecegestas.co.uk','Kuame','fgod2279i085zk8c53d517zpx252e0sjg5k10ky4k2q0x598n5j0g17f70hihk19','0'),(937,'Nullam.velit@duilectusrutrum.co.uk','Kitra','fkrv1558u344et2e99o007yqp031e8xzl8y92md9j9s9c229x6m3t22v56bxur73','0'),(938,'pede@Cras.org','Rinah','xssj6843l010ee5x66x593eub343k9zht1a36hg4l4j2i799u5z2p67n38kwct60','0'),(939,'ultrices.Duis@risus.net','Zahir','wqsj4268g508vy3z13j117ewd797c9eyq2k73xf6z8j5e486k3h2l77e07bodb55','1'),(940,'Vivamus@erategettincidunt.com','Carson','iadu8431a663ul5l01e672qbh182v4gna0t27zq8r6h0v415n2q8d08p31utai42','1');
INSERT INTO `user` (`uid`,`email`,`username`,`password`,`isAdmin`) VALUES (941,'eget@consequatdolor.net','Bruce','hwym8933y274qe1q56z018pjj063a8fkw6o84yo2y6k4h626h1n2b55m04wmah98','1'),(942,'elit.Nulla.facilisi@Vivamusnon.edu','Gloria','gjoz0124s776nm8f78u804kbt208z4ygu7q40vx9v9i0z654w3p5e89t34xuxt73','1'),(943,'Fusce@SeddictumProin.edu','Amber','xsgz1489t343vk2i24i368oqs680x0uip6b92kr2w7b5f907w5g0f12b83frsz03','0'),(944,'a.arcu.Sed@necmaurisblandit.net','Brenna','dnyk6824y451fk3f57b682uqd862i4hjl9i51cs9f7s8i593v9i8s86b14xqjj66','0'),(945,'aliquet.vel@amagnaLorem.co.uk','Wyatt','qvud1500q652mm1d35c289xtz556w9pni7z10wv0k8c9b532w0w2a11a29nzai40','0'),(946,'pharetra@arcuac.ca','Leonard','lqij9501q717ii2u00j832chl175q5ydx9a78rb0d4t4k064j7r7c35n13ifjd38','0'),(947,'nonummy.Fusce@consectetuer.ca','Simone','qlci8359s203wq2i95g172xwh134f4neo2i43ck8e3s7l703o1i6x26n85rtmq88','0'),(948,'In.mi.pede@non.org','Noel','nfrd9079a222of4f61a010tfv419g8fiw9w72jh2g5s9o551x1y8i97h64miae19','0'),(949,'aptent.taciti.sociosqu@nascetur.net','Phoebe','yyue5607k314il3k08a881bky731r6ahn1m34jt4b4h0c080a1x6s02t19vndf28','0'),(950,'leo.elementum.sem@lacusCrasinterdum.ca','Sawyer','xdvf0396m769zi5u68b000isp206j1pwc6m83hn1d1y5q165t4l6l56k53vofc40','1');
INSERT INTO `user` (`uid`,`email`,`username`,`password`,`isAdmin`) VALUES (951,'imperdiet.nec.leo@mifelis.com','Nolan','pggf8490u295it5q57u837mbb466y3vcx0n84wr3p2d6g025q9w5r62a85hrcu24','0'),(952,'lorem.Donec@necante.com','Nathan','eqqo3618p322xu5q36g372bbn625y0btr0c76zl2s4c0f098o0d7g34c85ufwn83','0'),(953,'et.magnis.dis@eusem.co.uk','Chastity','hmrt8155c374ly7v11w319qen706s7gbi3v33rw5k7b9z439z4m6h31s62pxqs97','0'),(954,'velit.eu@purus.org','Kasimir','ovbp9469g635ju4n49w699iwx425x0meb5u62yr1j9j9d969x0w6n05t02fbml98','0'),(955,'vitae@Duisdignissim.ca','Emily','tass2564n279th8n77z505jlf849c6ohm4f47ns5l2x7e510j2s3z05r07rpux15','0'),(956,'posuere.enim.nisl@metusvitae.co.uk','Iola','bmnm5289w329qp9b87v940ndy963m1svp3o66kl7c8p5s037u5v4y03y29oouy62','1'),(957,'Nulla.aliquet@vestibulumlorem.org','Hayden','euxf5057v091dh1c48h023cua966o4lfn9t01jm0j1b1b851h3r7i14p47bndu61','0'),(958,'mauris@tellusfaucibusleo.ca','Troy','yoav7705j193nz6w08m204nox927p3gvv5k17yj3k4f7x464r3s8f82b73mqrg75','1'),(959,'non@ultricessitamet.com','Eden','tyqt4572g482dv3k62h495cdi963n9utx4a20jr3m2n2c331v8o2c07x40pcxi02','1'),(960,'Mauris.eu.turpis@Aliquamauctorvelit.ca','Calista','yvyy7611a366zf0f16t551ewu503m1ofh3i31rp2h7e1d793y6a7k19k51hczx17','0');
INSERT INTO `user` (`uid`,`email`,`username`,`password`,`isAdmin`) VALUES (961,'vehicula.Pellentesque@velmaurisInteger.co.uk','Sacha','tmwh1083m097kh8e29k085fov295w3cwx3n62ws9v6x1i878v6q3w25m78uhmu29','1'),(962,'vitae.erat.Vivamus@ut.edu','Scarlett','unrp0017g987jf2j62t964cjj105z6gws6p94xk9z1q6y374a1f2e08d28drof81','1'),(963,'Mauris.magna.Duis@egetipsumSuspendisse.ca','Harding','wxgp7185u104dh0g93q392kkw038o8yxl2k78he3t8k7f254c8l3x47x18yvqo72','1'),(964,'Praesent@estconguea.edu','Carl','oeao9621p649rz4a16q300xyu008f5vap5k33to4g5o6u006m0o7l74x18mgpq28','0'),(965,'In.condimentum.Donec@vitaenibhDonec.net','Alana','enpk2295l548we3q84o585ikl718o5lkv1b43ut5h4j8q721c9g5c83i07isav90','1'),(966,'aliquam@feliseget.net','Freya','jjem8813x451ku8e85o118urq652l7ktd2u15ks5v4v4g149g6y6g74z18yamp79','1'),(967,'torquent.per@quis.org','Phillip','gczi4718t450zv5c76f559iha317f3enb5p01ts6m9h0q817c8l8p81z87wxqa99','0'),(968,'cursus.a.enim@sed.net','Steel','oubf5660q309rb1i15k797pzd825x3ttm8q89hc8t7o0q431i9n2e05n79naic34','1'),(969,'Quisque.porttitor.eros@magnis.org','Caesar','qztd5290w769pc8g59k904nnn588c2gab1k70qj4e0c9c136n6q9i56z89iayf33','1'),(970,'Quisque@enimgravida.com','Keelie','zwyl9404t672uj9z24i156pqc033g8erv6z09wm3c0m1x634v3b4q92d15xauu69','0');
INSERT INTO `user` (`uid`,`email`,`username`,`password`,`isAdmin`) VALUES (971,'facilisis.lorem@mauriselit.edu','Vanna','tlcf0857k484df1q22c316sam323v1jxj3p62db8m6z7t990q0x9q09y20waop38','0'),(972,'sagittis@nequepellentesquemassa.co.uk','Kermit','nvaq5415n693xk3l22a699kcy703a3ntp8i45pr4i7s3r717q2y0q54g11gofq02','0'),(973,'Donec.tempor@molestiepharetra.org','Harlan','ydfl1265m958ns2g31r729mma703j6rfu5e48eu7l5t2a281k6g3c57u69itft86','0'),(974,'lorem.sit@rutrum.edu','Aubrey','xqwo4300v243ik8n08p058jzp644z3kjb4v65jf8j4f7q713b5c2r17s33agbb15','1'),(975,'Fusce@lobortis.edu','Gregory','vian8427j975iz4l82b526slx347f2juv2d03go3r1a6k760o3m7l97n93ycil07','1'),(976,'ac.tellus@nislNullaeu.co.uk','Jonas','gpox8230v272nj0l04i210atk045y3stg1z38bx9u2c9l515a3x2o21f55iqnu67','0'),(977,'non.nisi@accumsan.edu','Armand','hxbp6751v965qv2d31w013mcs937h4spc5q75vs9b3y8a960s7b5h18x68zcay76','0'),(978,'penatibus.et.magnis@mauriselitdictum.org','Maryam','utsl5201b719vd8u65f226sem436u2nfv3u19uf8y5j1x169b7j4e37c26jfme32','1'),(979,'odio.vel.est@tinciduntDonecvitae.edu','Fatima','fvaj0767q751vz2b62f335nxa642q4ptb3e73qh5q2q6t112b8s7v79r27oyli61','1'),(980,'Etiam.imperdiet.dictum@libero.com','Aline','atjy1798v722ue5n52x125gmi223w5jjk0r85nv2h7l4u698g7e9x91x28ubqu41','1');
INSERT INTO `user` (`uid`,`email`,`username`,`password`,`isAdmin`) VALUES (981,'egestas.a@tempuslorem.ca','Levi','uobi3217d526vq9j92r296jkm317j5rqd6s95ak6y2i9j916j0p6l82n18ohfm21','1'),(982,'Donec@feugiatmetussit.org','Louis','bshc0330j429iw9i24a581arx143k1fwl2u39al9o5w5t520b2i9l67o37vgzs47','1'),(983,'risus.a@Etiam.ca','Ocean','xlep3554v419mh8o64w242jjq557z1oww3f85wf1c4b3y322x1g2c30p12auqa23','1'),(984,'ornare@imperdieteratnonummy.ca','Hedda','ktno5284m975tm4n36p812vae875t0qdb9w53eg9g4a1h986b2f7o75z04rvzm38','1'),(985,'aliquet.Proin.velit@incursus.com','Quinn','jswu1249y567ey1t96x526awe363k8aba9o19dn0s9t6m156v8g4f64s70ucep53','0'),(986,'quam.Pellentesque@ligulaelitpretium.net','Myra','vvtj9915c457rq4c81r331qba019k9ibd6e99pj7g4t3m311j0t0e96j61ktwh01','0'),(987,'lorem.ut.aliquam@magnaPhasellus.net','Lysandra','sudq8164o557pb1w02q453ist082r0uwr4m89eh8x2m8y315v6g2j39t30vfit62','0'),(988,'lobortis.mauris@Sedcongueelit.net','Hope','tvdw9308n717ej5c78o750fnc928j2ykx4z00cq9h5y5k706q3j4l23i63qvee85','0'),(989,'eget.mollis.lectus@anteMaecenas.co.uk','Gabriel','cvah8030c591dp7a39y352kpl429r4xuc5h08bx0o9d0l710f7o0u81s50eigs92','0'),(990,'natoque@placerataugueSed.org','Macey','qwqh5290w515ct5x86v380hrb321t1wdf7f00kn1f4b0o225u4m8u44a43jwyy91','0');
INSERT INTO `user` (`uid`,`email`,`username`,`password`,`isAdmin`) VALUES (991,'nascetur@natoquepenatibuset.com','Curran','zcsl9099r134kx7r88p335vhg245p0opz0w66wy6i4v1s619p8j4k04c94dshs13','1'),(992,'quam.vel@orcilacusvestibulum.edu','Mark','imts1201s865lu7s56p974lim348p8hwo3y03ug1f5a1h185k2p9b03m15whcj12','1'),(993,'accumsan.convallis.ante@molestieintempus.org','Buffy','bifv6003k392xl0h19s200ynb572w6cik9p88ax3u2t7y086f4v6b54v59fqlj89','1'),(994,'sem.Pellentesque@lacus.org','Dillon','hlle9827v371qe9z62u897lpq022v1hxr9p68lo1p2r4a430b0a9l26x01zcqv02','0'),(995,'Vivamus.non@mattis.ca','Larissa','vjre8054g282qf9q72l891axw478u4dox5c87kx8d7n8u958x4s8b36y72dfsf60','1'),(996,'Curabitur.vel@Curabitur.org','Skyler','ofzu0003t200fl6a72b970epo571c1lli2x08ix0j3g6q382b3m8f02i91ayrc91','0'),(997,'Sed.id.risus@InloremDonec.edu','Rashad','lryr6162g365mr2d85b010gtr153f2qcy6r60ik2i8s6m742h2s9k28s90wasi21','0'),(998,'Fusce@pedePraesent.net','Nash','ymat7262t509ma4i18t729oxf777l1iqi9s08lu6r4t5u863q1z0r19e11emgp66','0'),(999,'tempus@massa.edu','Caesar','vbku0274r330sq1y62e121vza427a7ege5q44tb4r9d8f450h9c5u08g69bbiz83','0'),(1000,'Proin@massa.com','Cade','lsbx2336p219pa9p09v381aat013m6apt2q79lv7c7w3r358h3q7g37s82wyzk99','1');

CREATE TABLE vote (
  date TIMESTAMP,
  ranking INTEGER(5),
  flavour VARCHAR(255),
  uid INTEGER,
  parlor_id INTEGER,
  PRIMARY KEY (date, uid, flavour, parlor_id),
  FOREIGN KEY (uid) REFERENCES user (uid),
  FOREIGN KEY (flavour) REFERENCES flavour (name),
  FOREIGN KEY (parlor_id) REFERENCES parlor (parlor_id)
);

INSERT INTO `vote` (`date`,`ranking`,`flavour`,`uid`,`parlor_id`) VALUES ('2002-02-10 16:34:57',3,'Fiocco',692,519),('2008-02-25 14:59:17',3,'Raffaello',946,687),('2009-02-12 13:36:44',3,'Marille',124,161),('2001-01-01 22:02:21',5,'Vanille',1000,404),('2005-04-09 00:19:37',5,'Raffaello',819,679),('2015-03-10 15:42:18',5,'Zitrone',419,387),('2009-10-13 11:32:42',3,'Haselnuss',57,599),('2011-09-11 18:21:36',4,'Cookie',651,232),('2015-06-16 20:41:29',5,'Banane',734,757),('2010-11-25 05:51:39',4,'Kaffee',307,687);
INSERT INTO `vote` (`date`,`ranking`,`flavour`,`uid`,`parlor_id`) VALUES ('2003-04-08 16:54:11',1,'Amarena',200,852),('2011-03-28 04:29:13',3,'Banane',641,289),('2008-05-21 08:56:14',4,'Mango-Creme',292,675),('2010-06-26 09:27:31',5,'Nocciolone',500,613),('2015-12-03 08:37:29',4,'Nocciolone',331,596),('2006-06-16 03:24:00',1,'Cacao',121,721),('2005-12-22 04:51:10',2,'Cranberry',703,758),('2015-09-16 02:04:55',2,'Malaga',259,628),('2014-08-30 20:13:36',1,'Mango-Creme',413,746),('2008-03-15 10:32:41',3,'Nocciolone',279,271);
INSERT INTO `vote` (`date`,`ranking`,`flavour`,`uid`,`parlor_id`) VALUES ('2009-10-04 17:26:02',5,'Vanille',556,867),('2015-03-10 03:19:49',3,'Banane',713,688),('2010-10-22 00:05:17',5,'Nocciolone',760,319),('2002-10-02 00:42:13',2,'Amarena',551,510),('2011-06-30 14:38:48',2,'Cranberry',232,837),('2006-12-01 23:36:50',3,'Zitrone',631,540),('2013-06-02 05:22:50',4,'Raffaello',458,755),('2013-02-01 20:41:03',2,'Mango-Creme',252,567),('2007-06-06 19:31:29',5,'Marille',748,631),('2013-01-08 17:55:01',2,'Haselnuss',682,57);
INSERT INTO `vote` (`date`,`ranking`,`flavour`,`uid`,`parlor_id`) VALUES ('2004-11-18 20:01:36',5,'Amarena',333,493),('2013-04-28 22:53:01',4,'Raffaello',968,716),('2000-08-25 12:01:49',4,'Pistazie',398,68),('2007-01-15 06:36:26',2,'Banane',62,447),('2012-08-04 03:02:50',4,'Vanille',273,650),('2012-01-23 23:20:30',5,'Haselnuss',576,451),('2003-07-30 16:51:53',3,'Erdbeer',368,341),('2004-02-29 20:54:18',5,'Stracciatella',435,222),('2009-09-09 06:38:59',5,'Stracciatella',911,421),('2006-05-10 10:03:51',1,'Cookie',103,114);
INSERT INTO `vote` (`date`,`ranking`,`flavour`,`uid`,`parlor_id`) VALUES ('2011-03-26 11:10:15',5,'Haselnuss',690,197),('2005-11-17 02:37:58',2,'Cookie',12,313),('2007-03-02 23:09:30',2,'Vanille',941,984),('2013-03-07 11:56:55',5,'Vanille',612,168),('2009-10-09 15:12:38',4,'Banane',666,899),('2004-01-13 02:05:59',3,'Haselnuss',998,44),('2001-10-03 13:16:07',4,'Cookie',759,726),('2008-07-26 17:39:08',1,'Pistazie',745,557),('2003-02-11 08:13:59',1,'Stracciatella',79,94),('2008-12-14 08:58:06',2,'Cranberry',597,204);
INSERT INTO `vote` (`date`,`ranking`,`flavour`,`uid`,`parlor_id`) VALUES ('2010-09-09 14:32:33',2,'Mango-Creme',306,651),('2008-02-25 17:03:14',2,'Nocciolone',952,487),('2012-08-20 14:49:54',2,'Zitrone',149,376),('2008-08-20 00:27:50',5,'Zitrone',136,69),('2007-12-25 12:23:08',4,'Cacao',729,153),('2001-09-28 12:46:35',3,'Malaga',705,878),('2000-12-24 04:50:37',3,'Stracciatella',123,606),('2008-11-17 15:03:43',5,'Haselnuss',750,349),('2015-07-23 02:18:28',4,'Vanille',848,189),('2010-04-05 06:04:50',4,'Pistazie',497,633);
INSERT INTO `vote` (`date`,`ranking`,`flavour`,`uid`,`parlor_id`) VALUES ('2005-12-13 10:40:33',2,'Vanille',236,589),('2014-07-20 21:45:31',3,'Malaga',223,507),('2008-10-14 19:01:13',1,'Vanille',927,252),('2007-01-03 11:16:06',2,'Malaga',531,651),('2014-07-29 10:02:21',3,'Vanille',834,588),('2015-09-11 11:10:33',2,'Cookie',970,95),('2002-04-02 16:21:31',1,'Malaga',722,591),('2009-08-28 12:01:35',5,'Banane',916,316),('2001-09-06 20:40:01',3,'Haselnuss',217,427),('2003-03-12 20:21:18',5,'Marille',384,572);
INSERT INTO `vote` (`date`,`ranking`,`flavour`,`uid`,`parlor_id`) VALUES ('2008-01-17 11:44:18',1,'Marille',400,723),('2001-08-07 10:39:51',1,'Cacao',732,46),('2005-08-01 19:47:44',2,'Banane',688,695),('2009-05-01 10:48:42',1,'Mango-Creme',864,563),('2014-04-25 19:29:07',1,'Vanille',657,188),('2009-07-09 09:44:15',5,'Stracciatella',819,324),('2003-08-25 14:49:05',3,'Zitrone',830,544),('2009-11-21 15:55:52',1,'Zitrone',166,466),('2005-05-21 15:35:54',5,'Pistazie',109,467),('2003-11-27 23:11:31',4,'Pistazie',471,969);
INSERT INTO `vote` (`date`,`ranking`,`flavour`,`uid`,`parlor_id`) VALUES ('2001-10-21 04:23:49',5,'Vanille',443,500),('2006-08-10 21:05:34',1,'Vanille',365,156),('2004-08-28 02:50:49',4,'Marille',474,242),('2004-06-27 10:06:59',3,'Kaffee',433,545),('2008-03-15 02:00:35',1,'Banane',112,149),('2002-06-06 12:26:51',3,'Zitrone',108,36),('2003-09-01 08:57:55',3,'Nocciolone',949,348),('2011-12-27 23:57:42',3,'Nocciolone',715,62),('2015-06-21 13:25:19',2,'Fiocco',915,807),('2002-02-06 13:53:00',3,'Banane',43,976);
INSERT INTO `vote` (`date`,`ranking`,`flavour`,`uid`,`parlor_id`) VALUES ('2010-05-01 23:57:59',3,'Haselnuss',92,412),('2010-07-05 17:13:43',1,'Kaffee',57,439),('2008-12-28 05:30:33',2,'Fiocco',238,38),('2003-05-16 05:52:33',5,'Vanille',869,440),('2011-09-02 20:27:47',1,'Erdbeer',654,209),('2005-04-10 18:05:35',5,'Malaga',944,359),('2009-12-17 09:51:24',5,'Stracciatella',748,957),('2011-03-24 12:23:45',1,'Cranberry',921,961),('2001-05-01 03:44:46',3,'Kaffee',103,133),('2009-02-22 00:38:34',5,'Haselnuss',579,206);
INSERT INTO `vote` (`date`,`ranking`,`flavour`,`uid`,`parlor_id`) VALUES ('2002-09-25 12:33:55',2,'Pistazie',371,836),('2009-06-28 18:31:05',2,'Erdbeer',293,665),('2002-04-10 13:55:02',5,'Haselnuss',393,844),('2006-07-18 06:06:08',3,'Fiocco',36,613),('2007-10-26 04:51:39',5,'Amarena',512,363),('2011-02-22 12:15:55',2,'Cacao',674,686),('2007-07-20 07:55:30',3,'Raffaello',88,527),('2013-10-29 00:23:07',5,'Kaffee',924,86),('2004-03-13 10:43:49',1,'Raffaello',883,956),('2006-03-02 07:51:08',1,'Amarena',958,710);
INSERT INTO `vote` (`date`,`ranking`,`flavour`,`uid`,`parlor_id`) VALUES ('2005-05-06 04:54:21',4,'Cacao',923,407),('2013-02-23 20:40:15',1,'Raffaello',762,548),('2004-02-28 02:39:59',3,'Vanille',677,461),('2009-07-10 04:41:59',3,'Raffaello',618,838),('2002-06-09 00:25:25',5,'Kaffee',198,633),('2001-03-20 07:24:30',5,'Zitrone',232,871),('2009-09-21 04:27:47',5,'Pistazie',393,108),('2006-03-05 03:04:44',4,'Marille',505,832),('2013-04-06 07:25:45',4,'Banane',197,337),('2011-02-21 06:46:28',5,'Cacao',584,308);
INSERT INTO `vote` (`date`,`ranking`,`flavour`,`uid`,`parlor_id`) VALUES ('2015-07-07 20:46:59',5,'Malaga',346,213),('2014-08-12 14:35:49',1,'Pistazie',183,219),('2005-03-25 16:12:47',3,'Banane',422,732),('2014-12-11 09:40:33',2,'Raffaello',74,449),('2003-02-01 20:42:46',2,'Zitrone',512,217),('2004-09-22 10:50:10',2,'Pistazie',659,486),('2008-10-03 23:44:48',4,'Nocciolone',981,262),('2003-08-23 12:58:14',4,'Marille',832,593),('2005-06-08 10:01:18',2,'Stracciatella',719,966),('2005-04-24 17:06:30',4,'Marille',275,736);
INSERT INTO `vote` (`date`,`ranking`,`flavour`,`uid`,`parlor_id`) VALUES ('2003-09-28 03:54:09',2,'Marille',822,615),('2000-09-23 16:57:59',3,'Mango-Creme',59,420),('2003-12-30 00:46:24',1,'Banane',310,55),('2003-11-30 22:57:20',4,'Raffaello',669,557),('2011-07-14 11:16:22',3,'Pistazie',129,112),('2014-01-21 09:39:27',3,'Fiocco',829,734),('2015-10-07 15:50:30',2,'Fiocco',954,411),('2008-09-15 01:46:36',2,'Nocciolone',584,329),('2013-09-19 18:20:17',1,'Zitrone',562,396),('2014-09-22 00:01:23',3,'Malaga',871,790);
INSERT INTO `vote` (`date`,`ranking`,`flavour`,`uid`,`parlor_id`) VALUES ('2011-04-28 13:55:20',1,'Mango-Creme',92,427),('2008-11-22 02:26:11',2,'Cookie',931,971),('2006-11-09 12:49:36',5,'Stracciatella',755,599),('2011-05-01 22:02:18',4,'Banane',751,506),('2000-10-28 12:59:30',5,'Amarena',606,185),('2003-10-15 23:33:57',5,'Cookie',931,314),('2001-02-08 12:52:17',1,'Amarena',234,561),('2004-06-06 05:56:25',3,'Cranberry',828,334),('2015-05-06 23:39:59',5,'Kaffee',614,443),('2007-07-01 05:16:27',3,'Cacao',769,149);
INSERT INTO `vote` (`date`,`ranking`,`flavour`,`uid`,`parlor_id`) VALUES ('2013-02-24 22:06:25',1,'Vanille',580,812),('2003-01-01 23:00:58',1,'Zitrone',418,133),('2005-12-25 08:57:52',2,'Raffaello',71,780),('2004-07-17 05:00:30',5,'Cookie',526,54),('2014-03-02 10:39:40',3,'Cacao',877,987),('2010-02-01 13:39:53',2,'Banane',166,835),('2010-10-10 12:46:44',3,'Vanille',829,155),('2013-10-03 09:43:47',5,'Erdbeer',717,516),('2010-12-30 07:49:02',2,'Stracciatella',694,587),('2003-07-18 10:26:30',3,'Kaffee',953,647);
INSERT INTO `vote` (`date`,`ranking`,`flavour`,`uid`,`parlor_id`) VALUES ('2000-10-16 13:15:15',5,'Marille',119,462),('2008-01-16 10:42:24',5,'Zitrone',227,862),('2005-05-27 02:00:46',5,'Pistazie',404,307),('2005-12-08 13:36:01',1,'Erdbeer',189,487),('2003-12-27 03:58:31',1,'Fiocco',94,734),('2004-02-28 17:56:39',4,'Cranberry',649,989),('2005-07-28 20:00:25',3,'Erdbeer',368,45),('2000-10-02 22:39:21',2,'Stracciatella',3,241),('2011-09-27 07:39:23',4,'Cookie',130,421),('2000-09-16 12:13:00',5,'Banane',519,530);
INSERT INTO `vote` (`date`,`ranking`,`flavour`,`uid`,`parlor_id`) VALUES ('2009-06-10 12:15:21',2,'Pistazie',454,745),('2006-03-09 10:58:39',3,'Fiocco',993,945),('2000-10-09 17:55:28',2,'Amarena',233,145),('2014-09-20 01:35:46',4,'Banane',432,189),('2003-09-28 04:17:19',5,'Raffaello',218,605),('2015-01-15 23:41:17',3,'Malaga',826,995),('2009-09-11 03:39:27',1,'Zitrone',671,127),('2007-11-19 18:47:05',4,'Fiocco',509,593),('2002-10-31 18:49:00',1,'Banane',716,816),('2007-10-08 13:17:20',2,'Cacao',468,277);
INSERT INTO `vote` (`date`,`ranking`,`flavour`,`uid`,`parlor_id`) VALUES ('2014-04-17 03:00:52',5,'Stracciatella',140,129),('2005-05-12 11:50:58',2,'Mango-Creme',9,698),('2005-11-05 07:34:53',5,'Erdbeer',508,433),('2000-12-05 20:04:39',2,'Kaffee',564,630),('2006-12-01 00:19:36',4,'Marille',440,758),('2013-02-01 03:23:48',1,'Cranberry',506,264),('2005-06-20 17:41:45',5,'Malaga',693,555),('2001-01-08 03:57:09',3,'Vanille',445,504),('2013-09-19 08:10:01',4,'Pistazie',620,973),('2005-01-30 02:15:09',2,'Nocciolone',903,13);
INSERT INTO `vote` (`date`,`ranking`,`flavour`,`uid`,`parlor_id`) VALUES ('2013-04-28 06:47:13',3,'Cacao',801,905),('2007-05-17 02:41:15',4,'Malaga',857,781),('2009-01-20 09:33:26',2,'Cacao',615,469),('2015-06-18 07:21:39',5,'Cookie',678,124),('2013-12-17 07:47:23',4,'Banane',772,710),('2015-12-04 18:31:50',1,'Pistazie',466,782),('2011-04-29 13:31:36',2,'Fiocco',328,716),('2013-01-28 19:40:01',2,'Fiocco',618,269),('2010-06-11 14:28:00',4,'Cranberry',826,560),('2002-03-24 10:53:19',4,'Nocciolone',37,728);
INSERT INTO `vote` (`date`,`ranking`,`flavour`,`uid`,`parlor_id`) VALUES ('2009-09-03 21:21:10',3,'Marille',416,45),('2010-08-28 03:47:47',1,'Cranberry',728,594),('2013-06-12 07:06:04',1,'Cookie',498,300),('2003-10-09 12:04:34',2,'Kaffee',760,241),('2004-07-04 02:22:31',5,'Nocciolone',845,538),('2007-03-21 19:27:45',1,'Vanille',98,547),('2004-08-30 03:34:20',5,'Zitrone',768,901),('2010-02-08 03:35:37',1,'Stracciatella',638,731),('2015-11-09 19:05:28',3,'Raffaello',906,699),('2000-09-04 17:48:47',2,'Erdbeer',315,909);
INSERT INTO `vote` (`date`,`ranking`,`flavour`,`uid`,`parlor_id`) VALUES ('2008-08-18 07:55:34',3,'Vanille',906,489),('2006-08-10 05:06:45',3,'Malaga',70,55),('2006-07-19 07:00:05',1,'Stracciatella',469,894),('2007-11-15 01:55:40',5,'Amarena',971,830),('2007-09-05 11:41:26',5,'Banane',661,392),('2005-08-10 04:55:29',2,'Marille',583,593),('2013-11-29 11:36:44',3,'Amarena',398,24),('2015-03-31 11:09:21',1,'Nocciolone',389,574),('2003-09-14 17:31:35',1,'Haselnuss',404,94),('2005-08-04 10:13:35',4,'Marille',42,891);
INSERT INTO `vote` (`date`,`ranking`,`flavour`,`uid`,`parlor_id`) VALUES ('2014-04-29 07:32:20',4,'Fiocco',243,880),('2008-10-14 11:39:42',5,'Haselnuss',738,708),('2011-08-06 01:28:06',2,'Marille',390,266),('2003-09-30 03:57:13',5,'Raffaello',948,720),('2011-06-27 07:49:47',3,'Vanille',16,116),('2009-07-26 03:28:56',2,'Erdbeer',327,826),('2010-10-30 17:57:04',3,'Amarena',448,648),('2014-01-11 12:14:13',5,'Mango-Creme',454,594),('2010-10-07 04:40:49',3,'Zitrone',644,1),('2013-03-02 21:18:22',3,'Zitrone',44,370);
INSERT INTO `vote` (`date`,`ranking`,`flavour`,`uid`,`parlor_id`) VALUES ('2013-08-18 07:26:58',5,'Kaffee',760,111),('2002-03-30 02:12:44',3,'Pistazie',901,691),('2005-10-29 00:49:18',3,'Haselnuss',920,549),('2015-06-11 22:54:32',1,'Malaga',718,760),('2013-11-25 12:56:14',1,'Marille',807,492),('2008-08-06 04:06:43',4,'Malaga',486,784),('2003-08-02 11:16:08',3,'Marille',261,69),('2003-05-16 00:57:39',1,'Cranberry',972,956),('2007-07-28 11:06:54',2,'Pistazie',421,642),('2008-02-26 10:39:57',1,'Mango-Creme',883,440);
INSERT INTO `vote` (`date`,`ranking`,`flavour`,`uid`,`parlor_id`) VALUES ('2003-07-01 11:39:29',4,'Cookie',638,78),('2015-08-28 13:28:20',5,'Vanille',976,552),('2007-11-29 18:46:22',4,'Pistazie',995,271),('2005-05-05 22:09:18',2,'Nocciolone',424,110),('2013-06-24 05:11:46',2,'Erdbeer',172,9),('2001-02-13 13:04:23',4,'Kaffee',27,287),('2006-06-09 14:17:57',3,'Mango-Creme',113,196),('2001-05-07 19:38:03',2,'Zitrone',120,220),('2006-12-18 01:42:34',4,'Pistazie',133,263),('2013-12-11 13:26:46',4,'Haselnuss',304,580);
INSERT INTO `vote` (`date`,`ranking`,`flavour`,`uid`,`parlor_id`) VALUES ('2013-02-13 20:29:53',2,'Nocciolone',93,65),('2001-11-03 23:02:41',4,'Mango-Creme',114,138),('2015-07-30 03:37:18',5,'Pistazie',727,265),('2014-08-25 21:16:32',2,'Cacao',516,296),('2002-02-24 04:21:18',2,'Fiocco',144,58),('2008-02-24 10:22:57',3,'Pistazie',267,383),('2012-02-02 11:52:48',1,'Vanille',582,432),('2006-07-15 20:31:21',1,'Raffaello',209,899),('2011-11-10 10:59:48',1,'Cacao',965,26),('2015-12-27 02:54:17',5,'Cranberry',325,834);
INSERT INTO `vote` (`date`,`ranking`,`flavour`,`uid`,`parlor_id`) VALUES ('2003-05-27 10:09:31',5,'Cranberry',752,192),('2009-08-20 22:09:46',4,'Raffaello',173,985),('2011-01-06 14:51:16',1,'Kaffee',539,732),('2011-09-11 23:56:03',5,'Vanille',462,199),('2007-10-21 22:08:25',3,'Kaffee',211,838),('2000-11-07 13:51:09',3,'Zitrone',335,124),('2011-09-26 16:40:35',2,'Vanille',948,499),('2001-10-20 01:23:36',1,'Mango-Creme',327,919),('2005-02-18 04:38:29',4,'Kaffee',721,406),('2014-10-16 18:28:13',4,'Erdbeer',613,47);
INSERT INTO `vote` (`date`,`ranking`,`flavour`,`uid`,`parlor_id`) VALUES ('2006-12-25 11:55:11',3,'Raffaello',117,355),('2011-12-01 08:42:30',4,'Erdbeer',724,997),('2002-03-18 10:36:46',4,'Nocciolone',173,923),('2009-01-06 15:22:19',4,'Amarena',658,440),('2000-12-15 11:42:52',1,'Zitrone',830,441),('2001-03-13 09:12:09',3,'Cookie',141,587),('2005-01-29 16:57:22',2,'Banane',936,539),('2005-05-23 21:40:52',2,'Cranberry',604,789),('2015-09-16 07:02:25',3,'Erdbeer',208,516),('2014-10-12 07:38:59',1,'Mango-Creme',250,919);
INSERT INTO `vote` (`date`,`ranking`,`flavour`,`uid`,`parlor_id`) VALUES ('2014-07-24 12:22:30',3,'Banane',874,562),('2014-12-02 03:23:11',5,'Marille',380,910),('2011-05-18 19:23:34',4,'Raffaello',477,484),('2005-08-10 08:13:45',3,'Nocciolone',319,946),('2005-06-02 15:30:07',3,'Cookie',800,374),('2001-09-16 02:09:19',4,'Fiocco',974,576),('2013-04-08 11:03:46',1,'Pistazie',546,50),('2012-08-09 21:14:04',1,'Erdbeer',763,164),('2013-03-21 10:47:31',4,'Erdbeer',645,658),('2013-09-21 13:23:26',1,'Nocciolone',188,566);
INSERT INTO `vote` (`date`,`ranking`,`flavour`,`uid`,`parlor_id`) VALUES ('2004-03-15 08:07:44',4,'Vanille',724,907),('2003-12-26 08:24:21',2,'Haselnuss',849,396),('2007-01-10 07:05:23',5,'Banane',78,702),('2014-02-18 08:02:52',4,'Amarena',684,157),('2003-12-30 04:18:00',4,'Vanille',786,156),('2013-04-14 08:03:54',4,'Cranberry',991,290),('2015-05-14 13:22:39',3,'Raffaello',87,426),('2013-02-09 00:44:32',2,'Nocciolone',423,479),('2005-03-30 08:37:54',4,'Fiocco',822,27),('2012-09-02 23:49:24',2,'Cranberry',336,101);
INSERT INTO `vote` (`date`,`ranking`,`flavour`,`uid`,`parlor_id`) VALUES ('2011-06-30 06:24:48',1,'Malaga',458,13),('2008-10-28 16:43:28',3,'Banane',948,170),('2014-06-11 11:23:55',5,'Nocciolone',308,27),('2001-10-16 18:15:17',2,'Vanille',33,896),('2013-08-27 05:14:37',3,'Pistazie',235,68),('2004-04-09 04:48:37',4,'Marille',652,80),('2001-04-30 10:04:27',3,'Cranberry',233,491),('2005-01-28 09:38:25',2,'Raffaello',315,250),('2003-06-03 04:14:22',5,'Banane',284,28),('2005-01-07 05:44:57',1,'Nocciolone',479,521);
INSERT INTO `vote` (`date`,`ranking`,`flavour`,`uid`,`parlor_id`) VALUES ('2012-03-28 23:29:39',2,'Erdbeer',380,112),('2014-12-10 01:07:47',5,'Erdbeer',509,333),('2008-07-06 09:27:14',4,'Cranberry',51,418),('2007-11-23 04:29:17',4,'Fiocco',740,718),('2001-12-12 18:38:50',4,'Zitrone',731,240),('2009-03-23 05:15:51',4,'Cacao',383,722),('2006-10-25 08:43:49',4,'Mango-Creme',850,865),('2012-07-03 21:22:23',1,'Pistazie',643,847),('2003-11-10 00:39:18',4,'Cookie',294,386),('2003-03-24 00:04:00',5,'Nocciolone',267,881);
INSERT INTO `vote` (`date`,`ranking`,`flavour`,`uid`,`parlor_id`) VALUES ('2014-02-16 10:29:56',1,'Cookie',410,763),('2002-10-15 20:37:40',2,'Haselnuss',115,213),('2006-03-10 06:02:22',1,'Cookie',514,21),('2004-03-31 11:28:21',5,'Cranberry',406,924),('2015-01-16 07:47:28',3,'Raffaello',418,684),('2015-03-16 12:25:00',4,'Banane',311,345),('2004-10-13 04:47:19',1,'Cranberry',112,808),('2005-07-19 20:56:46',5,'Marille',785,110),('2002-12-30 22:30:43',5,'Banane',152,214),('2015-11-30 21:34:20',3,'Cacao',573,526);
INSERT INTO `vote` (`date`,`ranking`,`flavour`,`uid`,`parlor_id`) VALUES ('2003-02-14 22:37:53',3,'Erdbeer',382,428),('2004-02-12 03:15:56',2,'Cranberry',492,737),('2009-07-15 14:54:50',3,'Stracciatella',658,444),('2002-05-11 14:32:19',2,'Zitrone',437,112),('2005-02-19 00:46:09',1,'Marille',771,458),('2002-09-05 22:13:33',3,'Zitrone',152,90),('2010-01-19 22:30:27',3,'Malaga',435,870),('2001-09-05 02:37:46',5,'Nocciolone',471,531),('2015-05-17 08:19:49',2,'Vanille',721,309),('2008-09-22 09:26:26',3,'Vanille',479,627);
INSERT INTO `vote` (`date`,`ranking`,`flavour`,`uid`,`parlor_id`) VALUES ('2013-05-04 20:40:45',3,'Cranberry',478,124),('2002-03-29 16:38:03',1,'Zitrone',203,256),('2008-10-09 14:56:13',2,'Raffaello',436,650),('2012-05-20 23:21:53',5,'Malaga',745,505),('2010-09-01 00:52:12',5,'Fiocco',919,657),('2004-02-14 04:55:04',4,'Stracciatella',620,734),('2009-10-08 01:32:39',1,'Amarena',761,425),('2013-09-08 19:16:05',4,'Mango-Creme',264,551),('2013-03-30 22:47:28',4,'Cacao',585,726),('2002-03-01 21:55:13',1,'Cookie',218,706);
INSERT INTO `vote` (`date`,`ranking`,`flavour`,`uid`,`parlor_id`) VALUES ('2003-06-23 01:30:26',3,'Cacao',525,677),('2014-05-31 00:24:03',5,'Kaffee',626,627),('2010-05-11 07:39:59',2,'Zitrone',451,298),('2004-11-09 00:25:50',3,'Raffaello',165,353),('2001-08-04 23:32:27',1,'Banane',179,713),('2014-07-19 16:16:40',2,'Haselnuss',817,847),('2008-11-09 01:41:02',4,'Pistazie',521,540),('2015-11-12 05:53:20',4,'Stracciatella',703,339),('2013-10-24 04:03:53',2,'Stracciatella',486,443),('2010-05-11 05:47:11',1,'Cookie',7,40);
INSERT INTO `vote` (`date`,`ranking`,`flavour`,`uid`,`parlor_id`) VALUES ('2012-06-06 12:10:57',5,'Cacao',733,651),('2005-07-12 12:35:39',4,'Pistazie',426,672),('2005-06-03 16:43:40',4,'Kaffee',190,956),('2010-07-01 16:24:04',1,'Cookie',66,939),('2003-11-09 19:40:29',3,'Zitrone',678,267),('2013-04-27 14:48:28',5,'Fiocco',755,938),('2006-12-26 21:41:34',2,'Kaffee',446,735),('2012-11-12 11:21:04',3,'Zitrone',737,217),('2011-11-02 05:18:49',2,'Haselnuss',531,121),('2003-05-22 23:14:35',4,'Erdbeer',154,736);
INSERT INTO `vote` (`date`,`ranking`,`flavour`,`uid`,`parlor_id`) VALUES ('2000-09-02 02:10:16',5,'Haselnuss',833,110),('2008-08-19 12:44:13',1,'Zitrone',656,155),('2005-01-27 04:26:47',2,'Nocciolone',338,673),('2002-01-02 21:12:28',3,'Marille',345,359),('2009-08-04 08:45:50',1,'Nocciolone',972,46),('2013-04-26 12:26:34',4,'Malaga',176,673),('2011-08-02 10:47:36',1,'Stracciatella',102,494),('2010-10-30 16:14:17',2,'Zitrone',702,480),('2015-07-09 10:56:28',2,'Erdbeer',456,457),('2001-01-17 05:40:32',3,'Mango-Creme',364,334);
INSERT INTO `vote` (`date`,`ranking`,`flavour`,`uid`,`parlor_id`) VALUES ('2005-01-13 21:56:26',1,'Kaffee',551,65),('2009-07-18 14:01:13',4,'Malaga',993,561),('2009-11-12 05:06:03',3,'Fiocco',96,567),('2008-09-10 20:22:56',5,'Cranberry',866,187),('2014-10-02 03:47:03',1,'Kaffee',736,799),('2013-04-19 07:16:23',5,'Haselnuss',226,505),('2015-09-24 20:07:27',3,'Amarena',179,361),('2013-08-04 05:09:31',2,'Fiocco',259,807),('2001-05-09 19:36:24',4,'Mango-Creme',100,520),('2012-03-28 00:32:54',3,'Amarena',310,467);
INSERT INTO `vote` (`date`,`ranking`,`flavour`,`uid`,`parlor_id`) VALUES ('2005-04-05 19:02:36',2,'Zitrone',460,892),('2015-01-30 19:15:54',5,'Mango-Creme',111,556),('2010-02-17 08:18:53',4,'Haselnuss',413,628),('2009-08-24 12:56:34',5,'Vanille',542,22),('2011-04-16 05:55:00',3,'Erdbeer',77,688),('2012-11-23 00:43:38',3,'Zitrone',704,769),('2010-08-14 02:42:52',1,'Pistazie',708,189),('2015-10-18 18:10:08',5,'Malaga',214,562),('2007-12-28 17:45:54',2,'Kaffee',586,743),('2001-07-03 13:43:50',5,'Raffaello',684,234);
INSERT INTO `vote` (`date`,`ranking`,`flavour`,`uid`,`parlor_id`) VALUES ('2015-09-10 17:54:58',5,'Amarena',526,791),('2015-02-12 12:36:07',3,'Raffaello',301,131),('2015-06-02 00:49:17',1,'Amarena',931,405),('2014-06-09 11:12:19',5,'Cranberry',655,526),('2004-04-14 14:29:35',2,'Mango-Creme',616,821),('2006-03-08 01:44:57',4,'Cacao',861,415),('2005-12-29 11:27:05',4,'Haselnuss',991,873),('2004-11-11 19:04:34',1,'Zitrone',211,14),('2002-03-14 00:36:14',2,'Erdbeer',960,823),('2015-08-14 19:43:38',2,'Malaga',214,634);
INSERT INTO `vote` (`date`,`ranking`,`flavour`,`uid`,`parlor_id`) VALUES ('2000-08-23 08:58:03',2,'Nocciolone',587,289),('2011-07-06 15:32:26',5,'Amarena',328,649),('2012-09-14 06:58:22',3,'Zitrone',275,118),('2003-05-20 04:43:27',4,'Cranberry',103,760),('2013-07-28 08:13:13',1,'Erdbeer',702,136),('2010-10-11 22:55:00',2,'Kaffee',574,361),('2013-06-25 07:23:41',1,'Amarena',138,453),('2011-04-02 04:17:27',2,'Vanille',347,463),('2012-07-02 12:09:25',2,'Haselnuss',525,692),('2011-03-24 13:03:20',2,'Kaffee',15,265);
INSERT INTO `vote` (`date`,`ranking`,`flavour`,`uid`,`parlor_id`) VALUES ('2009-12-01 11:35:02',1,'Raffaello',252,762),('2007-06-18 09:48:10',1,'Erdbeer',810,402),('2012-09-29 08:13:39',5,'Cranberry',271,192),('2011-07-01 05:14:32',2,'Marille',4,434),('2010-09-10 22:18:58',4,'Cranberry',784,804),('2015-06-23 22:09:18',3,'Marille',19,116),('2013-02-21 18:04:35',3,'Zitrone',7,839),('2005-09-30 21:08:47',5,'Banane',930,751),('2008-05-02 16:04:39',3,'Stracciatella',873,748),('2012-06-08 23:03:30',2,'Fiocco',181,859);
INSERT INTO `vote` (`date`,`ranking`,`flavour`,`uid`,`parlor_id`) VALUES ('2012-06-06 04:22:26',4,'Malaga',406,533),('2002-06-29 15:54:54',2,'Cranberry',787,418),('2004-07-03 10:58:11',2,'Zitrone',614,133),('2005-10-30 02:03:59',5,'Zitrone',842,730),('2008-03-26 13:18:14',2,'Raffaello',952,304),('2011-12-02 11:55:51',2,'Malaga',448,35),('2011-01-28 01:06:03',2,'Fiocco',694,93),('2000-11-02 03:40:04',2,'Malaga',98,850),('2009-04-14 22:46:41',2,'Pistazie',360,937),('2012-07-08 09:21:24',2,'Nocciolone',113,360);
INSERT INTO `vote` (`date`,`ranking`,`flavour`,`uid`,`parlor_id`) VALUES ('2015-11-10 01:31:29',1,'Raffaello',232,485),('2008-09-05 08:17:27',2,'Kaffee',194,418),('2006-11-30 16:08:41',3,'Haselnuss',169,759),('2008-10-27 07:56:46',2,'Malaga',134,553),('2003-03-03 11:06:56',5,'Haselnuss',801,337),('2003-01-04 21:24:27',5,'Banane',265,576),('2014-03-29 11:53:40',4,'Erdbeer',618,535),('2013-05-17 08:53:22',5,'Haselnuss',770,535),('2007-09-26 20:56:58',1,'Cranberry',572,767),('2013-03-06 04:43:52',4,'Haselnuss',172,522);
INSERT INTO `vote` (`date`,`ranking`,`flavour`,`uid`,`parlor_id`) VALUES ('2006-05-18 11:46:08',4,'Vanille',637,230),('2003-02-02 07:09:46',5,'Cookie',10,812),('2001-01-21 12:49:16',1,'Erdbeer',996,273),('2005-01-01 08:43:56',4,'Vanille',589,659),('2001-01-22 19:14:58',1,'Haselnuss',553,573),('2003-02-09 20:21:22',5,'Stracciatella',93,991),('2011-05-28 16:22:33',2,'Marille',404,590),('2010-02-04 21:18:19',3,'Raffaello',622,310),('2011-02-07 01:13:08',1,'Nocciolone',862,540),('2013-08-23 09:13:48',3,'Banane',365,721);
INSERT INTO `vote` (`date`,`ranking`,`flavour`,`uid`,`parlor_id`) VALUES ('2013-11-30 14:24:00',2,'Fiocco',970,580),('2005-09-25 21:56:52',4,'Vanille',132,936),('2002-10-29 22:04:21',2,'Kaffee',681,90),('2012-05-25 04:46:12',1,'Nocciolone',750,43),('2000-11-07 06:20:16',1,'Haselnuss',27,387),('2006-03-31 01:49:00',2,'Cookie',71,271),('2004-10-15 14:54:15',3,'Pistazie',999,558),('2006-01-22 11:37:37',1,'Amarena',678,59),('2014-05-19 08:36:07',5,'Zitrone',650,386),('2011-10-18 00:51:54',1,'Mango-Creme',720,839);
INSERT INTO `vote` (`date`,`ranking`,`flavour`,`uid`,`parlor_id`) VALUES ('2010-12-02 07:14:15',1,'Haselnuss',974,665),('2004-07-27 15:52:53',1,'Amarena',255,723),('2010-12-16 02:30:24',4,'Fiocco',526,389),('2004-02-26 00:23:41',5,'Banane',589,521),('2002-10-20 19:41:36',5,'Cookie',559,631),('2004-12-08 13:02:31',1,'Zitrone',752,715),('2010-11-22 14:17:17',5,'Kaffee',673,275),('2002-05-02 07:02:30',2,'Nocciolone',264,937),('2006-03-30 08:19:30',3,'Raffaello',782,246),('2003-09-15 02:55:58',4,'Fiocco',117,928);
INSERT INTO `vote` (`date`,`ranking`,`flavour`,`uid`,`parlor_id`) VALUES ('2011-04-01 21:45:46',5,'Kaffee',215,479),('2005-03-24 20:57:29',4,'Fiocco',824,653),('2011-11-13 01:24:13',4,'Raffaello',912,987),('2002-01-08 01:10:45',2,'Vanille',280,622),('2008-10-26 12:51:31',1,'Raffaello',382,24),('2008-10-27 03:19:17',1,'Kaffee',967,481),('2009-02-04 21:31:51',2,'Pistazie',831,819),('2006-06-21 02:29:31',5,'Marille',19,393),('2011-04-29 04:17:48',5,'Amarena',662,481),('2004-12-01 22:46:23',5,'Pistazie',200,449);
INSERT INTO `vote` (`date`,`ranking`,`flavour`,`uid`,`parlor_id`) VALUES ('2001-06-30 12:49:24',2,'Mango-Creme',229,200),('2008-08-06 00:15:33',4,'Amarena',421,624),('2002-02-28 20:14:37',3,'Stracciatella',246,207),('2010-10-10 15:45:27',3,'Vanille',534,676),('2006-04-15 07:20:09',5,'Vanille',604,158),('2009-08-04 03:54:05',1,'Vanille',385,620),('2012-03-02 01:57:13',5,'Erdbeer',120,345),('2006-03-14 03:54:50',3,'Vanille',417,436),('2009-10-03 21:16:48',1,'Amarena',194,196),('2013-03-29 18:50:01',5,'Nocciolone',678,235);
INSERT INTO `vote` (`date`,`ranking`,`flavour`,`uid`,`parlor_id`) VALUES ('2004-08-29 13:17:19',1,'Vanille',437,486),('2007-03-03 23:30:09',2,'Cookie',193,218),('2012-11-29 14:13:49',4,'Malaga',458,765),('2013-11-28 18:01:05',3,'Raffaello',721,405),('2002-02-13 11:33:44',4,'Banane',353,906),('2005-08-28 06:34:21',5,'Haselnuss',908,72),('2011-05-23 22:02:29',5,'Kaffee',949,597),('2015-03-14 07:00:00',2,'Stracciatella',814,407),('2015-04-11 13:06:01',3,'Amarena',772,361),('2006-04-12 00:04:40',2,'Stracciatella',221,957);
INSERT INTO `vote` (`date`,`ranking`,`flavour`,`uid`,`parlor_id`) VALUES ('2014-11-10 06:39:48',4,'Vanille',326,821),('2004-02-27 07:24:21',2,'Cacao',719,591),('2005-10-04 14:05:41',2,'Mango-Creme',275,667),('2008-10-04 03:56:47',3,'Banane',243,269),('2009-05-20 00:12:55',1,'Nocciolone',927,751),('2011-01-19 15:58:00',4,'Zitrone',750,330),('2013-01-16 08:44:36',4,'Marille',817,208),('2004-06-17 00:06:48',3,'Vanille',762,653),('2009-07-21 22:29:00',1,'Erdbeer',393,756),('2009-08-27 09:35:12',4,'Mango-Creme',392,21);
INSERT INTO `vote` (`date`,`ranking`,`flavour`,`uid`,`parlor_id`) VALUES ('2009-09-14 05:55:35',4,'Raffaello',308,17),('2003-01-22 23:28:43',4,'Haselnuss',786,795),('2005-12-18 02:30:17',4,'Marille',281,198),('2010-11-29 17:46:43',5,'Kaffee',694,508),('2007-08-17 04:33:19',3,'Zitrone',963,767),('2002-12-16 19:03:07',4,'Raffaello',255,538),('2001-11-22 11:05:12',2,'Mango-Creme',208,425),('2008-07-30 20:38:35',1,'Fiocco',43,666),('2001-07-24 20:42:00',5,'Cacao',327,954),('2006-06-05 06:58:06',4,'Erdbeer',253,443);
INSERT INTO `vote` (`date`,`ranking`,`flavour`,`uid`,`parlor_id`) VALUES ('2003-01-28 17:22:08',3,'Mango-Creme',858,451),('2005-05-18 04:12:20',5,'Pistazie',99,963),('2002-12-31 16:28:45',4,'Cranberry',806,844),('2009-04-24 21:46:45',2,'Amarena',710,826),('2006-05-18 15:27:38',2,'Kaffee',865,647),('2009-09-29 06:02:29',1,'Mango-Creme',844,478),('2004-07-19 15:35:45',5,'Erdbeer',844,218),('2008-09-26 14:13:12',3,'Vanille',954,988),('2002-01-19 02:24:24',5,'Nocciolone',213,121),('2001-08-25 16:22:57',4,'Amarena',349,336);
INSERT INTO `vote` (`date`,`ranking`,`flavour`,`uid`,`parlor_id`) VALUES ('2001-04-18 10:33:12',1,'Haselnuss',386,223),('2005-12-21 03:00:21',3,'Haselnuss',281,637),('2012-02-09 04:04:14',4,'Mango-Creme',209,975),('2015-09-14 11:16:46',2,'Erdbeer',994,457),('2005-08-11 06:10:17',1,'Stracciatella',129,665),('2011-10-18 07:00:13',2,'Haselnuss',987,227),('2011-09-11 19:55:54',5,'Cookie',160,456),('2012-07-16 15:07:02',4,'Raffaello',261,345),('2008-09-30 18:37:15',4,'Pistazie',594,835),('2008-12-27 17:46:48',4,'Stracciatella',66,138);
INSERT INTO `vote` (`date`,`ranking`,`flavour`,`uid`,`parlor_id`) VALUES ('2005-12-06 02:59:13',4,'Mango-Creme',525,768),('2015-01-20 21:16:54',1,'Zitrone',320,765),('2011-06-24 06:42:06',5,'Cranberry',423,246),('2003-12-14 07:10:37',5,'Zitrone',324,536),('2011-05-05 14:39:35',5,'Nocciolone',316,765),('2014-06-06 01:47:36',5,'Raffaello',884,663),('2005-09-07 06:17:56',3,'Erdbeer',22,299),('2008-10-30 10:46:17',5,'Mango-Creme',367,329),('2004-06-11 14:49:00',4,'Cranberry',941,145),('2005-10-06 21:17:15',4,'Zitrone',670,259);
INSERT INTO `vote` (`date`,`ranking`,`flavour`,`uid`,`parlor_id`) VALUES ('2004-08-10 15:00:38',2,'Haselnuss',495,376),('2007-04-09 18:59:41',5,'Pistazie',600,948),('2011-05-06 19:08:58',4,'Raffaello',307,832),('2013-11-20 11:23:20',2,'Nocciolone',598,299),('2003-05-15 23:56:31',4,'Raffaello',239,697),('2002-02-28 16:25:09',4,'Pistazie',474,80),('2006-12-24 11:17:40',5,'Banane',800,396),('2008-04-22 07:57:43',4,'Banane',429,241),('2012-09-04 02:14:59',4,'Kaffee',923,786),('2004-02-02 07:56:53',1,'Banane',117,783);
INSERT INTO `vote` (`date`,`ranking`,`flavour`,`uid`,`parlor_id`) VALUES ('2010-11-18 21:33:46',5,'Pistazie',163,92),('2004-12-15 14:33:01',2,'Raffaello',991,75),('2001-11-11 00:50:05',4,'Haselnuss',197,747),('2010-08-29 21:12:25',4,'Raffaello',897,859),('2001-10-08 06:00:15',5,'Banane',227,551),('2003-03-05 11:02:35',1,'Kaffee',458,100),('2001-11-21 05:25:32',1,'Erdbeer',49,549),('2009-07-09 14:33:51',5,'Banane',335,580),('2006-10-02 06:01:26',5,'Raffaello',62,916),('2006-07-10 09:27:24',1,'Cookie',300,252);
INSERT INTO `vote` (`date`,`ranking`,`flavour`,`uid`,`parlor_id`) VALUES ('2011-06-02 08:42:41',1,'Stracciatella',663,70),('2004-05-09 15:52:54',4,'Zitrone',29,358),('2013-12-07 17:09:58',2,'Amarena',234,486),('2011-06-25 06:33:30',5,'Haselnuss',362,387),('2007-01-23 21:02:19',5,'Mango-Creme',477,576),('2003-12-11 09:11:29',2,'Mango-Creme',142,132),('2002-01-29 09:05:08',3,'Mango-Creme',368,579),('2000-11-11 05:56:28',2,'Fiocco',230,516),('2013-05-04 03:32:18',1,'Nocciolone',243,201),('2003-12-11 06:57:23',2,'Fiocco',406,186);
INSERT INTO `vote` (`date`,`ranking`,`flavour`,`uid`,`parlor_id`) VALUES ('2015-07-14 02:44:31',3,'Haselnuss',829,164),('2013-10-27 19:12:14',4,'Kaffee',737,3),('2005-04-19 15:56:36',1,'Mango-Creme',70,812),('2014-01-27 08:21:59',3,'Fiocco',932,365),('2000-11-17 16:41:25',5,'Banane',471,576),('2010-06-26 04:12:53',2,'Cranberry',562,475),('2005-02-10 06:16:04',2,'Zitrone',374,733),('2009-05-26 18:24:53',1,'Cacao',520,137),('2007-09-25 02:14:27',2,'Zitrone',841,450),('2007-01-25 08:45:29',2,'Cacao',380,637);
INSERT INTO `vote` (`date`,`ranking`,`flavour`,`uid`,`parlor_id`) VALUES ('2011-11-07 13:02:37',3,'Kaffee',243,337),('2014-07-26 06:44:40',5,'Cranberry',484,926),('2001-07-03 00:38:28',3,'Cacao',956,405),('2001-12-26 03:05:42',5,'Stracciatella',324,960),('2013-01-28 18:20:32',3,'Zitrone',634,759),('2005-10-10 21:42:33',1,'Cacao',575,310),('2014-10-19 02:20:40',1,'Raffaello',542,831),('2006-01-01 22:58:21',4,'Nocciolone',697,649),('2007-12-31 07:50:03',3,'Amarena',433,134),('2011-04-09 21:33:33',5,'Pistazie',417,487);
INSERT INTO `vote` (`date`,`ranking`,`flavour`,`uid`,`parlor_id`) VALUES ('2002-06-13 23:21:23',4,'Amarena',143,133),('2006-04-22 15:50:08',3,'Zitrone',831,632),('2002-01-04 03:45:11',5,'Cacao',536,25),('2013-11-13 04:35:25',3,'Marille',460,840),('2008-08-19 18:46:44',2,'Cranberry',496,573),('2003-10-21 08:34:28',4,'Fiocco',304,923),('2000-12-30 19:57:14',4,'Banane',127,506),('2009-04-17 06:34:13',5,'Pistazie',182,235),('2007-11-21 14:58:15',3,'Vanille',332,226),('2007-07-18 07:41:04',3,'Cookie',400,610);
INSERT INTO `vote` (`date`,`ranking`,`flavour`,`uid`,`parlor_id`) VALUES ('2008-02-29 19:02:27',1,'Malaga',754,461),('2006-04-06 18:53:04',1,'Fiocco',406,466),('2006-04-08 06:14:40',4,'Raffaello',575,664),('2001-04-01 02:59:21',4,'Cacao',666,799),('2000-10-12 12:12:09',5,'Amarena',579,436),('2014-03-04 02:28:44',4,'Kaffee',765,921),('2011-04-29 11:14:17',2,'Banane',33,154),('2011-06-07 04:26:11',3,'Zitrone',568,680),('2003-04-01 06:27:50',3,'Amarena',898,735),('2012-06-09 12:33:29',5,'Amarena',547,994);
INSERT INTO `vote` (`date`,`ranking`,`flavour`,`uid`,`parlor_id`) VALUES ('2001-01-19 23:08:05',5,'Fiocco',155,37),('2005-08-20 16:28:57',3,'Cacao',966,426),('2007-08-09 22:51:02',4,'Cookie',586,987),('2000-09-24 07:43:41',2,'Banane',501,451),('2012-07-05 21:46:48',1,'Amarena',741,716),('2002-05-06 22:28:43',5,'Fiocco',105,70),('2003-02-09 07:11:52',3,'Kaffee',79,497),('2012-10-14 22:23:20',2,'Amarena',396,767),('2001-05-30 09:03:12',1,'Banane',387,384),('2005-08-18 03:54:37',2,'Fiocco',381,653);
INSERT INTO `vote` (`date`,`ranking`,`flavour`,`uid`,`parlor_id`) VALUES ('2011-03-01 04:38:44',1,'Cacao',311,443),('2013-01-30 08:30:30',3,'Cookie',184,429),('2008-10-26 09:34:10',3,'Haselnuss',19,649),('2014-08-03 06:53:58',3,'Cookie',750,753),('2014-04-26 16:33:48',3,'Haselnuss',812,305),('2008-03-14 06:07:38',1,'Pistazie',955,222),('2014-12-12 08:30:27',4,'Stracciatella',883,235),('2001-12-21 23:17:39',3,'Stracciatella',630,679),('2012-05-01 16:18:41',1,'Amarena',105,854),('2006-06-13 07:57:13',4,'Erdbeer',641,580);
INSERT INTO `vote` (`date`,`ranking`,`flavour`,`uid`,`parlor_id`) VALUES ('2012-10-16 04:43:42',2,'Cranberry',297,195),('2011-06-10 17:29:50',1,'Pistazie',579,43),('2007-03-09 06:44:36',4,'Malaga',128,651),('2003-05-07 21:36:05',5,'Banane',893,172),('2015-06-30 11:55:09',2,'Malaga',470,793),('2015-06-17 03:58:06',4,'Cranberry',904,463),('2001-07-27 09:34:23',3,'Stracciatella',365,659),('2012-12-30 06:19:23',1,'Pistazie',992,996),('2012-01-11 12:04:04',3,'Raffaello',220,454),('2015-03-14 14:14:28',4,'Zitrone',241,726);
INSERT INTO `vote` (`date`,`ranking`,`flavour`,`uid`,`parlor_id`) VALUES ('2001-09-05 02:33:29',1,'Amarena',455,206),('2010-03-02 12:04:23',4,'Kaffee',760,245),('2011-08-08 12:06:22',2,'Banane',894,158),('2014-11-11 00:55:20',4,'Fiocco',126,307),('2010-05-22 22:43:05',4,'Mango-Creme',719,389),('2003-03-28 16:03:27',5,'Nocciolone',813,840),('2003-05-27 12:58:30',4,'Vanille',706,771),('2004-01-08 07:57:56',1,'Fiocco',343,181),('2008-09-02 18:59:00',3,'Mango-Creme',239,407),('2001-02-14 12:31:48',5,'Cranberry',35,163);
INSERT INTO `vote` (`date`,`ranking`,`flavour`,`uid`,`parlor_id`) VALUES ('2006-02-19 00:51:46',4,'Kaffee',219,985),('2008-04-18 04:47:34',4,'Raffaello',241,275),('2003-10-13 07:16:07',3,'Stracciatella',115,528),('2001-03-16 02:37:49',4,'Nocciolone',128,554),('2001-09-29 20:36:16',5,'Pistazie',401,563),('2014-04-09 16:46:41',4,'Cranberry',276,236),('2006-04-13 22:29:19',4,'Raffaello',313,720),('2011-06-29 10:43:27',2,'Mango-Creme',367,244),('2014-11-02 19:27:01',5,'Zitrone',992,270),('2013-08-04 02:52:29',3,'Marille',473,100);
INSERT INTO `vote` (`date`,`ranking`,`flavour`,`uid`,`parlor_id`) VALUES ('2007-07-25 20:06:36',2,'Malaga',768,931),('2001-03-21 02:17:49',2,'Banane',768,82),('2001-04-22 18:12:16',3,'Fiocco',796,975),('2001-04-27 13:00:10',4,'Zitrone',937,322),('2014-04-04 16:32:01',2,'Mango-Creme',744,244),('2012-03-31 08:04:04',5,'Kaffee',463,697),('2008-05-24 09:15:47',4,'Vanille',235,742),('2008-11-17 21:43:07',4,'Erdbeer',334,754),('2003-03-05 10:31:07',2,'Malaga',178,468),('2000-11-19 22:13:54',1,'Cacao',311,399);
INSERT INTO `vote` (`date`,`ranking`,`flavour`,`uid`,`parlor_id`) VALUES ('2010-04-13 18:27:28',2,'Kaffee',324,523),('2002-04-10 18:22:14',5,'Raffaello',19,706),('2002-08-06 22:06:30',4,'Raffaello',601,15),('2010-10-01 16:58:39',1,'Banane',86,804),('2014-05-10 17:52:51',2,'Nocciolone',122,749),('2009-02-03 20:42:59',5,'Malaga',834,641),('2004-05-12 06:26:32',1,'Cranberry',9,420),('2012-04-04 23:07:18',5,'Stracciatella',126,963),('2013-09-10 11:34:17',3,'Mango-Creme',96,707),('2015-09-16 14:10:32',2,'Banane',765,573);
INSERT INTO `vote` (`date`,`ranking`,`flavour`,`uid`,`parlor_id`) VALUES ('2001-03-23 00:15:47',5,'Malaga',230,95),('2011-09-30 15:17:51',1,'Banane',185,441),('2001-03-11 12:16:34',3,'Amarena',611,263),('2013-02-16 18:30:17',2,'Zitrone',626,459),('2013-03-23 13:46:22',3,'Fiocco',981,140),('2014-03-17 05:44:06',1,'Fiocco',761,853),('2004-08-25 12:50:47',3,'Haselnuss',136,3),('2011-01-23 18:45:47',4,'Haselnuss',637,337),('2012-04-26 23:52:02',1,'Cookie',445,841),('2003-09-15 15:01:23',4,'Haselnuss',684,366);
INSERT INTO `vote` (`date`,`ranking`,`flavour`,`uid`,`parlor_id`) VALUES ('2000-11-16 00:17:54',1,'Marille',634,540),('2005-04-07 00:44:58',5,'Cranberry',667,979),('2008-03-06 22:57:06',3,'Mango-Creme',933,407),('2012-05-17 22:43:12',4,'Zitrone',826,610),('2012-02-23 23:28:56',4,'Amarena',257,112),('2011-01-05 05:18:16',1,'Cookie',513,316),('2010-08-03 17:06:07',2,'Zitrone',669,562),('2006-03-05 05:36:21',4,'Malaga',340,315),('2015-01-04 08:55:13',3,'Pistazie',610,142),('2002-05-24 23:17:51',2,'Amarena',136,600);
INSERT INTO `vote` (`date`,`ranking`,`flavour`,`uid`,`parlor_id`) VALUES ('2010-11-18 10:16:21',2,'Fiocco',339,847),('2012-12-23 18:06:19',3,'Kaffee',718,839),('2001-02-27 03:51:18',1,'Zitrone',869,298),('2007-02-10 07:27:33',4,'Nocciolone',564,77),('2005-09-26 20:39:17',3,'Amarena',680,400),('2006-05-08 12:12:55',1,'Cranberry',69,237),('2004-04-10 22:48:55',3,'Amarena',269,908),('2009-12-14 04:13:25',3,'Haselnuss',32,984),('2004-11-18 18:41:35',1,'Nocciolone',609,584),('2001-07-02 08:44:43',3,'Raffaello',508,949);
INSERT INTO `vote` (`date`,`ranking`,`flavour`,`uid`,`parlor_id`) VALUES ('2013-12-10 07:23:18',5,'Cacao',804,375),('2000-12-20 20:21:37',4,'Erdbeer',751,753),('2004-05-06 09:46:14',5,'Cookie',668,547),('2005-03-26 09:13:43',4,'Nocciolone',564,48),('2013-10-17 10:54:51',4,'Banane',809,703),('2008-06-09 19:17:06',4,'Kaffee',625,588),('2010-06-12 05:13:01',1,'Mango-Creme',752,782),('2013-06-28 19:26:33',1,'Cacao',680,736),('2015-06-21 08:28:26',2,'Cookie',33,848),('2011-05-11 02:24:41',1,'Vanille',944,601);
INSERT INTO `vote` (`date`,`ranking`,`flavour`,`uid`,`parlor_id`) VALUES ('2013-11-18 06:14:26',5,'Nocciolone',1000,290),('2012-11-02 08:08:20',1,'Cacao',465,646),('2001-03-12 06:29:12',3,'Zitrone',866,94),('2015-09-25 11:40:51',3,'Nocciolone',81,504),('2002-05-23 21:28:10',4,'Pistazie',643,663),('2002-06-01 18:36:19',4,'Haselnuss',83,295),('2002-11-04 18:07:00',4,'Fiocco',988,595),('2009-06-20 08:16:48',3,'Cranberry',824,423),('2006-04-09 02:38:36',3,'Malaga',506,138),('2013-04-18 16:26:29',1,'Pistazie',88,441);
INSERT INTO `vote` (`date`,`ranking`,`flavour`,`uid`,`parlor_id`) VALUES ('2000-11-05 08:01:51',4,'Amarena',131,135),('2004-04-03 18:28:12',5,'Haselnuss',363,80),('2006-02-02 14:42:47',1,'Banane',40,182),('2000-12-30 14:23:44',4,'Erdbeer',330,71),('2011-06-21 14:43:50',2,'Vanille',260,384),('2008-11-26 18:18:53',5,'Zitrone',673,449),('2008-11-23 09:12:09',5,'Marille',809,713),('2003-08-21 21:46:13',2,'Nocciolone',170,629),('2013-11-04 17:35:10',3,'Erdbeer',550,628),('2012-01-27 03:22:35',1,'Banane',914,451);
INSERT INTO `vote` (`date`,`ranking`,`flavour`,`uid`,`parlor_id`) VALUES ('2014-02-05 02:40:52',1,'Vanille',190,644),('2005-02-13 02:51:52',1,'Stracciatella',453,397),('2003-07-18 13:40:18',5,'Erdbeer',117,246),('2011-06-18 08:19:10',5,'Mango-Creme',119,868),('2010-08-24 21:08:53',2,'Nocciolone',186,580),('2006-07-30 03:31:30',2,'Cacao',798,391),('2001-06-11 15:24:24',3,'Nocciolone',779,780),('2011-07-29 19:28:04',3,'Malaga',979,513),('2005-05-07 15:37:24',2,'Cranberry',322,178),('2002-01-31 07:55:23',4,'Mango-Creme',618,467);
INSERT INTO `vote` (`date`,`ranking`,`flavour`,`uid`,`parlor_id`) VALUES ('2000-10-18 13:39:25',2,'Banane',569,965),('2008-04-27 03:20:50',5,'Marille',678,774),('2010-12-29 04:57:41',1,'Banane',681,594),('2009-11-02 18:25:01',3,'Fiocco',938,916),('2008-03-17 01:37:24',5,'Amarena',137,482),('2002-04-17 18:41:46',5,'Marille',2,189),('2004-09-17 13:59:22',1,'Marille',755,66),('2001-07-02 09:32:54',4,'Mango-Creme',866,689),('2003-04-29 10:43:53',4,'Kaffee',942,726),('2006-05-21 12:15:22',3,'Stracciatella',179,197);
INSERT INTO `vote` (`date`,`ranking`,`flavour`,`uid`,`parlor_id`) VALUES ('2014-03-15 23:08:50',4,'Marille',681,785),('2007-01-25 00:04:07',4,'Haselnuss',817,671),('2004-12-18 04:04:05',1,'Cacao',725,640),('2005-12-28 01:51:12',3,'Vanille',86,518),('2008-04-14 02:53:02',2,'Banane',268,271),('2005-12-23 19:33:16',1,'Cranberry',745,273),('2014-12-30 05:33:03',2,'Pistazie',423,186),('2015-02-28 12:03:01',2,'Banane',386,845),('2005-02-28 04:05:40',3,'Amarena',116,580),('2003-10-03 05:39:00',3,'Mango-Creme',948,844);
INSERT INTO `vote` (`date`,`ranking`,`flavour`,`uid`,`parlor_id`) VALUES ('2008-10-09 13:04:40',1,'Marille',927,852),('2005-12-14 22:09:55',1,'Nocciolone',283,479),('2003-09-01 14:44:49',5,'Cranberry',844,327),('2008-05-30 03:33:19',3,'Cacao',94,451),('2005-01-08 03:24:51',2,'Fiocco',201,923),('2001-05-04 11:46:19',4,'Nocciolone',654,681),('2005-08-29 14:46:57',5,'Malaga',606,578),('2009-03-11 12:55:38',2,'Zitrone',730,914),('2002-08-23 00:34:29',2,'Erdbeer',82,113),('2002-07-12 23:26:52',4,'Raffaello',558,14);
INSERT INTO `vote` (`date`,`ranking`,`flavour`,`uid`,`parlor_id`) VALUES ('2014-07-09 11:23:13',4,'Marille',594,661),('2001-07-28 16:05:05',3,'Vanille',173,209),('2003-05-26 14:38:35',4,'Kaffee',129,416),('2003-02-06 12:51:52',5,'Cookie',801,271),('2009-05-28 05:53:53',5,'Pistazie',302,393),('2011-05-31 07:14:42',1,'Cacao',904,847),('2007-07-06 01:56:43',1,'Zitrone',289,738),('2000-09-12 21:36:55',3,'Marille',954,566),('2013-07-29 04:47:25',1,'Kaffee',923,314),('2012-09-17 20:32:03',5,'Mango-Creme',638,293);
INSERT INTO `vote` (`date`,`ranking`,`flavour`,`uid`,`parlor_id`) VALUES ('2006-02-28 04:24:19',2,'Raffaello',167,29),('2009-06-06 19:50:57',3,'Mango-Creme',367,301),('2007-08-20 16:49:19',3,'Raffaello',590,715),('2015-07-15 19:44:58',3,'Haselnuss',794,904),('2003-04-21 21:44:40',2,'Cookie',867,473),('2001-02-02 16:37:48',1,'Cookie',77,522),('2006-12-23 05:46:16',1,'Pistazie',815,311),('2005-12-08 14:08:11',3,'Haselnuss',314,127),('2005-03-01 01:34:55',1,'Banane',653,196),('2007-10-03 01:53:08',1,'Banane',867,611);
INSERT INTO `vote` (`date`,`ranking`,`flavour`,`uid`,`parlor_id`) VALUES ('2009-03-28 01:30:14',3,'Kaffee',93,934),('2014-05-02 07:15:43',5,'Amarena',310,442),('2003-04-08 00:30:34',1,'Raffaello',931,161),('2004-06-20 06:24:05',2,'Cacao',653,962),('2002-10-24 21:14:34',2,'Kaffee',786,435),('2013-05-01 20:03:38',4,'Zitrone',491,665),('2006-09-19 15:32:18',5,'Marille',993,152),('2013-01-17 04:33:54',1,'Stracciatella',155,760),('2013-08-21 18:29:13',1,'Banane',808,270),('2005-11-13 08:20:33',1,'Cacao',927,376);
INSERT INTO `vote` (`date`,`ranking`,`flavour`,`uid`,`parlor_id`) VALUES ('2003-10-01 15:16:08',1,'Erdbeer',801,761),('2007-07-08 06:24:53',3,'Kaffee',405,466),('2013-03-29 16:31:52',1,'Erdbeer',822,892),('2004-01-23 07:36:11',4,'Kaffee',294,510),('2002-02-03 14:25:01',3,'Stracciatella',407,543),('2012-02-05 21:50:20',4,'Banane',228,374),('2005-11-01 20:33:09',3,'Fiocco',722,627),('2002-12-31 18:22:32',5,'Malaga',183,80),('2012-03-28 16:16:22',2,'Fiocco',543,631),('2004-08-23 21:28:07',2,'Kaffee',456,108);
INSERT INTO `vote` (`date`,`ranking`,`flavour`,`uid`,`parlor_id`) VALUES ('2000-10-16 03:42:03',5,'Cranberry',66,119),('2010-08-27 08:23:55',3,'Erdbeer',202,647),('2000-11-22 21:09:21',3,'Cookie',151,87),('2007-12-25 03:18:09',5,'Kaffee',158,285),('2009-12-18 01:57:57',1,'Haselnuss',587,899),('2000-12-29 09:47:19',4,'Mango-Creme',270,437),('2005-04-17 07:27:47',3,'Nocciolone',573,60),('2015-12-05 02:13:56',4,'Amarena',402,246),('2007-03-26 02:08:52',4,'Pistazie',799,623),('2009-07-02 07:23:59',4,'Pistazie',449,160);
INSERT INTO `vote` (`date`,`ranking`,`flavour`,`uid`,`parlor_id`) VALUES ('2013-11-16 21:52:48',2,'Pistazie',687,481),('2006-05-27 16:45:54',4,'Vanille',649,707),('2012-05-17 04:53:00',4,'Nocciolone',808,306),('2001-10-03 11:34:25',5,'Marille',146,779),('2004-05-15 02:40:11',5,'Haselnuss',33,961),('2009-09-20 21:20:06',3,'Malaga',583,589),('2002-06-11 12:58:24',5,'Haselnuss',751,791),('2008-11-19 06:50:29',4,'Pistazie',23,388),('2005-06-10 22:23:27',1,'Mango-Creme',338,127),('2014-11-10 19:21:22',5,'Marille',5,546);
INSERT INTO `vote` (`date`,`ranking`,`flavour`,`uid`,`parlor_id`) VALUES ('2006-02-19 17:13:21',4,'Marille',377,982),('2003-08-09 14:27:13',5,'Banane',372,663),('2005-11-28 05:50:22',2,'Raffaello',848,340),('2001-04-16 16:53:22',1,'Banane',795,611),('2009-06-25 12:36:14',5,'Raffaello',531,443),('2010-09-22 23:07:33',1,'Marille',877,530),('2005-12-04 20:38:42',4,'Cacao',612,178),('2010-04-19 23:29:19',4,'Marille',800,490),('2011-04-06 11:29:50',4,'Nocciolone',744,74),('2010-12-20 11:58:53',5,'Erdbeer',683,471);
INSERT INTO `vote` (`date`,`ranking`,`flavour`,`uid`,`parlor_id`) VALUES ('2006-02-06 14:12:31',5,'Amarena',736,240),('2004-04-18 04:53:27',2,'Stracciatella',860,388),('2010-01-15 00:13:49',4,'Haselnuss',123,781),('2006-06-27 13:16:23',5,'Marille',100,59),('2007-02-11 01:05:08',5,'Erdbeer',760,269),('2010-10-13 09:34:42',2,'Nocciolone',826,206),('2014-03-29 11:54:14',2,'Stracciatella',122,278),('2010-10-27 12:28:21',5,'Malaga',754,893),('2005-12-13 01:58:25',5,'Zitrone',185,936),('2014-11-20 08:49:17',3,'Haselnuss',301,72);
INSERT INTO `vote` (`date`,`ranking`,`flavour`,`uid`,`parlor_id`) VALUES ('2008-02-13 21:05:33',3,'Cranberry',351,384),('2006-04-04 23:50:47',1,'Vanille',121,655),('2007-03-23 09:26:02',2,'Haselnuss',224,645),('2006-01-11 17:58:10',3,'Zitrone',918,73),('2010-04-15 07:25:39',2,'Kaffee',260,955),('2003-11-16 03:14:50',5,'Cranberry',449,133),('2006-07-14 08:33:37',2,'Banane',955,276),('2015-04-05 05:07:51',4,'Fiocco',120,304),('2006-10-21 15:12:21',5,'Amarena',318,75),('2005-02-26 07:31:43',5,'Mango-Creme',713,884);
INSERT INTO `vote` (`date`,`ranking`,`flavour`,`uid`,`parlor_id`) VALUES ('2008-06-30 15:14:57',5,'Raffaello',357,167),('2015-12-23 20:54:20',4,'Pistazie',417,673),('2012-04-04 11:36:08',4,'Mango-Creme',814,88),('2000-12-25 18:53:12',2,'Mango-Creme',513,174),('2012-11-25 22:58:49',2,'Amarena',63,491),('2012-07-04 22:08:15',1,'Vanille',492,488),('2003-11-09 09:46:33',4,'Cacao',489,613),('2012-07-31 22:18:22',5,'Cranberry',721,199),('2014-04-17 00:33:00',1,'Stracciatella',139,51),('2006-12-09 19:03:41',3,'Amarena',759,382);
INSERT INTO `vote` (`date`,`ranking`,`flavour`,`uid`,`parlor_id`) VALUES ('2001-04-25 22:23:18',4,'Zitrone',46,497),('2000-08-11 13:09:18',2,'Malaga',666,173),('2009-05-04 16:41:10',4,'Vanille',1,540),('2003-03-29 02:38:38',2,'Stracciatella',420,755),('2004-09-11 18:25:39',5,'Amarena',69,387),('2004-08-08 14:33:54',3,'Banane',551,218),('2003-07-26 20:14:04',4,'Stracciatella',933,520),('2010-11-21 05:55:44',5,'Haselnuss',237,92),('2001-02-07 15:11:56',4,'Raffaello',710,560),('2005-04-19 11:36:11',5,'Cookie',826,896);
INSERT INTO `vote` (`date`,`ranking`,`flavour`,`uid`,`parlor_id`) VALUES ('2004-11-06 03:36:16',4,'Fiocco',498,347),('2007-02-17 10:51:28',4,'Kaffee',674,572),('2011-08-12 02:49:45',4,'Pistazie',85,715),('2009-12-29 20:05:36',3,'Nocciolone',176,922),('2010-06-10 09:57:46',4,'Fiocco',324,916),('2007-04-28 21:37:49',3,'Marille',143,919),('2012-11-11 12:07:53',4,'Cranberry',184,446),('2007-03-23 15:54:17',3,'Erdbeer',922,195),('2007-12-07 12:42:08',1,'Fiocco',503,139),('2005-04-01 13:22:39',4,'Vanille',885,991);
INSERT INTO `vote` (`date`,`ranking`,`flavour`,`uid`,`parlor_id`) VALUES ('2002-12-19 20:22:33',3,'Mango-Creme',284,240),('2011-09-08 11:31:42',1,'Cacao',248,432),('2013-03-24 06:49:13',2,'Stracciatella',208,687),('2015-04-08 20:29:38',3,'Kaffee',235,886),('2005-06-07 13:20:04',4,'Vanille',835,571),('2004-04-01 15:04:53',5,'Vanille',849,390),('2013-08-01 08:57:02',5,'Amarena',776,112),('2005-07-03 08:46:28',4,'Vanille',178,593),('2010-04-07 10:17:45',2,'Kaffee',241,862),('2014-09-26 08:56:21',4,'Pistazie',978,186);
INSERT INTO `vote` (`date`,`ranking`,`flavour`,`uid`,`parlor_id`) VALUES ('2007-07-16 13:06:26',3,'Banane',425,768),('2001-12-26 01:22:59',2,'Nocciolone',142,750),('2002-11-09 18:31:58',4,'Nocciolone',407,991),('2003-12-17 15:49:14',4,'Zitrone',747,23),('2014-11-10 08:39:39',4,'Banane',822,707),('2005-06-10 01:15:03',3,'Mango-Creme',976,732),('2013-08-02 00:36:05',4,'Nocciolone',426,758),('2013-12-04 07:42:59',2,'Nocciolone',402,359),('2003-05-11 17:03:55',4,'Raffaello',466,729),('2009-07-05 19:06:25',5,'Mango-Creme',497,691);
INSERT INTO `vote` (`date`,`ranking`,`flavour`,`uid`,`parlor_id`) VALUES ('2003-07-19 18:16:11',2,'Zitrone',910,646),('2014-05-01 02:00:53',5,'Nocciolone',349,320),('2008-10-22 11:37:52',5,'Pistazie',732,396),('2005-08-07 19:21:39',2,'Cookie',314,199),('2005-06-18 18:40:35',2,'Vanille',394,302),('2002-04-06 20:19:16',4,'Mango-Creme',839,729),('2008-08-18 05:58:31',4,'Fiocco',414,332),('2000-10-24 06:02:54',1,'Nocciolone',840,489),('2004-07-02 05:15:45',3,'Amarena',523,824),('2006-09-29 11:48:54',5,'Zitrone',928,688);
INSERT INTO `vote` (`date`,`ranking`,`flavour`,`uid`,`parlor_id`) VALUES ('2009-03-15 13:16:10',4,'Amarena',872,734),('2006-03-08 14:22:43',4,'Cacao',484,380),('2006-12-04 00:48:20',2,'Pistazie',276,791),('2004-10-04 16:47:57',4,'Nocciolone',859,752),('2015-07-31 13:19:16',4,'Pistazie',470,83),('2005-06-07 13:56:17',5,'Amarena',824,473),('2006-10-04 11:55:25',5,'Nocciolone',280,744),('2015-04-26 12:58:03',4,'Mango-Creme',283,672),('2013-02-03 00:55:58',4,'Amarena',648,839),('2015-10-09 09:42:57',4,'Amarena',162,548);
INSERT INTO `vote` (`date`,`ranking`,`flavour`,`uid`,`parlor_id`) VALUES ('2014-01-25 21:57:45',4,'Cranberry',788,496),('2007-12-08 20:11:11',4,'Vanille',479,593),('2003-05-02 21:33:08',5,'Stracciatella',934,30),('2015-09-04 07:48:31',1,'Pistazie',690,816),('2010-09-21 01:42:01',3,'Mango-Creme',378,789),('2006-08-21 01:00:13',5,'Marille',637,37),('2007-07-11 00:02:36',1,'Kaffee',382,217),('2007-01-15 01:29:27',5,'Kaffee',180,329),('2009-03-05 22:37:15',3,'Mango-Creme',616,9),('2005-11-23 09:51:59',4,'Erdbeer',514,450);
INSERT INTO `vote` (`date`,`ranking`,`flavour`,`uid`,`parlor_id`) VALUES ('2004-04-21 21:34:18',3,'Zitrone',449,426),('2010-03-18 20:25:45',3,'Cacao',885,279),('2010-07-22 02:02:18',2,'Fiocco',159,400),('2012-01-14 12:52:07',4,'Cookie',620,561),('2014-08-30 03:43:49',4,'Fiocco',190,76),('2002-07-11 17:54:11',4,'Cacao',27,984),('2012-04-23 03:05:03',1,'Zitrone',769,88),('2013-03-23 23:19:45',3,'Amarena',84,268),('2015-08-02 20:52:17',3,'Marille',155,108),('2003-10-02 06:09:23',5,'Stracciatella',220,159);
INSERT INTO `vote` (`date`,`ranking`,`flavour`,`uid`,`parlor_id`) VALUES ('2004-07-18 07:26:10',4,'Vanille',127,776),('2008-01-19 06:49:34',1,'Mango-Creme',327,3),('2008-03-12 05:23:34',5,'Marille',397,831),('2008-12-08 06:37:31',2,'Kaffee',480,503),('2004-10-26 15:17:08',4,'Zitrone',74,793),('2007-07-16 11:57:25',4,'Raffaello',823,289),('2009-03-20 21:01:06',2,'Haselnuss',661,889),('2002-01-04 11:17:56',1,'Banane',769,657),('2000-11-05 23:40:12',5,'Cookie',203,717),('2001-04-11 01:24:16',4,'Zitrone',941,159);
INSERT INTO `vote` (`date`,`ranking`,`flavour`,`uid`,`parlor_id`) VALUES ('2003-09-24 06:00:47',2,'Amarena',655,726),('2008-03-04 07:01:15',4,'Erdbeer',439,412),('2007-01-01 12:54:39',4,'Vanille',506,192),('2002-10-09 04:40:03',2,'Stracciatella',53,42),('2006-04-08 13:47:58',5,'Malaga',682,789),('2015-10-05 22:22:18',4,'Cookie',886,860),('2006-10-31 09:05:50',1,'Banane',680,132),('2004-07-18 08:26:26',4,'Marille',432,563),('2008-01-19 13:11:18',2,'Marille',394,503),('2009-03-09 01:08:41',4,'Cacao',133,189);
